#pragma once

#include <Arduino.h>

// Genera' dai PNG PixelLab con nearest-neighbour: bordi neti anche a misura piu' granda.
// Uno stato della mascotte, un set: el firmware sceglie in base al stato del monitor.
constexpr uint8_t STATUS_ICON_WIDTH = 48;
constexpr uint8_t STATUS_ICON_HEIGHT = 48;
constexpr uint16_t STATUS_ICON_TRANSPARENT = 0x0001;

constexpr uint8_t STATUS_LIVE_FRAME_COUNT = 5;
const uint16_t STATUS_LIVE_FRAMES[STATUS_LIVE_FRAME_COUNT]
                                 [STATUS_ICON_WIDTH * STATUS_ICON_HEIGHT] PROGMEM = {
  {
    0x0001, 0x0001, 0x0001, 0x0001, 0x0001, 0x0001, 0x0001, 0x0001, 0x0001, 0x0001, 0x0001, 0x0001, 0x0001, 0x0001, 0x0001, 0x0001,
    0x0001, 0x0001, 0x0001, 0x0001, 0x0001, 0x0001, 0x0001, 0x0001, 0x0001, 0x0001, 0x0001, 0x0001, 0x0001, 0x0001, 0x0001, 0x0001,
    0x0001, 0x0001, 0x0001, 0x0001, 0x0001, 0x0001, 0x0001, 0x0001, 0x0001, 0x0001, 0x0001, 0x0001, 0x0001, 0x0001, 0x0001, 0x0001,
    0x0001, 0x0001, 0x0001, 0x0001, 0x0001, 0x0001, 0x0001, 0x0001, 0x0001, 0x0001, 0x0001, 0x0001, 0x0001, 0x0001, 0x0001, 0x0001,
    0x0001, 0x0001, 0x0001, 0x0001, 0x0001, 0x0001, 0x0001, 0x0001, 0x0001, 0x0001, 0x0001, 0x0001, 0x0001, 0x0001, 0x0001, 0x0001,
    0x0001, 0x0001, 0x0001, 0x0001, 0x0001, 0x0001, 0x0001, 0x0001, 0x0001, 0x0001, 0x0001, 0x0001, 0x0001, 0x0001, 0x0001, 0x0001,
    0x0001, 0x0001, 0x0001, 0x0001, 0x0001, 0x0001, 0x0001, 0x0001, 0x0001, 0x0001, 0x0001, 0x0001, 0x0001, 0x0001, 0x0001, 0x0000,
    0x0000, 0x0000, 0x0001, 0x0001, 0x0001, 0x0001, 0x0001, 0x0001, 0x0001, 0x0001, 0x0001, 0x0001, 0x0001, 0x0001, 0x0000, 0x0000,
    0x0000, 0x0001, 0x0001, 0x0001, 0x0001, 0x0001, 0x0001, 0x0001, 0x0001, 0x0001, 0x0001, 0x0001, 0x0001, 0x0001, 0x0001, 0x0001,
    0x0001, 0x0001, 0x0001, 0x0001, 0x0001, 0x0001, 0x0001, 0x0001, 0x0001, 0x0001, 0x0001, 0x0001, 0x0001, 0x0001, 0x0000, 0xAE9F,
    0xAE9F, 0xAE9F, 0x0000, 0x0000, 0x0001, 0x0001, 0x0001, 0x0001, 0x0001, 0x0001, 0x0001, 0x0001, 0x0001, 0x0000, 0xAE9F, 0xAE9F,
    0xAE9F, 0x0000, 0x0000, 0x0001, 0x0001, 0x0001, 0x0001, 0x0001, 0x0001, 0x0001, 0x0001, 0x0001, 0x0001, 0x0001, 0x0001, 0x0001,
    0x0001, 0x0001, 0x0001, 0x0001, 0x0001, 0x0001, 0x0001, 0x0001, 0x0001, 0x0001, 0x0001, 0x0001, 0x0001, 0x0001, 0x0000, 0xAE9F,
    0xAE9F, 0xAE9F, 0x0000, 0x0000, 0x0001, 0x0001, 0x0001, 0x0001, 0x0001, 0x0001, 0x0001, 0x0001, 0x0001, 0x0000, 0xAE9F, 0xAE9F,
    0xAE9F, 0x0000, 0x0000, 0x0001, 0x0001, 0x0001, 0x0001, 0x0001, 0x0001, 0x0001, 0x0001, 0x0001, 0x0001, 0x0001, 0x0001, 0x0001,
    0x0001, 0x0001, 0x0001, 0x0001, 0x0001, 0x0001, 0x0001, 0x0001, 0x0001, 0x0001, 0x0001, 0x0001, 0x0001, 0x0001, 0x0000, 0x496A,
    0x496A, 0xB98F, 0x0000, 0x0000, 0x0001, 0x0001, 0x0001, 0x0001, 0x0001, 0x0001, 0x0001, 0x0001, 0x0001, 0x0000, 0x6359, 0x6359,
    0x9491, 0x0000, 0x0000, 0x0001, 0x0001, 0x0001, 0x0001, 0x0001, 0x0001, 0x0001, 0x0001, 0x0001, 0x0001, 0x0001, 0x0001, 0x0001,
    0x0001, 0x0001, 0x0001, 0x0001, 0x0001, 0x0001, 0x0001, 0x0001, 0x0001, 0x0001, 0x0001, 0x0001, 0x0001, 0x0001, 0x0001, 0x0001,
    0x0001, 0x0000, 0x6379, 0x6379, 0x0000, 0x0000, 0x0000, 0x0000, 0x0000, 0x0000, 0x0000, 0x0000, 0x0000, 0x6359, 0x0000, 0x0000,
    0x0001, 0x0001, 0x0001, 0x0001, 0x0001, 0x0001, 0x0001, 0x0001, 0x0001, 0x0001, 0x0001, 0x0001, 0x0001, 0x0001, 0x0001, 0x0001,
    0x0001, 0x0001, 0x0001, 0x0001, 0x0001, 0x0001, 0x0001, 0x0001, 0x0001, 0x0001, 0x0001, 0x0001, 0x0001, 0x0001, 0x0001, 0x0001,
    0x0001, 0x0000, 0x6379, 0x6379, 0x0000, 0x0000, 0x0000, 0x0000, 0x0000, 0x0000, 0x0000, 0x0000, 0x0000, 0x6359, 0x0000, 0x0000,
    0x0001, 0x0001, 0x0001, 0x0001, 0x0001, 0x0001, 0x0001, 0x0001, 0x0001, 0x0001, 0x0001, 0x0001, 0x0001, 0x0001, 0x0001, 0x0001,
    0x0001, 0x0001, 0x0001, 0x0001, 0x0001, 0x0001, 0x0001, 0x0001, 0x0001, 0x0001, 0x0001, 0x0001, 0x0001, 0x0001, 0x0001, 0x0001,
    0x0001, 0x0000, 0x0000, 0x0000, 0xF345, 0xF344, 0xF344, 0xEB45, 0xF345, 0xF345, 0xF345, 0xF344, 0xF344, 0x0000, 0x0000, 0x0000,
    0x0001, 0x0001, 0x0001, 0x0001, 0x0001, 0x0001, 0x0001, 0x0001, 0x0001, 0x0001, 0x0001, 0x0001, 0x0001, 0x0001, 0x0001, 0x0001,
    0x0001, 0x0001, 0x0001, 0x0001, 0x0001, 0x0001, 0x0001, 0x0001, 0x0001, 0x0001, 0x0001, 0x0001, 0x0001, 0x0001, 0x0001, 0x0000,
    0x0000, 0xD164, 0x0000, 0x0000, 0xF344, 0xFC6B, 0xFC6B, 0xEBE8, 0xF345, 0xF345, 0xF281, 0xE23E, 0xE23E, 0xD189, 0x07E0, 0x07E0,
    0x2E9B, 0x0001, 0x0001, 0x0001, 0x0001, 0x0001, 0x0001, 0x0001, 0x0001, 0x0001, 0x0001, 0x0001, 0x0001, 0x0001, 0x0001, 0x0001,
    0x0001, 0x0001, 0x0001, 0x0001, 0x0001, 0x0001, 0x0001, 0x0001, 0x0001, 0x0001, 0x0001, 0x0001, 0x0001, 0x0001, 0x0001, 0x0000,
    0x0000, 0xD164, 0x0000, 0x0000, 0xF344, 0xFC6B, 0xFC6B, 0xEBE8, 0xF345, 0xF345, 0xF281, 0xE23E, 0xE23E, 0xD189, 0x07E0, 0x07E0,
    0x2E9B, 0x0001, 0x0001, 0x0001, 0x0001, 0x0001, 0x0001, 0x0001, 0x0001, 0x0001, 0x0001, 0x0001, 0x0001, 0x0001, 0x0001, 0x0001,
    0x0001, 0x0001, 0x0001, 0x0001, 0x0001, 0x0001, 0x0001, 0x0001, 0x0001, 0x0001, 0x0001, 0x0001, 0x0001, 0x0001, 0x0000, 0xA903,
    0xA903, 0xD184, 0x21C0, 0x21C0, 0xF344, 0xFC6B, 0xFC6B, 0xEBE8, 0xF345, 0xF345, 0xE19B, 0xE23E, 0xE23E, 0xF349, 0x07E0, 0x07E0,
    0xD79F, 0x0001, 0x0001, 0x0001, 0x0001, 0x0001, 0x0001, 0x0001, 0x0001, 0x0001, 0x0001, 0x0001, 0x0001, 0x0001, 0x0001, 0x0001,
    0x0001, 0x0001, 0x0001, 0x0001, 0x0001, 0x0001, 0x0001, 0x0001, 0x0001, 0x0001, 0x0001, 0x0001, 0x0000, 0x0000, 0xA0E3, 0xF344,
    0xF344, 0xA103, 0xA0E3, 0xA0E3, 0xF345, 0xF344, 0xF344, 0xF344, 0xF344, 0xF344, 0xF345, 0xEB45, 0xEB45, 0xA0E3, 0xA0E3, 0xA0E3,
    0xF345, 0xA903, 0xA903, 0x0000, 0x0001, 0x0001, 0x0001, 0x0001, 0x0001, 0x0001, 0x0001, 0x0001, 0x0001, 0x0001, 0x0001, 0x0001,
    0x0001, 0x0001, 0x0001, 0x0001, 0x0001, 0x0001, 0x0001, 0x0001, 0x0001, 0x0001, 0x0001, 0x0001, 0x0000, 0x0000, 0xA0E3, 0xF344,
    0xF344, 0xA103, 0xA0E3, 0xA0E3, 0xF345, 0xF344, 0xF344, 0xF344, 0xF344, 0xF344, 0xF345, 0xEB45, 0xEB45, 0xA0E3, 0xA0E3, 0xA0E3,
    0xF345, 0xA903, 0xA903, 0x0000, 0x0001, 0x0001, 0x0001, 0x0001, 0x0001, 0x0001, 0x0001, 0x0001, 0x0001, 0x0001, 0x0001, 0x0001,
    0x0001, 0x0001, 0x0001, 0x0001, 0x0001, 0x0001, 0x0001, 0x0001, 0x0001, 0x0001, 0x0001, 0x0001, 0x0000, 0x0000, 0xA0E3, 0xEB45,
    0xEB45, 0xA903, 0x68C6, 0x68C6, 0xA0E2, 0xEB45, 0xEB45, 0x4586, 0xEB24, 0xEB24, 0xA103, 0xF344, 0xF344, 0x68A6, 0xE120, 0xE120,
    0xEB43, 0xA0E3, 0xA0E3, 0x0000, 0x0001, 0x0001, 0x0001, 0x0001, 0x0001, 0x0001, 0x0001, 0x0001, 0x0001, 0x0001, 0x0001, 0x0001,
    0x0001, 0x0001, 0x0001, 0x0001, 0x0001, 0x0001, 0x0001, 0x0001, 0x0001, 0x0001, 0x0001, 0x0001, 0x0000, 0x0000, 0xC964, 0xF345,
    0xF345, 0xA0E3, 0x3698, 0x3698, 0x001E, 0x70D9, 0x70D9, 0xF324, 0xA0E3, 0xA0E3, 0x3698, 0x4A41, 0x4A41, 0x3698, 0xE120, 0xE120,
    0xEB43, 0xD184, 0xD184, 0x0000, 0x0001, 0x0001, 0x0001, 0x0001, 0x0001, 0x0001, 0x0001, 0x0001, 0x0001, 0x0001, 0x0001, 0x0001,
    0x0001, 0x0001, 0x0001, 0x0001, 0x0001, 0x0001, 0x0001, 0x0001, 0x0001, 0x0001, 0x0001, 0x0001, 0x0000, 0x0000, 0xC964, 0xF345,
    0xF345, 0xA0E3, 0x3698, 0x3698, 0x001E, 0x70D9, 0x70D9, 0xF324, 0xA0E3, 0xA0E3, 0x3698, 0x4A41, 0x4A41, 0x3698, 0xE120, 0xE120,
    0xEB43, 0xD184, 0xD184, 0x0000, 0x0001, 0x0001, 0x0001, 0x0001, 0x0001, 0x0001, 0x0001, 0x0001, 0x0001, 0x0001, 0x0001, 0x0001,
    0x0001, 0x0001, 0x0001, 0x0001, 0x0001, 0x0001, 0x0001, 0x0001, 0x0001, 0x0001, 0x0001, 0x0000, 0xA0E3, 0xA0E3, 0xD164, 0xD164,
    0xD164, 0xE226, 0xFFDD, 0xFFDD, 0x001E, 0xA099, 0xA099, 0x1BA5, 0xC964, 0xC964, 0x5E58, 0x4A41, 0x4A41, 0xFFDD, 0x1A43, 0x1A43,
    0xD163, 0xD164, 0xD164, 0xA903, 0x0000, 0x0000, 0x0001, 0x0001, 0x0001, 0x0001, 0x0001, 0x0001, 0x0001, 0x0001, 0x0001, 0x0001,
    0x0001, 0x0001, 0x0001, 0x0001, 0x0001, 0x0001, 0x0001, 0x0001, 0x0001, 0x0001, 0x0001, 0x0000, 0xA903, 0xA903, 0xDA26, 0xD164,
    0xD164, 0xDA26, 0xFFDD, 0xFFDD, 0x5E35, 0xA099, 0xA099, 0x4565, 0xEB24, 0xEB24, 0x5E37, 0xA078, 0xA078, 0xFFBD, 0x1263, 0x1263,
    0xD163, 0xE226, 0xE226, 0xA903, 0x0000, 0x0000, 0x0001, 0x0001, 0x0001, 0x0001, 0x0001, 0x0001, 0x0001, 0x0001, 0x0001, 0x0001,
    0x0001, 0x0001, 0x0001, 0x0001, 0x0001, 0x0001, 0x0001, 0x0001, 0x0001, 0x0001, 0x0001, 0x0000, 0xA903, 0xA903, 0xDA26, 0xD164,
    0xD164, 0xDA26, 0xFFDD, 0xFFDD, 0x5E35, 0xA099, 0xA099, 0x4565, 0xEB24, 0xEB24, 0x5E37, 0xA078, 0xA078, 0xFFBD, 0x1263, 0x1263,
    0xD163, 0xE226, 0xE226, 0xA903, 0x0000, 0x0000, 0x0001, 0x0001, 0x0001, 0x0001, 0x0001, 0x0001, 0x0001, 0x0001, 0x0001, 0x0001,
    0x0001, 0x0001, 0x0001, 0x0001, 0x0001, 0x0001, 0x0001, 0x0001, 0x0001, 0x0001, 0x0001, 0x0000, 0xA903, 0xA903, 0xD164, 0xEAA8,
    0xEAA8, 0xC964, 0xC964, 0xC964, 0xEB45, 0xF344, 0xF344, 0xEB45, 0xEB45, 0xEB45, 0xEB45, 0xEB45, 0xEB45, 0xC964, 0xC964, 0xC964,
    0xEAA8, 0xD164, 0xD164, 0xA903, 0x0000, 0x0000, 0x0001, 0x0001, 0x0001, 0x0001, 0x0001, 0x0001, 0x0001, 0x0001, 0x0001, 0x0001,
    0x0001, 0x0001, 0x0001, 0x0001, 0x0001, 0x0001, 0x0001, 0x0001, 0x0001, 0x0001, 0x0001, 0x0000, 0xA903, 0xA903, 0xD164, 0xD164,
    0xD164, 0xE226, 0xDA26, 0xDA26, 0x0000, 0xEB45, 0xEB45, 0xEB45, 0xEB45, 0xEB45, 0xEB45, 0x0000, 0x0000, 0xDA26, 0xE226, 0xE226,
    0xD164, 0xD164, 0xD164, 0xA0E3, 0x0000, 0x0000, 0x0001, 0x0001, 0x0001, 0x0001, 0x0001, 0x0001, 0x0001, 0x0001, 0x0001, 0x0001,
    0x0001, 0x0001, 0x0001, 0x0001, 0x0001, 0x0001, 0x0001, 0x0001, 0x0001, 0x0001, 0x0001, 0x0000, 0xA903, 0xA903, 0xD164, 0xD164,
    0xD164, 0xE226, 0xDA26, 0xDA26, 0x0000, 0xEB45, 0xEB45, 0xEB45, 0xEB45, 0xEB45, 0xEB45, 0x0000, 0x0000, 0xDA26, 0xE226, 0xE226,
    0xD164, 0xD164, 0xD164, 0xA0E3, 0x0000, 0x0000, 0x0001, 0x0001, 0x0001, 0x0001, 0x0001, 0x0001, 0x0001, 0x0001, 0x0001, 0x0001,
    0x0001, 0x0001, 0x0001, 0x0001, 0x0001, 0x0001, 0x0001, 0x0001, 0x0001, 0x0000, 0x0000, 0x0000, 0x0000, 0x0000, 0xA0E3, 0xD164,
    0xD164, 0xD164, 0xDA26, 0xDA26, 0xDA06, 0x0000, 0x0000, 0x0000, 0x0000, 0x0000, 0x0000, 0xDA06, 0xDA06, 0xDA26, 0xD164, 0xD164,
    0xD164, 0xA103, 0xA103, 0x0000, 0x0000, 0x0000, 0x0000, 0x0001, 0x0001, 0x0001, 0x0001, 0x0001, 0x0001, 0x0001, 0x0001, 0x0001,
    0x0001, 0x0001, 0x0001, 0x0001, 0x0001, 0x0001, 0x0000, 0x0000, 0xA0E3, 0xEB45, 0xEB45, 0xA0E3, 0x0000, 0x0000, 0x0000, 0xA0E3,
    0xA0E3, 0xA0E3, 0xD164, 0xD164, 0xD164, 0xD184, 0xD184, 0xD164, 0xD184, 0xD184, 0xD184, 0xD164, 0xD164, 0xD164, 0xA0E3, 0xA0E3,
    0xA0E3, 0x0000, 0x0000, 0x0000, 0xA0E3, 0xA0E3, 0xEB65, 0xA0E3, 0xA0E3, 0x0000, 0x0001, 0x0001, 0x0001, 0x0001, 0x0001, 0x0001,
    0x0001, 0x0001, 0x0001, 0x0001, 0x0001, 0x0001, 0x0000, 0x0000, 0xA0E3, 0xEB45, 0xEB45, 0xA0E3, 0x0000, 0x0000, 0x0000, 0xA0E3,
    0xA0E3, 0xA0E3, 0xD164, 0xD164, 0xD164, 0xD184, 0xD184, 0xD164, 0xD184, 0xD184, 0xD184, 0xD164, 0xD164, 0xD164, 0xA0E3, 0xA0E3,
    0xA0E3, 0x0000, 0x0000, 0x0000, 0xA0E3, 0xA0E3, 0xEB65, 0xA0E3, 0xA0E3, 0x0000, 0x0001, 0x0001, 0x0001, 0x0001, 0x0001, 0x0001,
    0x0001, 0x0001, 0x0001, 0x0001, 0x0001, 0x0001, 0x0000, 0x0000, 0x70C7, 0xA901, 0xA901, 0x0000, 0xA0E3, 0xA0E3, 0x2061, 0xDF9F,
    0xDF9F, 0xA0E3, 0x7987, 0x7987, 0xC964, 0xD184, 0xD184, 0xD164, 0xD184, 0xD184, 0xD184, 0xD164, 0xD164, 0xD164, 0x0000, 0x0000,
    0xA0E3, 0xC964, 0xC964, 0xDF9F, 0x07E0, 0x07E0, 0x5103, 0x7086, 0x7086, 0x0000, 0x0001, 0x0001, 0x0001, 0x0001, 0x0001, 0x0001,
    0x0001, 0x0001, 0x0001, 0x0001, 0x0001, 0x0000, 0xA103, 0xA103, 0xA0E3, 0x0000, 0x0000, 0xEB65, 0xEB65, 0xEB65, 0xA903, 0xA0E3,
    0xA0E3, 0x0000, 0x0000, 0x0000, 0x0000, 0x0000, 0x0000, 0x0000, 0x0000, 0x0000, 0x0000, 0x0000, 0x0000, 0x0000, 0x0000, 0x0000,
    0xA0E3, 0xA0E3, 0xA0E3, 0xEB65, 0xEB45, 0xEB45, 0x0000, 0xB124, 0xB124, 0xA103, 0x0000, 0x0000, 0x0001, 0x0001, 0x0001, 0x0001,
    0x0001, 0x0001, 0x0001, 0x0001, 0x0001, 0x0000, 0xA103, 0xA103, 0xA0E3, 0x0000, 0x0000, 0xEB65, 0xEB65, 0xEB65, 0xA903, 0xA0E3,
    0xA0E3, 0x0000, 0x0000, 0x0000, 0x0000, 0x0000, 0x0000, 0x0000, 0x0000, 0x0000, 0x0000, 0x0000, 0x0000, 0x0000, 0x0000, 0x0000,
    0xA0E3, 0xA0E3, 0xA0E3, 0xEB65, 0xEB45, 0xEB45, 0x0000, 0xB124, 0xB124, 0xA103, 0x0000, 0x0000, 0x0001, 0x0001, 0x0001, 0x0001,
    0x0001, 0x0001, 0x0001, 0x0001, 0x0001, 0x0000, 0xA0E3, 0xA0E3, 0x0000, 0xEB45, 0xEB45, 0xA103, 0xA0E3, 0xA0E3, 0xA0E3, 0x0000,
    0x0000, 0x0000, 0x0000, 0x0000, 0x0000, 0xA903, 0xA903, 0xA903, 0xA903, 0xA903, 0xA903, 0x0000, 0x0000, 0x0000, 0x0000, 0x0000,
    0x0000, 0xA0E3, 0xA0E3, 0xA0E3, 0xA0E3, 0xA0E3, 0xEB45, 0x0000, 0x0000, 0xA903, 0x0000, 0x0000, 0x0001, 0x0001, 0x0001, 0x0001,
    0x0001, 0x0001, 0x0001, 0x0000, 0x0000, 0x78C7, 0x0000, 0x0000, 0x0000, 0xA0E3, 0xA0E3, 0xA0E3, 0xEB04, 0xEB04, 0x7884, 0x0000,
    0x0000, 0x0001, 0x0000, 0x0000, 0x0000, 0x0000, 0x0000, 0x0000, 0x0000, 0x0000, 0x0000, 0x0000, 0x0000, 0x0000, 0x0001, 0x0001,
    0x0000, 0x78A5, 0x78A5, 0xEB04, 0xA903, 0xA903, 0xA0E3, 0x0000, 0x0000, 0x0000, 0x78C7, 0x78C7, 0x0000, 0x0001, 0x0001, 0x0001,
    0x0001, 0x0001, 0x0001, 0x0000, 0x0000, 0x78C7, 0x0000, 0x0000, 0x0000, 0xA0E3, 0xA0E3, 0xA0E3, 0xEB04, 0xEB04, 0x7884, 0x0000,
    0x0000, 0x0001, 0x0000, 0x0000, 0x0000, 0x0000, 0x0000, 0x0000, 0x0000, 0x0000, 0x0000, 0x0000, 0x0000, 0x0000, 0x0001, 0x0001,
    0x0000, 0x78A5, 0x78A5, 0xEB04, 0xA903, 0xA903, 0xA0E3, 0x0000, 0x0000, 0x0000, 0x78C7, 0x78C7, 0x0000, 0x0001, 0x0001, 0x0001,
    0x0001, 0x0001, 0x0001, 0x0000, 0x0000, 0xA103, 0x0000, 0x0000, 0xA0E3, 0xEB45, 0xEB45, 0xA0E3, 0xEB24, 0xEB24, 0xF344, 0xA643,
    0xA643, 0x5F1D, 0x78C7, 0x78C7, 0xFFE0, 0x0000, 0x0000, 0xFFE0, 0x0000, 0x0000, 0x0000, 0x0000, 0x0000, 0xFFC0, 0x8F7A, 0x8F7A,
    0xA0E3, 0xC305, 0xC305, 0xEB04, 0xF344, 0xF344, 0xA903, 0xA5A3, 0xA5A3, 0x5F1D, 0xA103, 0xA103, 0x0000, 0x0001, 0x0001, 0x0001,
    0x0001, 0x0001, 0x0001, 0x0000, 0x0000, 0xA903, 0x0000, 0x0000, 0xC964, 0xEB45, 0xEB45, 0xA0E3, 0xEB04, 0xEB04, 0xA0E3, 0xF084,
    0xF084, 0x0000, 0x0000, 0x0000, 0xFFE0, 0x285D, 0x285D, 0x285D, 0x307D, 0x307D, 0x305D, 0x0000, 0x0000, 0x8F59, 0x307D, 0x307D,
    0xF344, 0x80C3, 0x80C3, 0xEB25, 0xF344, 0xF344, 0xA903, 0xCE24, 0xCE24, 0x5F1D, 0xA103, 0xA103, 0x0000, 0x0001, 0x0001, 0x0001,
    0x0001, 0x0001, 0x0001, 0x0000, 0x0000, 0xA903, 0x0000, 0x0000, 0xC964, 0xEB45, 0xEB45, 0xA0E3, 0xEB04, 0xEB04, 0xA0E3, 0xF084,
    0xF084, 0x0000, 0x0000, 0x0000, 0xFFE0, 0x285D, 0x285D, 0x285D, 0x307D, 0x307D, 0x305D, 0x0000, 0x0000, 0x8F59, 0x307D, 0x307D,
    0xF344, 0x80C3, 0x80C3, 0xEB25, 0xF344, 0xF344, 0xA903, 0xCE24, 0xCE24, 0x5F1D, 0xA103, 0xA103, 0x0000, 0x0001, 0x0001, 0x0001,
    0x0001, 0x0001, 0x0001, 0x0000, 0x0000, 0x0000, 0xA0E3, 0xA0E3, 0xD164, 0xEAE4, 0xEAE4, 0xA943, 0xEB04, 0xEB04, 0xA903, 0xF085,
    0xF085, 0x2881, 0x0700, 0x0700, 0x0001, 0x285D, 0x285D, 0x285D, 0x307D, 0x307D, 0x305D, 0x0001, 0x0001, 0x8F5A, 0x58FE, 0x58FE,
    0xF344, 0x4866, 0x4866, 0x3323, 0xEB44, 0xEB44, 0xA903, 0xCE24, 0xCE24, 0xF800, 0x0000, 0x0000, 0x0000, 0x0001, 0x0001, 0x0001,
    0x0001, 0x0001, 0x0001, 0x0000, 0x0000, 0x0000, 0xA103, 0xA103, 0xD184, 0xD164, 0xD164, 0xA943, 0xFFC0, 0xFFC0, 0x78C6, 0xD6C4,
    0xD6C4, 0x2881, 0xA003, 0xA003, 0x8739, 0x285D, 0x285D, 0x0001, 0x0001, 0x0001, 0x0001, 0x001D, 0x001D, 0x283D, 0x58FE, 0x58FE,
    0xD184, 0x5087, 0x5087, 0x47DE, 0xEB45, 0xEB45, 0x8F43, 0xD644, 0xD644, 0xF800, 0x0000, 0x0000, 0x0000, 0x0001, 0x0001, 0x0001,
    0x0001, 0x0001, 0x0001, 0x0000, 0x0000, 0x0000, 0xA103, 0xA103, 0xD184, 0xD164, 0xD164, 0xA943, 0xFFC0, 0xFFC0, 0x78C6, 0xD6C4,
    0xD6C4, 0x2881, 0xA003, 0xA003, 0x8739, 0x285D, 0x285D, 0x0001, 0x0001, 0x0001, 0x0001, 0x001D, 0x001D, 0x283D, 0x58FE, 0x58FE,
    0xD184, 0x5087, 0x5087, 0x47DE, 0xEB45, 0xEB45, 0x8F43, 0xD644, 0xD644, 0xF800, 0x0000, 0x0000, 0x0000, 0x0001, 0x0001, 0x0001,
    0x0001, 0x0001, 0x0001, 0x0001, 0x0001, 0x0000, 0xA103, 0xA103, 0xA103, 0xD164, 0xD164, 0x8F83, 0x6866, 0x6866, 0x0000, 0xA643,
    0xA643, 0x2881, 0xA003, 0xA003, 0x8739, 0x285D, 0x285D, 0x0001, 0x0001, 0x0001, 0x0001, 0x001D, 0x001D, 0x285D, 0x58FE, 0x58FE,
    0xA103, 0xDFC0, 0xDFC0, 0xB884, 0xC984, 0xC984, 0x8F43, 0xA5A3, 0xA5A3, 0xF800, 0x0000, 0x0000, 0x0001, 0x0001, 0x0001, 0x0001,
    0x0001, 0x0001, 0x0001, 0x0001, 0x0001, 0x0001, 0x0000, 0x0000, 0xA103, 0xC964, 0xC964, 0x8F63, 0x7886, 0x7886, 0x0000, 0x0540,
    0x0540, 0x0000, 0xA003, 0xA003, 0x8739, 0x285D, 0x285D, 0x0001, 0x0001, 0x0001, 0x0001, 0x001D, 0x001D, 0x283D, 0x307D, 0x307D,
    0x0000, 0xDFC0, 0xDFC0, 0xB864, 0xC984, 0xC984, 0x7703, 0xA5A3, 0xA5A3, 0x5F1D, 0x0001, 0x0001, 0x0001, 0x0001, 0x0001, 0x0001,
    0x0001, 0x0001, 0x0001, 0x0001, 0x0001, 0x0001, 0x0000, 0x0000, 0xA103, 0xC964, 0xC964, 0x8F63, 0x7886, 0x7886, 0x0000, 0x0540,
    0x0540, 0x0000, 0xA003, 0xA003, 0x8739, 0x285D, 0x285D, 0x0001, 0x0001, 0x0001, 0x0001, 0x001D, 0x001D, 0x283D, 0x307D, 0x307D,
    0x0000, 0xDFC0, 0xDFC0, 0xB864, 0xC984, 0xC984, 0x7703, 0xA5A3, 0xA5A3, 0x5F1D, 0x0001, 0x0001, 0x0001, 0x0001, 0x0001, 0x0001,
    0x0001, 0x0001, 0x0001, 0x0001, 0x0001, 0x0001, 0x0001, 0x0001, 0x0000, 0xA0E3, 0xA0E3, 0xA103, 0xA903, 0xA903, 0x98E3, 0x0000,
    0x0000, 0x0000, 0x0000, 0x0000, 0x0001, 0x0001, 0x0001, 0x0001, 0x0001, 0x0001, 0x0001, 0x0001, 0x0001, 0x0000, 0x0000, 0x0000,
    0x0001, 0x78C7, 0x78C7, 0xA0E3, 0xA103, 0xA103, 0xA903, 0x0000, 0x0000, 0x0001, 0x0001, 0x0001, 0x0001, 0x0001, 0x0001, 0x0001,
    0x0001, 0x0001, 0x0001, 0x0001, 0x0001, 0x0001, 0x0001, 0x0001, 0x0001, 0x0000, 0x0000, 0x0000, 0x0000, 0x0000, 0x0000, 0x0001,
    0x0001, 0x0001, 0x0001, 0x0001, 0x0001, 0x0001, 0x0001, 0x0001, 0x0001, 0x0001, 0x0001, 0x0001, 0x0001, 0x0001, 0x0001, 0x0001,
    0x0001, 0x0000, 0x0000, 0x0000, 0x0000, 0x0000, 0x0000, 0x0001, 0x0001, 0x0001, 0x0001, 0x0001, 0x0001, 0x0001, 0x0001, 0x0001,
    0x0001, 0x0001, 0x0001, 0x0001, 0x0001, 0x0001, 0x0001, 0x0001, 0x0001, 0x0000, 0x0000, 0x0000, 0x0000, 0x0000, 0x0000, 0x0001,
    0x0001, 0x0001, 0x0001, 0x0001, 0x0001, 0x0001, 0x0001, 0x0001, 0x0001, 0x0001, 0x0001, 0x0001, 0x0001, 0x0001, 0x0001, 0x0001,
    0x0001, 0x0000, 0x0000, 0x0000, 0x0000, 0x0000, 0x0000, 0x0001, 0x0001, 0x0001, 0x0001, 0x0001, 0x0001, 0x0001, 0x0001, 0x0001,
    0x0001, 0x0001, 0x0001, 0x0001, 0x0001, 0x0001, 0x0001, 0x0001, 0x0001, 0x0001, 0x0001, 0x0001, 0x0001, 0x0001, 0x0001, 0x0001,
    0x0001, 0x0001, 0x0001, 0x0001, 0x0001, 0x0001, 0x0001, 0x0001, 0x0001, 0x0001, 0x0001, 0x0001, 0x0001, 0x0001, 0x0001, 0x0001,
    0x0001, 0x0001, 0x0001, 0x0001, 0x0001, 0x0001, 0x0001, 0x0001, 0x0001, 0x0001, 0x0001, 0x0001, 0x0001, 0x0001, 0x0001, 0x0001,
    0x0001, 0x0001, 0x0001, 0x0001, 0x0001, 0x0001, 0x0001, 0x0001, 0x0001, 0x0001, 0x0001, 0x0001, 0x0001, 0x0001, 0x0001, 0x0001,
    0x0001, 0x0001, 0x0001, 0x0001, 0x0001, 0x0001, 0x0001, 0x0001, 0x0001, 0x0001, 0x0001, 0x0001, 0x0001, 0x0001, 0x0001, 0x0001,
    0x0001, 0x0001, 0x0001, 0x0001, 0x0001, 0x0001, 0x0001, 0x0001, 0x0001, 0x0001, 0x0001, 0x0001, 0x0001, 0x0001, 0x0001, 0x0001,
    0x0001, 0x0001, 0x0001, 0x0001, 0x0001, 0x0001, 0x0001, 0x0001, 0x0001, 0x0001, 0x0001, 0x0001, 0x0001, 0x0001, 0x0001, 0x0001,
    0x0001, 0x0001, 0x0001, 0x0001, 0x0001, 0x0001, 0x0001, 0x0001, 0x0001, 0x0001, 0x0001, 0x0001, 0x0001, 0x0001, 0x0001, 0x0001,
    0x0001, 0x0001, 0x0001, 0x0001, 0x0001, 0x0001, 0x0001, 0x0001, 0x0001, 0x0001, 0x0001, 0x0001, 0x0001, 0x0001, 0x0001, 0x0001,
    0x0001, 0x0001, 0x0001, 0x0001, 0x0001, 0x0001, 0x0001, 0x0001, 0x0001, 0x0001, 0x0001, 0x0001, 0x0001, 0x0001, 0x0001, 0x0001,
    0x0001, 0x0001, 0x0001, 0x0001, 0x0001, 0x0001, 0x0001, 0x0001, 0x0001, 0x0001, 0x0001, 0x0001, 0x0001, 0x0001, 0x0001, 0x0001,
    0x0001, 0x0001, 0x0001, 0x0001, 0x0001, 0x0001, 0x0001, 0x0001, 0x0001, 0x0001, 0x0001, 0x0001, 0x0001, 0x0001, 0x0001, 0x0001
  },
  {
    0x0001, 0x0001, 0x0001, 0x0001, 0x0001, 0x0001, 0x0001, 0x0001, 0x0001, 0x0001, 0x0001, 0x0001, 0x0001, 0x0001, 0x0001, 0x0001,
    0x0001, 0x0001, 0x0001, 0x0001, 0x0001, 0x0001, 0x0001, 0x0001, 0x0001, 0x0001, 0x0001, 0x0001, 0x0001, 0x0001, 0x0001, 0x0001,
    0x0001, 0x0001, 0x0001, 0x0001, 0x0001, 0x0001, 0x0001, 0x0001, 0x0001, 0x0001, 0x0001, 0x0001, 0x0001, 0x0001, 0x0001, 0x0001,
    0x0001, 0x0001, 0x0001, 0x0001, 0x0001, 0x0001, 0x0001, 0x0001, 0x0001, 0x0001, 0x0001, 0x0001, 0x0001, 0x0001, 0x0001, 0x0001,
    0x0001, 0x0001, 0x0001, 0x0001, 0x0001, 0x0001, 0x0001, 0x0001, 0x0001, 0x0001, 0x0001, 0x0001, 0x0001, 0x0001, 0x0001, 0x0001,
    0x0001, 0x0001, 0x0001, 0x0001, 0x0001, 0x0001, 0x0001, 0x0001, 0x0001, 0x0001, 0x0001, 0x0001, 0x0001, 0x0001, 0x0001, 0x0001,
    0x0001, 0x0001, 0x0001, 0x0001, 0x0001, 0x0001, 0x0001, 0x0001, 0x0001, 0x0001, 0x0001, 0x0001, 0x0001, 0x0001, 0x0001, 0x0000,
    0x0000, 0x0000, 0x0001, 0x0001, 0x0001, 0x0001, 0x0001, 0x0001, 0x0001, 0x0001, 0x0001, 0x0001, 0x0001, 0x0001, 0x0000, 0x0000,
    0x0000, 0x0001, 0x0001, 0x0001, 0x0001, 0x0001, 0x0001, 0x0001, 0x0001, 0x0001, 0x0001, 0x0001, 0x0001, 0x0001, 0x0001, 0x0001,
    0x0001, 0x0001, 0x0001, 0x0001, 0x0001, 0x0001, 0x0001, 0x0001, 0x0001, 0x0001, 0x0001, 0x0001, 0x0001, 0x0001, 0x0000, 0xAE9F,
    0xAE9F, 0x0000, 0x0001, 0x0001, 0x0001, 0x0001, 0x0001, 0x0001, 0x0001, 0x0001, 0x0001, 0x0001, 0x0001, 0x0001, 0xAE9F, 0xAE9F,
    0x0000, 0x5161, 0x5161, 0x0001, 0x0001, 0x0001, 0x0001, 0x0001, 0x0001, 0x0001, 0x0001, 0x0001, 0x0001, 0x0001, 0x0001, 0x0001,
    0x0001, 0x0001, 0x0001, 0x0001, 0x0001, 0x0001, 0x0001, 0x0001, 0x0001, 0x0001, 0x0001, 0x0001, 0x0001, 0x0001, 0x0000, 0xAE9F,
    0xAE9F, 0x0000, 0x0001, 0x0001, 0x0001, 0x0001, 0x0001, 0x0001, 0x0001, 0x0001, 0x0001, 0x0001, 0x0001, 0x0001, 0xAE9F, 0xAE9F,
    0x0000, 0x5161, 0x5161, 0x0001, 0x0001, 0x0001, 0x0001, 0x0001, 0x0001, 0x0001, 0x0001, 0x0001, 0x0001, 0x0001, 0x0001, 0x0001,
    0x0001, 0x0001, 0x0001, 0x0001, 0x0001, 0x0001, 0x0001, 0x0001, 0x0001, 0x0001, 0x0001, 0x0001, 0x0001, 0x0001, 0x0000, 0x496A,
    0x496A, 0x0000, 0x5161, 0x5161, 0x0001, 0x0001, 0x0001, 0x0001, 0x0001, 0x0001, 0x0001, 0x0001, 0x0001, 0x0000, 0x855D, 0x855D,
    0xA2CB, 0x5161, 0x5161, 0x0001, 0x0001, 0x0001, 0x0001, 0x0001, 0x0001, 0x0001, 0x0001, 0x0001, 0x0001, 0x0001, 0x0001, 0x0001,
    0x0001, 0x0001, 0x0001, 0x0001, 0x0001, 0x0001, 0x0001, 0x0001, 0x0001, 0x0001, 0x0001, 0x0001, 0x0001, 0x0001, 0x0001, 0x0001,
    0x0001, 0x5C7A, 0x0888, 0x0888, 0x0000, 0x0000, 0x0000, 0x0000, 0x0000, 0x0000, 0x0000, 0x0000, 0x0000, 0x0847, 0x6379, 0x6379,
    0x0001, 0x0001, 0x0001, 0x0001, 0x0001, 0x0001, 0x0001, 0x0001, 0x0001, 0x0001, 0x0001, 0x0001, 0x0001, 0x0001, 0x0001, 0x0001,
    0x0001, 0x0001, 0x0001, 0x0001, 0x0001, 0x0001, 0x0001, 0x0001, 0x0001, 0x0001, 0x0001, 0x0001, 0x0001, 0x0001, 0x0001, 0x0001,
    0x0001, 0x5C7A, 0x0888, 0x0888, 0x0000, 0x0000, 0x0000, 0x0000, 0x0000, 0x0000, 0x0000, 0x0000, 0x0000, 0x0847, 0x6379, 0x6379,
    0x0001, 0x0001, 0x0001, 0x0001, 0x0001, 0x0001, 0x0001, 0x0001, 0x0001, 0x0001, 0x0001, 0x0001, 0x0001, 0x0001, 0x0001, 0x0001,
    0x0001, 0x0001, 0x0001, 0x0001, 0x0001, 0x0001, 0x0001, 0x0001, 0x0001, 0x0001, 0x0001, 0x0001, 0x0001, 0x0001, 0x0001, 0x0001,
    0x0001, 0x0000, 0x0000, 0x0000, 0x48A1, 0x3861, 0x3861, 0x48A1, 0x3861, 0x3861, 0x48A1, 0x58C1, 0x58C1, 0x0000, 0x0000, 0x0000,
    0x0001, 0x0001, 0x0001, 0x0001, 0x0001, 0x0001, 0x0001, 0x0001, 0x0001, 0x0001, 0x0001, 0x0001, 0x0001, 0x0001, 0x0001, 0x0001,
    0x0001, 0x0001, 0x0001, 0x0001, 0x0001, 0x0001, 0x0001, 0x0001, 0x0001, 0x0001, 0x0001, 0x0001, 0x0001, 0x0001, 0x0001, 0x0000,
    0x0000, 0x2801, 0x0000, 0x0000, 0xEB65, 0x48A1, 0x48A1, 0x5104, 0x48A1, 0x48A1, 0x48A1, 0x487F, 0x487F, 0xDCDE, 0x1800, 0x1800,
    0xB7FE, 0x0001, 0x0001, 0x0001, 0x0001, 0x0001, 0x0001, 0x0001, 0x0001, 0x0001, 0x0001, 0x0001, 0x0001, 0x0001, 0x0001, 0x0001,
    0x0001, 0x0001, 0x0001, 0x0001, 0x0001, 0x0001, 0x0001, 0x0001, 0x0001, 0x0001, 0x0001, 0x0001, 0x0001, 0x0001, 0x0001, 0x0000,
    0x0000, 0x2801, 0x0000, 0x0000, 0xEB65, 0x48A1, 0x48A1, 0x5104, 0x48A1, 0x48A1, 0x48A1, 0x487F, 0x487F, 0xDCDE, 0x1800, 0x1800,
    0xB7FE, 0x0001, 0x0001, 0x0001, 0x0001, 0x0001, 0x0001, 0x0001, 0x0001, 0x0001, 0x0001, 0x0001, 0x0001, 0x0001, 0x0001, 0x0001,
    0x0001, 0x0001, 0x0001, 0x0001, 0x0001, 0x0001, 0x0001, 0x0001, 0x0001, 0x0001, 0x0001, 0x0001, 0x0001, 0x0001, 0x0000, 0x1801,
    0x1801, 0xD184, 0x2801, 0x2801, 0xEB45, 0x59A8, 0x59A8, 0x51A8, 0x4904, 0x4904, 0x3ED7, 0x48DF, 0x48DF, 0x7E21, 0x1800, 0x1800,
    0x967D, 0x0001, 0x0001, 0x0001, 0x0001, 0x0001, 0x0001, 0x0001, 0x0001, 0x0001, 0x0001, 0x0001, 0x0001, 0x0001, 0x0001, 0x0001,
    0x0001, 0x0001, 0x0001, 0x0001, 0x0001, 0x0001, 0x0001, 0x0001, 0x0001, 0x0001, 0x0001, 0x0001, 0x0000, 0x0000, 0x1801, 0xB124,
    0xB124, 0xA903, 0xEB65, 0xEB65, 0xEB45, 0xEB45, 0xEB45, 0xEB04, 0xEB24, 0xEB24, 0xEB45, 0xEB45, 0xEB45, 0xEB65, 0xA0E3, 0xA0E3,
    0xA903, 0x3022, 0x3022, 0x0000, 0x0001, 0x0001, 0x0001, 0x0001, 0x0001, 0x0001, 0x0001, 0x0001, 0x0001, 0x0001, 0x0001, 0x0001,
    0x0001, 0x0001, 0x0001, 0x0001, 0x0001, 0x0001, 0x0001, 0x0001, 0x0001, 0x0001, 0x0001, 0x0001, 0x0000, 0x0000, 0x1801, 0xB124,
    0xB124, 0xA903, 0xEB65, 0xEB65, 0xEB45, 0xEB45, 0xEB45, 0xEB04, 0xEB24, 0xEB24, 0xEB45, 0xEB45, 0xEB45, 0xEB65, 0xA0E3, 0xA0E3,
    0xA903, 0x3022, 0x3022, 0x0000, 0x0001, 0x0001, 0x0001, 0x0001, 0x0001, 0x0001, 0x0001, 0x0001, 0x0001, 0x0001, 0x0001, 0x0001,
    0x0001, 0x0001, 0x0001, 0x0001, 0x0001, 0x0001, 0x0001, 0x0001, 0x0001, 0x0001, 0x0001, 0x0001, 0x0000, 0x0000, 0xA0E3, 0xEB45,
    0xEB45, 0xA103, 0xA903, 0xA903, 0xA0E3, 0xEB45, 0xEB45, 0xEB45, 0xEB45, 0xEB45, 0xEB45, 0xA103, 0xA103, 0xA103, 0xA0E3, 0xA0E3,
    0xEB65, 0xA8E3, 0xA8E3, 0x0000, 0x0001, 0x0001, 0x0001, 0x0001, 0x0001, 0x0001, 0x0001, 0x0001, 0x0001, 0x0001, 0x0001, 0x0001,
    0x0001, 0x0001, 0x0001, 0x0001, 0x0001, 0x0001, 0x0001, 0x0001, 0x0001, 0x0001, 0x0001, 0x0001, 0x0000, 0x0000, 0xA0E3, 0xEB65,
    0xEB65, 0xA8E3, 0x3906, 0x3906, 0xA0E3, 0x58C1, 0x58C1, 0xA8E3, 0xA0E3, 0xA0E3, 0x4102, 0xA0E3, 0xA0E3, 0x39A7, 0xA8E3, 0xA8E3,
    0xEB45, 0xB124, 0xB124, 0x0000, 0x0001, 0x0001, 0x0001, 0x0001, 0x0001, 0x0001, 0x0001, 0x0001, 0x0001, 0x0001, 0x0001, 0x0001,
    0x0001, 0x0001, 0x0001, 0x0001, 0x0001, 0x0001, 0x0001, 0x0001, 0x0001, 0x0001, 0x0001, 0x0001, 0x0000, 0x0000, 0xA0E3, 0xEB65,
    0xEB65, 0xA8E3, 0x3906, 0x3906, 0xA0E3, 0x58C1, 0x58C1, 0xA8E3, 0xA0E3, 0xA0E3, 0x4102, 0xA0E3, 0xA0E3, 0x39A7, 0xA8E3, 0xA8E3,
    0xEB45, 0xB124, 0xB124, 0x0000, 0x0001, 0x0001, 0x0001, 0x0001, 0x0001, 0x0001, 0x0001, 0x0001, 0x0001, 0x0001, 0x0001, 0x0001,
    0x0001, 0x0001, 0x0001, 0x0001, 0x0001, 0x0001, 0x0001, 0x0001, 0x0001, 0x0001, 0x0001, 0x0000, 0x1801, 0x1801, 0xC964, 0xD164,
    0xD164, 0xA0E3, 0x973C, 0x973C, 0x0000, 0x5E58, 0x5E58, 0xA903, 0xA0E3, 0xA0E3, 0x5E58, 0x0000, 0x0000, 0x973C, 0xA903, 0xA903,
    0xD164, 0xD184, 0xD184, 0x2801, 0x0000, 0x0000, 0x0001, 0x0001, 0x0001, 0x0001, 0x0001, 0x0001, 0x0001, 0x0001, 0x0001, 0x0001,
    0x0001, 0x0001, 0x0001, 0x0001, 0x0001, 0x0001, 0x0001, 0x0001, 0x0001, 0x0001, 0x0001, 0x0000, 0xA103, 0xA103, 0xD184, 0xC944,
    0xC944, 0xDA26, 0xC7BD, 0xC7BD, 0xCE37, 0x5E37, 0x5E37, 0xC964, 0xA924, 0xA924, 0x5E37, 0x5E37, 0x5E37, 0xFFBD, 0x9226, 0x9226,
    0x98C2, 0xD164, 0xD164, 0xA903, 0x86E0, 0x86E0, 0x0001, 0x0001, 0x0001, 0x0001, 0x0001, 0x0001, 0x0001, 0x0001, 0x0001, 0x0001,
    0x0001, 0x0001, 0x0001, 0x0001, 0x0001, 0x0001, 0x0001, 0x0001, 0x0001, 0x0001, 0x0001, 0x0000, 0xA103, 0xA103, 0xD184, 0xC944,
    0xC944, 0xDA26, 0xC7BD, 0xC7BD, 0xCE37, 0x5E37, 0x5E37, 0xC964, 0xA924, 0xA924, 0x5E37, 0x5E37, 0x5E37, 0xFFBD, 0x9226, 0x9226,
    0x98C2, 0xD164, 0xD164, 0xA903, 0x86E0, 0x86E0, 0x0001, 0x0001, 0x0001, 0x0001, 0x0001, 0x0001, 0x0001, 0x0001, 0x0001, 0x0001,
    0x0001, 0x0001, 0x0001, 0x0001, 0x0001, 0x0001, 0x0001, 0x0001, 0x0001, 0x0001, 0x0001, 0x0000, 0xA903, 0xA903, 0xD164, 0xD164,
    0xD164, 0xC964, 0xA964, 0xA964, 0xD837, 0x7616, 0x7616, 0xEB46, 0xC964, 0xC964, 0x7364, 0x7616, 0x7616, 0xCAFD, 0x9226, 0x9226,
    0xA0E2, 0xD144, 0xD144, 0xA8E3, 0x86E0, 0x86E0, 0x0001, 0x0001, 0x0001, 0x0001, 0x0001, 0x0001, 0x0001, 0x0001, 0x0001, 0x0001,
    0x0001, 0x0001, 0x0001, 0x0001, 0x0001, 0x0001, 0x0001, 0x0001, 0x0001, 0x0001, 0x0001, 0x0000, 0xA0E3, 0xA0E3, 0xD164, 0xD144,
    0xD144, 0xD164, 0xB164, 0xB164, 0x6CD3, 0xD638, 0xD638, 0xEB46, 0xC964, 0xC964, 0xEB45, 0xE2F3, 0xE2F3, 0xCAFE, 0x9247, 0x9247,
    0xA0C2, 0xD164, 0xD164, 0xA8E3, 0x86E0, 0x86E0, 0x0001, 0x0001, 0x0001, 0x0001, 0x0001, 0x0001, 0x0001, 0x0001, 0x0001, 0x0001,
    0x0001, 0x0001, 0x0001, 0x0001, 0x0001, 0x0001, 0x0001, 0x0001, 0x0001, 0x0001, 0x0001, 0x0000, 0xA0E3, 0xA0E3, 0xD164, 0xD144,
    0xD144, 0xD164, 0xB164, 0xB164, 0x6CD3, 0xD638, 0xD638, 0xEB46, 0xC964, 0xC964, 0xEB45, 0xE2F3, 0xE2F3, 0xCAFE, 0x9247, 0x9247,
    0xA0C2, 0xD164, 0xD164, 0xA8E3, 0x86E0, 0x86E0, 0x0001, 0x0001, 0x0001, 0x0001, 0x0001, 0x0001, 0x0001, 0x0001, 0x0001, 0x0001,
    0x0001, 0x0001, 0x0001, 0x0001, 0x0001, 0x0001, 0x0001, 0x0001, 0x0001, 0x0000, 0x0000, 0x0000, 0x0000, 0x0000, 0x48E6, 0xF9E6,
    0xF9E6, 0xC944, 0xC227, 0xC227, 0xAD55, 0xE2D3, 0xE2D3, 0xEB46, 0xC964, 0xC964, 0xEB45, 0xFAF4, 0xFAF4, 0xF3A0, 0xBA44, 0xBA44,
    0xA0C2, 0xA8C2, 0xA8C2, 0x0000, 0x86E0, 0x86E0, 0x0000, 0x0001, 0x0001, 0x0001, 0x0001, 0x0001, 0x0001, 0x0001, 0x0001, 0x0001,
    0x0001, 0x0001, 0x0001, 0x0001, 0x0001, 0x0001, 0x0000, 0x0000, 0xA0E3, 0xF365, 0xF365, 0x0000, 0x0000, 0x0000, 0x0000, 0xA0E3,
    0xA0E3, 0xA0E3, 0xD164, 0xD164, 0xD164, 0x3022, 0x3022, 0x2801, 0x2801, 0x2801, 0x2801, 0xD184, 0xD184, 0xD184, 0xA0E3, 0xA0E3,
    0xA0E3, 0x0000, 0x0000, 0x0000, 0x0000, 0x0000, 0xEB65, 0xA103, 0xA103, 0x0000, 0x0001, 0x0001, 0x0001, 0x0001, 0x0001, 0x0001,
    0x0001, 0x0001, 0x0001, 0x0001, 0x0001, 0x0001, 0x0000, 0x0000, 0xA0E3, 0xF365, 0xF365, 0x0000, 0x0000, 0x0000, 0x0000, 0xA0E3,
    0xA0E3, 0xA0E3, 0xD164, 0xD164, 0xD164, 0x3022, 0x3022, 0x2801, 0x2801, 0x2801, 0x2801, 0xD184, 0xD184, 0xD184, 0xA0E3, 0xA0E3,
    0xA0E3, 0x0000, 0x0000, 0x0000, 0x0000, 0x0000, 0xEB65, 0xA103, 0xA103, 0x0000, 0x0001, 0x0001, 0x0001, 0x0001, 0x0001, 0x0001,
    0x0001, 0x0001, 0x0001, 0x0001, 0x0001, 0x0001, 0x0000, 0x0000, 0xA903, 0xA0E3, 0xA0E3, 0x0000, 0xA0E3, 0xA0E3, 0x1801, 0x0000,
    0x0000, 0x0000, 0xA0E3, 0xA0E3, 0xA0E3, 0xA0E3, 0xA0E3, 0xA0E3, 0xA8E3, 0xA8E3, 0xA0E3, 0xA8E3, 0xA8E3, 0xA0E3, 0x0000, 0x0000,
    0x0000, 0x0000, 0x0000, 0xA0E3, 0x1801, 0x1801, 0x4000, 0x98E3, 0x98E3, 0x0000, 0x0001, 0x0001, 0x0001, 0x0001, 0x0001, 0x0001,
    0x0001, 0x0001, 0x0001, 0x0001, 0x0001, 0x0000, 0xA8E3, 0xA8E3, 0x7821, 0x0000, 0x0000, 0xEB04, 0xEB24, 0xEB24, 0xA0E3, 0xA0E3,
    0xA0E3, 0x0000, 0x0000, 0x0000, 0x0000, 0x0000, 0x0000, 0x0000, 0x0000, 0x0000, 0x0000, 0x0000, 0x0000, 0x0000, 0x0000, 0x0000,
    0xA0E3, 0xA103, 0xA103, 0xEB45, 0xF365, 0xF365, 0x0000, 0x2800, 0x2800, 0xA8E3, 0x0000, 0x0000, 0x0001, 0x0001, 0x0001, 0x0001,
    0x0001, 0x0001, 0x0001, 0x0001, 0x0001, 0x0000, 0xA8E3, 0xA8E3, 0x7821, 0x0000, 0x0000, 0xEB04, 0xEB24, 0xEB24, 0xA0E3, 0xA0E3,
    0xA0E3, 0x0000, 0x0000, 0x0000, 0x0000, 0x0000, 0x0000, 0x0000, 0x0000, 0x0000, 0x0000, 0x0000, 0x0000, 0x0000, 0x0000, 0x0000,
    0xA0E3, 0xA103, 0xA103, 0xEB45, 0xF365, 0xF365, 0x0000, 0x2800, 0x2800, 0xA8E3, 0x0000, 0x0000, 0x0001, 0x0001, 0x0001, 0x0001,
    0x0001, 0x0001, 0x0001, 0x0001, 0x0001, 0x0000, 0xA0E3, 0xA0E3, 0x0000, 0xA0E3, 0xA0E3, 0xA0E3, 0xA0E3, 0xA0E3, 0x7884, 0x0000,
    0x0000, 0x0000, 0x0000, 0x0000, 0x0000, 0x1801, 0x1801, 0x1801, 0x2801, 0x2801, 0x2801, 0x0000, 0x0000, 0x0000, 0x0000, 0x0000,
    0x0000, 0x7884, 0x7884, 0xA0E3, 0xA0E3, 0xA0E3, 0xA0E3, 0x0000, 0x0000, 0x0000, 0x0000, 0x0000, 0x0001, 0x0001, 0x0001, 0x0001,
    0x0001, 0x0001, 0x0001, 0x0000, 0x0000, 0x78C7, 0x001C, 0x001C, 0x0003, 0xA903, 0xA903, 0xA0C3, 0xEB45, 0xEB45, 0x9E83, 0x0000,
    0x0000, 0x0000, 0x78C7, 0x78C7, 0x0000, 0x485D, 0x485D, 0x17E1, 0x2801, 0x2801, 0x2801, 0xCFA5, 0xCFA5, 0x0020, 0x875A, 0x875A,
    0x0000, 0x98E3, 0x98E3, 0xEB45, 0x6682, 0x6682, 0xA0E3, 0x0000, 0x0000, 0x0000, 0x78C7, 0x78C7, 0x8759, 0x0001, 0x0001, 0x0001,
    0x0001, 0x0001, 0x0001, 0x0000, 0x0000, 0x78C7, 0x001C, 0x001C, 0x0003, 0xA903, 0xA903, 0xA0C3, 0xEB45, 0xEB45, 0x9E83, 0x0000,
    0x0000, 0x0000, 0x78C7, 0x78C7, 0x0000, 0x485D, 0x485D, 0x17E1, 0x2801, 0x2801, 0x2801, 0xCFA5, 0xCFA5, 0x0020, 0x875A, 0x875A,
    0x0000, 0x98E3, 0x98E3, 0xEB45, 0x6682, 0x6682, 0xA0E3, 0x0000, 0x0000, 0x0000, 0x78C7, 0x78C7, 0x8759, 0x0001, 0x0001, 0x0001,
    0x0001, 0x0001, 0x0001, 0x0000, 0x0000, 0xA903, 0x001C, 0x001C, 0xA906, 0xEB45, 0xEB45, 0xA903, 0xEB25, 0xEB25, 0xE8E4, 0xA583,
    0xA583, 0x5F1D, 0x78C7, 0x78C7, 0x0000, 0x1801, 0x1801, 0x17E1, 0x2801, 0x2801, 0x2801, 0xD7C5, 0xD7C5, 0xF820, 0x875A, 0x875A,
    0xA0E3, 0xE345, 0xE345, 0xEB45, 0xA0E3, 0xA0E3, 0xA0E3, 0xADA0, 0xADA0, 0x56FD, 0x98E3, 0x98E3, 0x8759, 0x0001, 0x0001, 0x0001,
    0x0001, 0x0001, 0x0001, 0x0000, 0x0000, 0x0000, 0x0000, 0x0000, 0xC964, 0xEB45, 0xEB45, 0xEB45, 0xEB45, 0xEB45, 0xEB45, 0xEB45,
    0xEB45, 0xA0E3, 0x0000, 0x0000, 0x0000, 0xA903, 0xA903, 0xA903, 0xA903, 0xA903, 0xA903, 0x0000, 0x0000, 0x0000, 0xA0E3, 0xA0E3,
    0xEB45, 0xEB45, 0xEB45, 0xEB45, 0xEB45, 0xEB45, 0xEB45, 0xD164, 0xD164, 0x0000, 0x0000, 0x0000, 0x0000, 0x0001, 0x0001, 0x0001,
    0x0001, 0x0001, 0x0001, 0x0000, 0x0000, 0x0000, 0x0000, 0x0000, 0xC964, 0xEB45, 0xEB45, 0xEB45, 0xEB45, 0xEB45, 0xEB45, 0xEB45,
    0xEB45, 0xA0E3, 0x0000, 0x0000, 0x0000, 0xA903, 0xA903, 0xA903, 0xA903, 0xA903, 0xA903, 0x0000, 0x0000, 0x0000, 0xA0E3, 0xA0E3,
    0xEB45, 0xEB45, 0xEB45, 0xEB45, 0xEB45, 0xEB45, 0xEB45, 0xD164, 0xD164, 0x0000, 0x0000, 0x0000, 0x0000, 0x0001, 0x0001, 0x0001,
    0x0001, 0x0001, 0x0001, 0x0000, 0x0000, 0x0000, 0xA903, 0xA903, 0xD184, 0xD164, 0xD164, 0xC2C4, 0x5A43, 0x5A43, 0xC689, 0xD164,
    0xD164, 0xA0E3, 0x0000, 0x0000, 0x0001, 0x0000, 0x0000, 0xA903, 0xA903, 0xA903, 0xA903, 0x0001, 0x0001, 0x07E0, 0xA8E3, 0xA8E3,
    0xDA26, 0xE2C3, 0xE2C3, 0x9247, 0x2BC2, 0x2BC2, 0x0BA5, 0xD185, 0xD185, 0xA903, 0x56FD, 0x56FD, 0x0000, 0x0001, 0x0001, 0x0001,
    0x0001, 0x0001, 0x0001, 0x0001, 0x0001, 0x0000, 0xA103, 0xA103, 0xA103, 0xD184, 0xD184, 0x9267, 0x4242, 0x4242, 0xA4C8, 0xC985,
    0xC985, 0xA103, 0x0000, 0x0000, 0x0001, 0x0000, 0x0000, 0x0001, 0x0001, 0x0001, 0x0001, 0x0001, 0x0001, 0x07E0, 0xA103, 0xA103,
    0xD184, 0xE282, 0xE282, 0x19C1, 0xEB45, 0xEB45, 0x03A5, 0xA104, 0xA104, 0xA103, 0x56FD, 0x56FD, 0x0001, 0x0001, 0x0001, 0x0001,
    0x0001, 0x0001, 0x0001, 0x0001, 0x0001, 0x0000, 0xA103, 0xA103, 0xA103, 0xD184, 0xD184, 0x9267, 0x4242, 0x4242, 0xA4C8, 0xC985,
    0xC985, 0xA103, 0x0000, 0x0000, 0x0001, 0x0000, 0x0000, 0x0001, 0x0001, 0x0001, 0x0001, 0x0001, 0x0001, 0x07E0, 0xA103, 0xA103,
    0xD184, 0xE282, 0xE282, 0x19C1, 0xEB45, 0xEB45, 0x03A5, 0xA104, 0xA104, 0xA103, 0x56FD, 0x56FD, 0x0001, 0x0001, 0x0001, 0x0001,
    0x0001, 0x0001, 0x0001, 0x0001, 0x0001, 0x0001, 0x0000, 0x0000, 0xA103, 0xD184, 0xD184, 0x9267, 0x4242, 0x4242, 0x7C27, 0xD1A5,
    0xD1A5, 0xA903, 0x0000, 0x0000, 0x0001, 0x0000, 0x0000, 0x0001, 0x0001, 0x0001, 0x0001, 0x0001, 0x0001, 0x07E0, 0xA903, 0xA903,
    0xD184, 0x093F, 0x093F, 0x19C0, 0xEB65, 0xEB65, 0x03A5, 0xA8E4, 0xA8E4, 0x0000, 0x0001, 0x0001, 0x0001, 0x0001, 0x0001, 0x0001,
    0x0001, 0x0001, 0x0001, 0x0001, 0x0001, 0x0001, 0x0000, 0x0000, 0x7884, 0xC964, 0xC964, 0x9267, 0x4242, 0x4242, 0xD344, 0xA103,
    0xA103, 0xA903, 0x0000, 0x0000, 0x0001, 0x0000, 0x0000, 0x0001, 0x0001, 0x0001, 0x0001, 0x0001, 0x0001, 0x07E0, 0xA903, 0xA903,
    0xA0E3, 0x093F, 0x093F, 0x19C0, 0xEB45, 0xEB45, 0x03A5, 0x0000, 0x0000, 0x0000, 0x0001, 0x0001, 0x0001, 0x0001, 0x0001, 0x0001,
    0x0001, 0x0001, 0x0001, 0x0001, 0x0001, 0x0001, 0x0000, 0x0000, 0x7884, 0xC964, 0xC964, 0x9267, 0x4242, 0x4242, 0xD344, 0xA103,
    0xA103, 0xA903, 0x0000, 0x0000, 0x0001, 0x0000, 0x0000, 0x0001, 0x0001, 0x0001, 0x0001, 0x0001, 0x0001, 0x07E0, 0xA903, 0xA903,
    0xA0E3, 0x093F, 0x093F, 0x19C0, 0xEB45, 0xEB45, 0x03A5, 0x0000, 0x0000, 0x0000, 0x0001, 0x0001, 0x0001, 0x0001, 0x0001, 0x0001,
    0x0001, 0x0001, 0x0001, 0x0001, 0x0001, 0x0001, 0x0001, 0x0001, 0x0000, 0xA103, 0xA103, 0x98C5, 0x0000, 0x0000, 0x0000, 0x0000,
    0x0000, 0x0000, 0x0001, 0x0001, 0x0001, 0x0001, 0x0001, 0x0001, 0x0001, 0x0001, 0x0001, 0x0001, 0x0001, 0x0001, 0x0000, 0x0000,
    0x0000, 0x0000, 0x0000, 0x7086, 0xA103, 0xA103, 0xA103, 0x0000, 0x0000, 0x0001, 0x0001, 0x0001, 0x0001, 0x0001, 0x0001, 0x0001,
    0x0001, 0x0001, 0x0001, 0x0001, 0x0001, 0x0001, 0x0001, 0x0001, 0x0000, 0x0000, 0x0000, 0x0000, 0x0001, 0x0001, 0x0001, 0x0001,
    0x0001, 0x0001, 0x0001, 0x0001, 0x0001, 0x0001, 0x0001, 0x0001, 0x0001, 0x0001, 0x0001, 0x0001, 0x0001, 0x0001, 0x0001, 0x0001,
    0x0001, 0x0001, 0x0001, 0x0000, 0x0000, 0x0000, 0x0000, 0x0000, 0x0000, 0x0001, 0x0001, 0x0001, 0x0001, 0x0001, 0x0001, 0x0001,
    0x0001, 0x0001, 0x0001, 0x0001, 0x0001, 0x0001, 0x0001, 0x0001, 0x0000, 0x0000, 0x0000, 0x0000, 0x0001, 0x0001, 0x0001, 0x0001,
    0x0001, 0x0001, 0x0001, 0x0001, 0x0001, 0x0001, 0x0001, 0x0001, 0x0001, 0x0001, 0x0001, 0x0001, 0x0001, 0x0001, 0x0001, 0x0001,
    0x0001, 0x0001, 0x0001, 0x0000, 0x0000, 0x0000, 0x0000, 0x0000, 0x0000, 0x0001, 0x0001, 0x0001, 0x0001, 0x0001, 0x0001, 0x0001,
    0x0001, 0x0001, 0x0001, 0x0001, 0x0001, 0x0001, 0x0001, 0x0001, 0x0001, 0x0001, 0x0001, 0x0001, 0x0001, 0x0001, 0x0001, 0x0001,
    0x0001, 0x0001, 0x0001, 0x0001, 0x0001, 0x0001, 0x0001, 0x0001, 0x0001, 0x0001, 0x0001, 0x0001, 0x0001, 0x0001, 0x0001, 0x0001,
    0x0001, 0x0001, 0x0001, 0x0001, 0x0001, 0x0001, 0x0001, 0x0001, 0x0001, 0x0001, 0x0001, 0x0001, 0x0001, 0x0001, 0x0001, 0x0001,
    0x0001, 0x0001, 0x0001, 0x0001, 0x0001, 0x0001, 0x0001, 0x0001, 0x0001, 0x0001, 0x0001, 0x0001, 0x0001, 0x0001, 0x0001, 0x0001,
    0x0001, 0x0001, 0x0001, 0x0001, 0x0001, 0x0001, 0x0001, 0x0001, 0x0001, 0x0001, 0x0001, 0x0001, 0x0001, 0x0001, 0x0001, 0x0001,
    0x0001, 0x0001, 0x0001, 0x0001, 0x0001, 0x0001, 0x0001, 0x0001, 0x0001, 0x0001, 0x0001, 0x0001, 0x0001, 0x0001, 0x0001, 0x0001,
    0x0001, 0x0001, 0x0001, 0x0001, 0x0001, 0x0001, 0x0001, 0x0001, 0x0001, 0x0001, 0x0001, 0x0001, 0x0001, 0x0001, 0x0001, 0x0001,
    0x0001, 0x0001, 0x0001, 0x0001, 0x0001, 0x0001, 0x0001, 0x0001, 0x0001, 0x0001, 0x0001, 0x0001, 0x0001, 0x0001, 0x0001, 0x0001,
    0x0001, 0x0001, 0x0001, 0x0001, 0x0001, 0x0001, 0x0001, 0x0001, 0x0001, 0x0001, 0x0001, 0x0001, 0x0001, 0x0001, 0x0001, 0x0001,
    0x0001, 0x0001, 0x0001, 0x0001, 0x0001, 0x0001, 0x0001, 0x0001, 0x0001, 0x0001, 0x0001, 0x0001, 0x0001, 0x0001, 0x0001, 0x0001,
    0x0001, 0x0001, 0x0001, 0x0001, 0x0001, 0x0001, 0x0001, 0x0001, 0x0001, 0x0001, 0x0001, 0x0001, 0x0001, 0x0001, 0x0001, 0x0001,
    0x0001, 0x0001, 0x0001, 0x0001, 0x0001, 0x0001, 0x0001, 0x0001, 0x0001, 0x0001, 0x0001, 0x0001, 0x0001, 0x0001, 0x0001, 0x0001
  },
  {
    0x0001, 0x0001, 0x0001, 0x0001, 0x0001, 0x0001, 0x0001, 0x0001, 0x0001, 0x0001, 0x0001, 0x0001, 0x0001, 0x0001, 0x0001, 0x0001,
    0x0001, 0x0001, 0x0001, 0x0001, 0x0001, 0x0001, 0x0001, 0x0001, 0x0001, 0x0001, 0x0001, 0x0001, 0x0001, 0x0001, 0x0001, 0x0001,
    0x0001, 0x0001, 0x0001, 0x0001, 0x0001, 0x0001, 0x0001, 0x0001, 0x0001, 0x0001, 0x0001, 0x0001, 0x0001, 0x0001, 0x0001, 0x0001,
    0x0001, 0x0001, 0x0001, 0x0001, 0x0001, 0x0001, 0x0001, 0x0001, 0x0001, 0x0001, 0x0001, 0x0001, 0x0001, 0x0001, 0x0001, 0x0001,
    0x0001, 0x0001, 0x0001, 0x0001, 0x0001, 0x0001, 0x0001, 0x0001, 0x0001, 0x0001, 0x0001, 0x0001, 0x0001, 0x0001, 0x0001, 0x0001,
    0x0001, 0x0001, 0x0001, 0x0001, 0x0001, 0x0001, 0x0001, 0x0001, 0x0001, 0x0001, 0x0001, 0x0001, 0x0001, 0x0001, 0x0001, 0x0001,
    0x0001, 0x0001, 0x0001, 0x0001, 0x0001, 0x0001, 0x0001, 0x0001, 0x0001, 0x0001, 0x0001, 0x0001, 0x0001, 0x0001, 0x0001, 0x0001,
    0x0001, 0x0001, 0x0001, 0x0001, 0x0001, 0x0001, 0x0001, 0x0001, 0x0001, 0x0001, 0x0001, 0x0001, 0x0001, 0x0001, 0x0001, 0x0001,
    0x0001, 0x0001, 0x0001, 0x0001, 0x0001, 0x0001, 0x0001, 0x0001, 0x0001, 0x0001, 0x0001, 0x0001, 0x0001, 0x0001, 0x0001, 0x0001,
    0x0001, 0x0001, 0x0001, 0x0001, 0x0001, 0x0001, 0x0001, 0x0001, 0x0001, 0x0001, 0x0001, 0x0001, 0x0001, 0x0001, 0x0000, 0x0000,
    0x0000, 0x0001, 0x0001, 0x0001, 0x0001, 0x0001, 0x0001, 0x0001, 0x0001, 0x0001, 0x0001, 0x0001, 0x0001, 0x0001, 0x0001, 0x0001,
    0x0000, 0x0000, 0x0000, 0x0001, 0x0001, 0x0001, 0x0001, 0x0001, 0x0001, 0x0001, 0x0001, 0x0001, 0x0001, 0x0001, 0x0001, 0x0001,
    0x0001, 0x0001, 0x0001, 0x0001, 0x0001, 0x0001, 0x0001, 0x0001, 0x0001, 0x0001, 0x0001, 0x0001, 0x0001, 0x0001, 0x0000, 0x0000,
    0x0000, 0x0001, 0x0001, 0x0001, 0x0001, 0x0001, 0x0001, 0x0001, 0x0001, 0x0001, 0x0001, 0x0001, 0x0001, 0x0001, 0x0001, 0x0001,
    0x0000, 0x0000, 0x0000, 0x0001, 0x0001, 0x0001, 0x0001, 0x0001, 0x0001, 0x0001, 0x0001, 0x0001, 0x0001, 0x0001, 0x0001, 0x0001,
    0x0001, 0x0001, 0x0001, 0x0001, 0x0001, 0x0001, 0x0001, 0x0001, 0x0001, 0x0001, 0x0001, 0x0001, 0x0000, 0x0000, 0xAE9F, 0xAE9F,
    0xAE9F, 0x0000, 0x0001, 0x0001, 0x0001, 0x0001, 0x0001, 0x0001, 0x0001, 0x0001, 0x0001, 0x0001, 0x0001, 0x0001, 0x0000, 0x0000,
    0xAE9F, 0xAE9F, 0xAE9F, 0x0000, 0x0001, 0x0001, 0x0001, 0x0001, 0x0001, 0x0001, 0x0001, 0x0001, 0x0001, 0x0001, 0x0001, 0x0001,
    0x0001, 0x0001, 0x0001, 0x0001, 0x0001, 0x0001, 0x0001, 0x0001, 0x0001, 0x0001, 0x0001, 0x0001, 0x0000, 0x0000, 0x496A, 0xC0AD,
    0xC0AD, 0x0000, 0x0000, 0x0000, 0x0001, 0x0001, 0x0001, 0x0001, 0x0001, 0x0001, 0x0001, 0x0001, 0x0001, 0x0000, 0x0000, 0x0000,
    0x6379, 0x9491, 0x9491, 0x0000, 0x0001, 0x0001, 0x0001, 0x0001, 0x0001, 0x0001, 0x0001, 0x0001, 0x0001, 0x0001, 0x0001, 0x0001,
    0x0001, 0x0001, 0x0001, 0x0001, 0x0001, 0x0001, 0x0001, 0x0001, 0x0001, 0x0001, 0x0001, 0x0001, 0x0000, 0x0000, 0x496A, 0xC0AD,
    0xC0AD, 0x0000, 0x0000, 0x0000, 0x0001, 0x0001, 0x0001, 0x0001, 0x0001, 0x0001, 0x0001, 0x0001, 0x0001, 0x0000, 0x0000, 0x0000,
    0x6379, 0x9491, 0x9491, 0x0000, 0x0001, 0x0001, 0x0001, 0x0001, 0x0001, 0x0001, 0x0001, 0x0001, 0x0001, 0x0001, 0x0001, 0x0001,
    0x0001, 0x0001, 0x0001, 0x0001, 0x0001, 0x0001, 0x0001, 0x0001, 0x0001, 0x0001, 0x0001, 0x0001, 0x0001, 0x0001, 0x0001, 0x0000,
    0x0000, 0x0000, 0x6379, 0x6379, 0x0000, 0x0000, 0x0000, 0x0000, 0x0000, 0x0000, 0x0000, 0x0000, 0x0000, 0x6379, 0x0000, 0x0000,
    0x0000, 0x0001, 0x0001, 0x0001, 0x0001, 0x0001, 0x0001, 0x0001, 0x0001, 0x0001, 0x0001, 0x0001, 0x0001, 0x0001, 0x0001, 0x0001,
    0x0001, 0x0001, 0x0001, 0x0001, 0x0001, 0x0001, 0x0001, 0x0001, 0x0001, 0x0001, 0x0001, 0x0001, 0x0001, 0x0001, 0x0001, 0x0001,
    0x0001, 0x0000, 0x0000, 0x0000, 0xF365, 0xF345, 0xF345, 0xF345, 0xF345, 0xF345, 0xF345, 0xF365, 0xF365, 0x0000, 0x0000, 0x0000,
    0x0001, 0x0001, 0x0001, 0x0001, 0x0001, 0x0001, 0x0001, 0x0001, 0x0001, 0x0001, 0x0001, 0x0001, 0x0001, 0x0001, 0x0001, 0x0001,
    0x0001, 0x0001, 0x0001, 0x0001, 0x0001, 0x0001, 0x0001, 0x0001, 0x0001, 0x0001, 0x0001, 0x0001, 0x0001, 0x0001, 0x0001, 0x0001,
    0x0001, 0x0000, 0x0000, 0x0000, 0xF365, 0xF345, 0xF345, 0xF345, 0xF345, 0xF345, 0xF345, 0xF365, 0xF365, 0x0000, 0x0000, 0x0000,
    0x0001, 0x0001, 0x0001, 0x0001, 0x0001, 0x0001, 0x0001, 0x0001, 0x0001, 0x0001, 0x0001, 0x0001, 0x0001, 0x0001, 0x0001, 0x0001,
    0x0001, 0x0001, 0x0001, 0x0001, 0x0001, 0x0001, 0x0001, 0x0001, 0x0001, 0x0001, 0x0001, 0x0001, 0x0001, 0x0001, 0x0001, 0x0000,
    0x0000, 0xD184, 0xFFE0, 0xFFE0, 0xEB45, 0x046B, 0x046B, 0xEBE8, 0xF345, 0xF345, 0xF2A1, 0xE23E, 0xE23E, 0xD189, 0xF800, 0xF800,
    0x2E7C, 0x0001, 0x0001, 0x0001, 0x0001, 0x0001, 0x0001, 0x0001, 0x0001, 0x0001, 0x0001, 0x0001, 0x0001, 0x0001, 0x0001, 0x0001,
    0x0001, 0x0001, 0x0001, 0x0001, 0x0001, 0x0001, 0x0001, 0x0001, 0x0001, 0x0001, 0x0001, 0x0001, 0x0001, 0x0001, 0x0000, 0xA8E3,
    0xA8E3, 0xD184, 0x19C0, 0x19C0, 0xEB45, 0x046B, 0x046B, 0xEBE8, 0xF345, 0xF345, 0xE19B, 0xDA3F, 0xDA3F, 0xF349, 0xF800, 0xF800,
    0xD77F, 0x0001, 0x0001, 0x0001, 0x0001, 0x0001, 0x0001, 0x0001, 0x0001, 0x0001, 0x0001, 0x0001, 0x0001, 0x0001, 0x0001, 0x0001,
    0x0001, 0x0001, 0x0001, 0x0001, 0x0001, 0x0001, 0x0001, 0x0001, 0x0001, 0x0001, 0x0001, 0x0001, 0x0001, 0x0001, 0x0000, 0xA8E3,
    0xA8E3, 0xD184, 0x19C0, 0x19C0, 0xEB45, 0x046B, 0x046B, 0xEBE8, 0xF345, 0xF345, 0xE19B, 0xDA3F, 0xDA3F, 0xF349, 0xF800, 0xF800,
    0xD77F, 0x0001, 0x0001, 0x0001, 0x0001, 0x0001, 0x0001, 0x0001, 0x0001, 0x0001, 0x0001, 0x0001, 0x0001, 0x0001, 0x0001, 0x0001,
    0x0001, 0x0001, 0x0001, 0x0001, 0x0001, 0x0001, 0x0001, 0x0001, 0x0001, 0x0001, 0x0001, 0x0001, 0x0000, 0x0000, 0xA8E3, 0xEB45,
    0xEB45, 0xA903, 0x19C0, 0x19C0, 0xF345, 0xF345, 0xF345, 0xDA3F, 0xE19B, 0xE19B, 0xE19B, 0xE23E, 0xE23E, 0xF349, 0xD77F, 0xD77F,
    0x19C0, 0x0001, 0x0001, 0x0000, 0x0001, 0x0001, 0x0001, 0x0001, 0x0001, 0x0001, 0x0001, 0x0001, 0x0001, 0x0001, 0x0001, 0x0001,
    0x0001, 0x0001, 0x0001, 0x0001, 0x0001, 0x0001, 0x0001, 0x0001, 0x0001, 0x0001, 0x0001, 0x0001, 0x0000, 0x0000, 0xA0E3, 0xEB45,
    0xEB45, 0xA903, 0xD77F, 0xD77F, 0xF345, 0xF365, 0xF365, 0xE23F, 0xE19B, 0xE19B, 0xE19B, 0xE23F, 0xE23F, 0xA0E8, 0xD79F, 0xD79F,
    0x19C0, 0x0001, 0x0001, 0x0000, 0x0001, 0x0001, 0x0001, 0x0001, 0x0001, 0x0001, 0x0001, 0x0001, 0x0001, 0x0001, 0x0001, 0x0001,
    0x0001, 0x0001, 0x0001, 0x0001, 0x0001, 0x0001, 0x0001, 0x0001, 0x0001, 0x0001, 0x0001, 0x0001, 0x0000, 0x0000, 0xA0E3, 0xEB45,
    0xEB45, 0xA903, 0xD77F, 0xD77F, 0xF345, 0xF365, 0xF365, 0xE23F, 0xE19B, 0xE19B, 0xE19B, 0xE23F, 0xE23F, 0xA0E8, 0xD79F, 0xD79F,
    0x19C0, 0x0001, 0x0001, 0x0000, 0x0001, 0x0001, 0x0001, 0x0001, 0x0001, 0x0001, 0x0001, 0x0001, 0x0001, 0x0001, 0x0001, 0x0001,
    0x0001, 0x0001, 0x0001, 0x0001, 0x0001, 0x0001, 0x0001, 0x0001, 0x0001, 0x0001, 0x0001, 0x0001, 0x0000, 0x0000, 0xC964, 0xF365,
    0xF365, 0xA103, 0x5D14, 0x5D14, 0xA0E3, 0xA0E3, 0xA0E3, 0xE23F, 0xE19B, 0xE19B, 0x9F3A, 0x9FFD, 0x9FFD, 0x369D, 0xD77F, 0xD77F,
    0x19C0, 0x0001, 0x0001, 0x0000, 0x0001, 0x0001, 0x0001, 0x0001, 0x0001, 0x0001, 0x0001, 0x0001, 0x0001, 0x0001, 0x0001, 0x0001,
    0x0001, 0x0001, 0x0001, 0x0001, 0x0001, 0x0001, 0x0001, 0x0001, 0x0001, 0x0001, 0x0001, 0x0000, 0xA903, 0xA903, 0xD184, 0xD184,
    0xD184, 0xA0E3, 0x2E39, 0x2E39, 0x6000, 0xFF3B, 0xFF3B, 0xE4EA, 0xE21B, 0xE21B, 0x4C6D, 0x4102, 0x4102, 0x2FC2, 0x877D, 0x877D,
    0x0000, 0x0001, 0x0001, 0xA903, 0x571D, 0x571D, 0x0001, 0x0001, 0x0001, 0x0001, 0x0001, 0x0001, 0x0001, 0x0001, 0x0001, 0x0001,
    0x0001, 0x0001, 0x0001, 0x0001, 0x0001, 0x0001, 0x0001, 0x0001, 0x0001, 0x0001, 0x0001, 0x0000, 0xA903, 0xA903, 0xD184, 0xD184,
    0xD184, 0xA0E3, 0x2E39, 0x2E39, 0x6000, 0xFF3B, 0xFF3B, 0xE4EA, 0xE21B, 0xE21B, 0x4C6D, 0x4102, 0x4102, 0x2FC2, 0x877D, 0x877D,
    0x0000, 0x0001, 0x0001, 0xA903, 0x571D, 0x571D, 0x0001, 0x0001, 0x0001, 0x0001, 0x0001, 0x0001, 0x0001, 0x0001, 0x0001, 0x0001,
    0x0001, 0x0001, 0x0001, 0x0001, 0x0001, 0x0001, 0x0001, 0x0001, 0x0001, 0x0001, 0x0001, 0x0000, 0xA103, 0xA103, 0xDA26, 0xD184,
    0xD184, 0xDA26, 0x2E39, 0x2E39, 0xBE37, 0xFF1B, 0xFF1B, 0x154B, 0x0ABC, 0x0ABC, 0x4C6D, 0x9F39, 0x9F39, 0x2FC2, 0xB8A0, 0xB8A0,
    0x07E0, 0x0001, 0x0001, 0xA903, 0x571D, 0x571D, 0x0001, 0x0001, 0x0001, 0x0001, 0x0001, 0x0001, 0x0001, 0x0001, 0x0001, 0x0001,
    0x0001, 0x0001, 0x0001, 0x0001, 0x0001, 0x0001, 0x0001, 0x0001, 0x0001, 0x0000, 0x0000, 0x0000, 0xA8E3, 0xA8E3, 0xD184, 0xEAA8,
    0xEAA8, 0xD164, 0xD164, 0xD164, 0xEB45, 0xEB45, 0xEB45, 0xEB45, 0xEB45, 0xEB45, 0xEB45, 0xEB45, 0xEB45, 0xD184, 0xD164, 0xD164,
    0xEAA8, 0xD184, 0xD184, 0xA903, 0x0000, 0x0000, 0x0000, 0x0001, 0x0001, 0x0001, 0x0001, 0x0001, 0x0001, 0x0001, 0x0001, 0x0001,
    0x0001, 0x0001, 0x0001, 0x0001, 0x0001, 0x0001, 0x0001, 0x0001, 0x0001, 0x0000, 0x0000, 0x0000, 0xA8E3, 0xA8E3, 0xD184, 0xEAA8,
    0xEAA8, 0xD164, 0xD164, 0xD164, 0xEB45, 0xEB45, 0xEB45, 0xEB45, 0xEB45, 0xEB45, 0xEB45, 0xEB45, 0xEB45, 0xD184, 0xD164, 0xD164,
    0xEAA8, 0xD184, 0xD184, 0xA903, 0x0000, 0x0000, 0x0000, 0x0001, 0x0001, 0x0001, 0x0001, 0x0001, 0x0001, 0x0001, 0x0001, 0x0001,
    0x0001, 0x0001, 0x0001, 0x0001, 0x0001, 0x0001, 0x0000, 0x0000, 0xA0E3, 0xF345, 0xF345, 0x0000, 0xA8E3, 0xA8E3, 0xD184, 0xD184,
    0xD184, 0xE226, 0xDA26, 0xDA26, 0x0000, 0xEB45, 0xEB45, 0xEB45, 0xEB45, 0xEB45, 0xEB45, 0x0000, 0x0000, 0xDA27, 0xE226, 0xE226,
    0xD184, 0xD184, 0xD184, 0xA8E3, 0x0000, 0x0000, 0xF345, 0xA103, 0xA103, 0x0000, 0x0001, 0x0001, 0x0001, 0x0001, 0x0001, 0x0001,
    0x0001, 0x0001, 0x0001, 0x0001, 0x0001, 0x0001, 0x0000, 0x0000, 0x78A6, 0xA8E2, 0xA8E2, 0x0000, 0x0000, 0x0000, 0x50E6, 0xFA06,
    0xFA06, 0xD184, 0xEAC8, 0xEAC8, 0xDA26, 0x001F, 0x001F, 0xEB45, 0xEB45, 0xEB45, 0xEB45, 0xDA26, 0xDA26, 0xDA26, 0xD184, 0xD184,
    0xD1A5, 0xA903, 0xA903, 0x0000, 0x0000, 0x0000, 0xA903, 0x78A7, 0x78A7, 0x0000, 0x0001, 0x0001, 0x0001, 0x0001, 0x0001, 0x0001,
    0x0001, 0x0001, 0x0001, 0x0001, 0x0001, 0x0001, 0x0000, 0x0000, 0x78A6, 0xA8E2, 0xA8E2, 0x0000, 0x0000, 0x0000, 0x50E6, 0xFA06,
    0xFA06, 0xD184, 0xEAC8, 0xEAC8, 0xDA26, 0x001F, 0x001F, 0xEB45, 0xEB45, 0xEB45, 0xEB45, 0xDA26, 0xDA26, 0xDA26, 0xD184, 0xD184,
    0xD1A5, 0xA903, 0xA903, 0x0000, 0x0000, 0x0000, 0xA903, 0x78A7, 0x78A7, 0x0000, 0x0001, 0x0001, 0x0001, 0x0001, 0x0001, 0x0001,
    0x0001, 0x0001, 0x0001, 0x0001, 0x0001, 0x0000, 0xB124, 0xB124, 0xB124, 0x0000, 0x0000, 0xF345, 0xF365, 0xF365, 0x0000, 0xA8E3,
    0xA8E3, 0xA903, 0xD185, 0xD185, 0xD184, 0xD184, 0xD184, 0xD184, 0xD184, 0xD184, 0xD184, 0xD184, 0xD184, 0xD184, 0xA8E3, 0xA8E3,
    0xA903, 0x0000, 0x0000, 0xF345, 0xF365, 0xF365, 0x0000, 0xB124, 0xB124, 0xB124, 0x0000, 0x0000, 0x0001, 0x0001, 0x0001, 0x0001,
    0x0001, 0x0001, 0x0001, 0x0001, 0x0001, 0x0000, 0xA903, 0xA903, 0x0820, 0xF345, 0xF345, 0xA8E3, 0xEB44, 0xEB44, 0xA103, 0x07E0,
    0x07E0, 0xA903, 0x7988, 0x7988, 0xD165, 0xD184, 0xD184, 0xD184, 0xC964, 0xC964, 0xD164, 0xD184, 0xD184, 0xD184, 0x0000, 0x0000,
    0xA8E3, 0xA104, 0xA104, 0xA0E3, 0xF345, 0xF345, 0xF365, 0xC5DF, 0xC5DF, 0x6227, 0x0124, 0x0124, 0x0001, 0x0001, 0x0001, 0x0001,
    0x0001, 0x0001, 0x0001, 0x0001, 0x0001, 0x0000, 0xA903, 0xA903, 0x0820, 0xF345, 0xF345, 0xA8E3, 0xEB44, 0xEB44, 0xA103, 0x07E0,
    0x07E0, 0xA903, 0x7988, 0x7988, 0xD165, 0xD184, 0xD184, 0xD184, 0xC964, 0xC964, 0xD164, 0xD184, 0xD184, 0xD184, 0x0000, 0x0000,
    0xA8E3, 0xA104, 0xA104, 0xA0E3, 0xF345, 0xF345, 0xF365, 0xC5DF, 0xC5DF, 0x6227, 0x0124, 0x0124, 0x0001, 0x0001, 0x0001, 0x0001,
    0x0001, 0x0001, 0x0001, 0x0000, 0x0000, 0xA903, 0x0000, 0x0000, 0x0000, 0xA0E3, 0xA0E3, 0xA104, 0xF345, 0xF345, 0x7884, 0x0000,
    0x0000, 0x0000, 0x0000, 0x0000, 0x0000, 0x0000, 0x0000, 0x0000, 0x0000, 0x0000, 0x0000, 0x0000, 0x0000, 0x0000, 0x0000, 0x0000,
    0x0000, 0x7884, 0x7884, 0xEB45, 0xA903, 0xA903, 0xA0E3, 0x0000, 0x0000, 0x0000, 0xA903, 0xA903, 0x0000, 0x0001, 0x0001, 0x0001,
    0x0001, 0x0001, 0x0001, 0x0000, 0x0000, 0x78C7, 0x0000, 0x0000, 0xA903, 0xEB45, 0xEB45, 0xA104, 0xF325, 0xF325, 0xF345, 0xAE43,
    0xAE43, 0x571D, 0x78C7, 0x78C7, 0xFFE0, 0x305D, 0x305D, 0x0000, 0x0000, 0x0000, 0x0000, 0xD7A4, 0xD7A4, 0xF800, 0x875A, 0x875A,
    0xA8E3, 0xC305, 0xC305, 0xEB44, 0xF365, 0xF365, 0xA903, 0xADA0, 0xADA0, 0x56FD, 0x78C7, 0x78C7, 0x0000, 0x0001, 0x0001, 0x0001,
    0x0001, 0x0001, 0x0001, 0x0000, 0x0000, 0x78C7, 0x0000, 0x0000, 0xA903, 0xEB45, 0xEB45, 0xA104, 0xF325, 0xF325, 0xF345, 0xAE43,
    0xAE43, 0x571D, 0x78C7, 0x78C7, 0xFFE0, 0x305D, 0x305D, 0x0000, 0x0000, 0x0000, 0x0000, 0xD7A4, 0xD7A4, 0xF800, 0x875A, 0x875A,
    0xA8E3, 0xC305, 0xC305, 0xEB44, 0xF365, 0xF365, 0xA903, 0xADA0, 0xADA0, 0x56FD, 0x78C7, 0x78C7, 0x0000, 0x0001, 0x0001, 0x0001,
    0x0001, 0x0001, 0x0001, 0x0000, 0x0000, 0x0000, 0x0000, 0x0000, 0xC964, 0xEB25, 0xEB25, 0xA904, 0xEB25, 0xEB25, 0xF345, 0xAE43,
    0xAE43, 0x571D, 0x78C7, 0x78C7, 0x8739, 0x305D, 0x305D, 0x0000, 0x0000, 0x0000, 0x0000, 0xD7A0, 0xD7A0, 0x78C7, 0x875A, 0x875A,
    0xA8E3, 0xC305, 0xC305, 0xEB45, 0xF345, 0xF345, 0xA903, 0xD601, 0xD601, 0x56FD, 0x0000, 0x0000, 0x0000, 0x0001, 0x0001, 0x0001,
    0x0001, 0x0001, 0x0001, 0x0000, 0x0000, 0x0000, 0xA8E3, 0xA8E3, 0xC964, 0xEB25, 0xEB25, 0x6682, 0xEB25, 0xEB25, 0xF365, 0xE885,
    0xE885, 0x571D, 0x0000, 0x0000, 0x0001, 0x0001, 0x0001, 0x0001, 0x0001, 0x0001, 0x0001, 0x0001, 0x0001, 0xF800, 0x875A, 0x875A,
    0xEB45, 0xC2E5, 0xC2E5, 0xEB45, 0xA0E3, 0xA0E3, 0xA903, 0xCE01, 0xCE01, 0xF800, 0x0000, 0x0000, 0x0000, 0x0001, 0x0001, 0x0001,
    0x0001, 0x0001, 0x0001, 0x0000, 0x0000, 0x0000, 0xA8E3, 0xA8E3, 0xC964, 0xEB25, 0xEB25, 0x6682, 0xEB25, 0xEB25, 0xF365, 0xE885,
    0xE885, 0x571D, 0x0000, 0x0000, 0x0001, 0x0001, 0x0001, 0x0001, 0x0001, 0x0001, 0x0001, 0x0001, 0x0001, 0xF800, 0x875A, 0x875A,
    0xEB45, 0xC2E5, 0xC2E5, 0xEB45, 0xA0E3, 0xA0E3, 0xA903, 0xCE01, 0xCE01, 0xF800, 0x0000, 0x0000, 0x0000, 0x0001, 0x0001, 0x0001,
    0x0001, 0x0001, 0x0001, 0x0001, 0x0001, 0x0000, 0xA103, 0xA103, 0xD184, 0xC964, 0xC964, 0x6682, 0x98A5, 0x98A5, 0xF365, 0xCEA4,
    0xCEA4, 0xF800, 0x0000, 0x0000, 0x0001, 0x0001, 0x0001, 0x0001, 0x0001, 0x0001, 0x0001, 0x0001, 0x0001, 0xF800, 0x285D, 0x285D,
    0xC964, 0xC2E5, 0xC2E5, 0x80A6, 0xA8E3, 0xA8E3, 0x8F43, 0xD621, 0xD621, 0xF800, 0x0000, 0x0000, 0x0001, 0x0001, 0x0001, 0x0001,
    0x0001, 0x0001, 0x0001, 0x0001, 0x0001, 0x0000, 0xA903, 0xA903, 0xA103, 0xC964, 0xC964, 0xBDBF, 0x80A6, 0x80A6, 0xD185, 0xCEA4,
    0xCEA4, 0x0000, 0x0000, 0x0000, 0x0001, 0x0001, 0x0001, 0x0001, 0x0001, 0x0001, 0x0001, 0x0001, 0x0001, 0xF800, 0x303D, 0x303D,
    0xD164, 0xA924, 0xA924, 0x78A6, 0x0000, 0x0000, 0x8F43, 0xADA0, 0xADA0, 0xF800, 0x0000, 0x0000, 0x0001, 0x0001, 0x0001, 0x0001,
    0x0001, 0x0001, 0x0001, 0x0001, 0x0001, 0x0000, 0xA903, 0xA903, 0xA103, 0xC964, 0xC964, 0xBDBF, 0x80A6, 0x80A6, 0xD185, 0xCEA4,
    0xCEA4, 0x0000, 0x0000, 0x0000, 0x0001, 0x0001, 0x0001, 0x0001, 0x0001, 0x0001, 0x0001, 0x0001, 0x0001, 0xF800, 0x303D, 0x303D,
    0xD164, 0xA924, 0xA924, 0x78A6, 0x0000, 0x0000, 0x8F43, 0xADA0, 0xADA0, 0xF800, 0x0000, 0x0000, 0x0001, 0x0001, 0x0001, 0x0001,
    0x0001, 0x0001, 0x0001, 0x0001, 0x0001, 0x0001, 0x0000, 0x0000, 0xA103, 0xC964, 0xC964, 0x3665, 0xFFE0, 0xFFE0, 0xD185, 0xCEA4,
    0xCEA4, 0x571D, 0x0001, 0x0001, 0x0001, 0x0001, 0x0001, 0x0001, 0x0001, 0x0001, 0x0001, 0x0001, 0x0001, 0x0001, 0x875A, 0x875A,
    0xC964, 0xA104, 0xA104, 0xFFE0, 0x78C7, 0x78C7, 0x8F43, 0xAD80, 0xAD80, 0x56FD, 0x0001, 0x0001, 0x0001, 0x0001, 0x0001, 0x0001,
    0x0001, 0x0001, 0x0001, 0x0001, 0x0001, 0x0001, 0x0000, 0x0000, 0xA103, 0xC944, 0xC944, 0x3665, 0xFFE0, 0xFFE0, 0xA903, 0xD6C5,
    0xD6C5, 0x571D, 0x0001, 0x0001, 0x0001, 0x0001, 0x0001, 0x0001, 0x0001, 0x0001, 0x0001, 0x0001, 0x0001, 0x0001, 0x875A, 0x875A,
    0xB124, 0xA104, 0xA104, 0xFFE0, 0x78C7, 0x78C7, 0x8723, 0xA580, 0xA580, 0x56FD, 0x0001, 0x0001, 0x0001, 0x0001, 0x0001, 0x0001,
    0x0001, 0x0001, 0x0001, 0x0001, 0x0001, 0x0001, 0x0000, 0x0000, 0xA103, 0xC944, 0xC944, 0x3665, 0xFFE0, 0xFFE0, 0xA903, 0xD6C5,
    0xD6C5, 0x571D, 0x0001, 0x0001, 0x0001, 0x0001, 0x0001, 0x0001, 0x0001, 0x0001, 0x0001, 0x0001, 0x0001, 0x0001, 0x875A, 0x875A,
    0xB124, 0xA104, 0xA104, 0xFFE0, 0x78C7, 0x78C7, 0x8723, 0xA580, 0xA580, 0x56FD, 0x0001, 0x0001, 0x0001, 0x0001, 0x0001, 0x0001,
    0x0001, 0x0001, 0x0001, 0x0001, 0x0001, 0x0001, 0x0000, 0x0000, 0xA8E3, 0x78C7, 0x78C7, 0x0000, 0x0001, 0x0001, 0x0000, 0x0000,
    0x0000, 0x0001, 0x0001, 0x0001, 0x0001, 0x0001, 0x0001, 0x0001, 0x0001, 0x0001, 0x0001, 0x0001, 0x0001, 0x0001, 0x0001, 0x0001,
    0x0000, 0x0000, 0x0000, 0x0001, 0x0000, 0x0000, 0x78C7, 0xA8E3, 0xA8E3, 0x0000, 0x0001, 0x0001, 0x0001, 0x0001, 0x0001, 0x0001,
    0x0001, 0x0001, 0x0001, 0x0001, 0x0001, 0x0001, 0x0001, 0x0001, 0x0000, 0x0000, 0x0000, 0x0001, 0x0001, 0x0001, 0x0001, 0x0001,
    0x0001, 0x0001, 0x0001, 0x0001, 0x0001, 0x0001, 0x0001, 0x0001, 0x0001, 0x0001, 0x0001, 0x0001, 0x0001, 0x0001, 0x0001, 0x0001,
    0x0001, 0x0001, 0x0001, 0x0001, 0x0001, 0x0001, 0x0000, 0x0000, 0x0000, 0x0001, 0x0001, 0x0001, 0x0001, 0x0001, 0x0001, 0x0001,
    0x0001, 0x0001, 0x0001, 0x0001, 0x0001, 0x0001, 0x0001, 0x0001, 0x0000, 0x0000, 0x0000, 0x0001, 0x0001, 0x0001, 0x0001, 0x0001,
    0x0001, 0x0001, 0x0001, 0x0001, 0x0001, 0x0001, 0x0001, 0x0001, 0x0001, 0x0001, 0x0001, 0x0001, 0x0001, 0x0001, 0x0001, 0x0001,
    0x0001, 0x0001, 0x0001, 0x0001, 0x0001, 0x0001, 0x0000, 0x0000, 0x0000, 0x0001, 0x0001, 0x0001, 0x0001, 0x0001, 0x0001, 0x0001,
    0x0001, 0x0001, 0x0001, 0x0001, 0x0001, 0x0001, 0x0001, 0x0001, 0x0001, 0x0001, 0x0001, 0x0001, 0x0001, 0x0001, 0x0001, 0x0001,
    0x0001, 0x0001, 0x0001, 0x0001, 0x0001, 0x0001, 0x0001, 0x0001, 0x0001, 0x0001, 0x0001, 0x0001, 0x0001, 0x0001, 0x0001, 0x0001,
    0x0001, 0x0001, 0x0001, 0x0001, 0x0001, 0x0001, 0x0001, 0x0001, 0x0001, 0x0001, 0x0001, 0x0001, 0x0001, 0x0001, 0x0001, 0x0001,
    0x0001, 0x0001, 0x0001, 0x0001, 0x0001, 0x0001, 0x0001, 0x0001, 0x0001, 0x0001, 0x0001, 0x0001, 0x0001, 0x0001, 0x0001, 0x0001,
    0x0001, 0x0001, 0x0001, 0x0001, 0x0001, 0x0001, 0x0001, 0x0001, 0x0001, 0x0001, 0x0001, 0x0001, 0x0001, 0x0001, 0x0001, 0x0001,
    0x0001, 0x0001, 0x0001, 0x0001, 0x0001, 0x0001, 0x0001, 0x0001, 0x0001, 0x0001, 0x0001, 0x0001, 0x0001, 0x0001, 0x0001, 0x0001,
    0x0001, 0x0001, 0x0001, 0x0001, 0x0001, 0x0001, 0x0001, 0x0001, 0x0001, 0x0001, 0x0001, 0x0001, 0x0001, 0x0001, 0x0001, 0x0001,
    0x0001, 0x0001, 0x0001, 0x0001, 0x0001, 0x0001, 0x0001, 0x0001, 0x0001, 0x0001, 0x0001, 0x0001, 0x0001, 0x0001, 0x0001, 0x0001,
    0x0001, 0x0001, 0x0001, 0x0001, 0x0001, 0x0001, 0x0001, 0x0001, 0x0001, 0x0001, 0x0001, 0x0001, 0x0001, 0x0001, 0x0001, 0x0001,
    0x0001, 0x0001, 0x0001, 0x0001, 0x0001, 0x0001, 0x0001, 0x0001, 0x0001, 0x0001, 0x0001, 0x0001, 0x0001, 0x0001, 0x0001, 0x0001,
    0x0001, 0x0001, 0x0001, 0x0001, 0x0001, 0x0001, 0x0001, 0x0001, 0x0001, 0x0001, 0x0001, 0x0001, 0x0001, 0x0001, 0x0001, 0x0001,
    0x0001, 0x0001, 0x0001, 0x0001, 0x0001, 0x0001, 0x0001, 0x0001, 0x0001, 0x0001, 0x0001, 0x0001, 0x0001, 0x0001, 0x0001, 0x0001
  },
  {
    0x0001, 0x0001, 0x0001, 0x0001, 0x0001, 0x0001, 0x0001, 0x0001, 0x0001, 0x0001, 0x0001, 0x0001, 0x0001, 0x0001, 0x0001, 0x0001,
    0x0001, 0x0001, 0x0001, 0x0001, 0x0001, 0x0001, 0x0001, 0x0001, 0x0001, 0x0001, 0x0001, 0x0001, 0x0001, 0x0001, 0x0001, 0x0001,
    0x0001, 0x0001, 0x0001, 0x0001, 0x0001, 0x0001, 0x0001, 0x0001, 0x0001, 0x0001, 0x0001, 0x0001, 0x0001, 0x0001, 0x0001, 0x0001,
    0x0001, 0x0001, 0x0001, 0x0001, 0x0001, 0x0001, 0x0001, 0x0001, 0x0001, 0x0001, 0x0001, 0x0001, 0x0001, 0x0001, 0x0001, 0x0001,
    0x0001, 0x0001, 0x0001, 0x0001, 0x0001, 0x0001, 0x0001, 0x0001, 0x0001, 0x0001, 0x0001, 0x0001, 0x0001, 0x0001, 0x0001, 0x0001,
    0x0001, 0x0001, 0x0001, 0x0001, 0x0001, 0x0001, 0x0001, 0x0001, 0x0001, 0x0001, 0x0001, 0x0001, 0x0001, 0x0001, 0x0001, 0x0001,
    0x0001, 0x0001, 0x0001, 0x0001, 0x0001, 0x0001, 0x0001, 0x0001, 0x0001, 0x0001, 0x0001, 0x0001, 0x0001, 0x0001, 0x0001, 0x0001,
    0x0001, 0x0001, 0x0001, 0x0001, 0x0001, 0x0001, 0x0001, 0x0001, 0x0001, 0x0001, 0x0001, 0x0001, 0x0001, 0x0001, 0x0001, 0x0001,
    0x0001, 0x0001, 0x0001, 0x0001, 0x0001, 0x0001, 0x0001, 0x0001, 0x0001, 0x0001, 0x0001, 0x0001, 0x0001, 0x0001, 0x0001, 0x0001,
    0x0001, 0x0001, 0x0001, 0x0001, 0x0001, 0x0001, 0x0001, 0x0001, 0x0001, 0x0001, 0x0001, 0x0001, 0x0001, 0x0001, 0x0001, 0x0001,
    0x0001, 0x0001, 0x0001, 0x0001, 0x0001, 0x0001, 0x0001, 0x0001, 0x0001, 0x0001, 0x0001, 0x0001, 0x0001, 0x0001, 0x0001, 0x0001,
    0x0001, 0x0001, 0x0001, 0x0001, 0x0001, 0x0001, 0x0001, 0x0001, 0x0001, 0x0001, 0x0001, 0x0001, 0x0001, 0x0001, 0x0001, 0x0001,
    0x0001, 0x0001, 0x0001, 0x0001, 0x0001, 0x0001, 0x0001, 0x0001, 0x0001, 0x0001, 0x0001, 0x0001, 0x0001, 0x0001, 0x0001, 0x0001,
    0x0001, 0x0001, 0x0001, 0x0001, 0x0001, 0x0001, 0x0001, 0x0001, 0x0001, 0x0001, 0x0001, 0x0001, 0x0001, 0x0001, 0x0001, 0x0001,
    0x0001, 0x0001, 0x0001, 0x0001, 0x0001, 0x0001, 0x0001, 0x0001, 0x0001, 0x0001, 0x0001, 0x0001, 0x0001, 0x0001, 0x0001, 0x0001,
    0x0001, 0x0001, 0x0001, 0x0001, 0x0001, 0x0001, 0x0001, 0x0001, 0x0001, 0x0001, 0x0001, 0x0001, 0x0001, 0x0001, 0x0001, 0x0000,
    0x0000, 0x0001, 0x0001, 0x0001, 0x0001, 0x0001, 0x0001, 0x0001, 0x0001, 0x0001, 0x0001, 0x0001, 0x0001, 0x0001, 0x0001, 0x0001,
    0x0000, 0x0001, 0x0001, 0x0001, 0x0001, 0x0001, 0x0001, 0x0001, 0x0001, 0x0001, 0x0001, 0x0001, 0x0001, 0x0001, 0x0001, 0x0001,
    0x0001, 0x0001, 0x0001, 0x0001, 0x0001, 0x0001, 0x0001, 0x0001, 0x0001, 0x0001, 0x0001, 0x0001, 0x0001, 0x0001, 0x0001, 0x0000,
    0x0000, 0x0000, 0x0001, 0x0001, 0x0001, 0x0001, 0x0001, 0x0001, 0x0001, 0x0001, 0x0001, 0x0001, 0x0001, 0x0000, 0x0001, 0x0001,
    0x0000, 0x0001, 0x0001, 0x0001, 0x0001, 0x0001, 0x0001, 0x0001, 0x0001, 0x0001, 0x0001, 0x0001, 0x0001, 0x0001, 0x0001, 0x0001,
    0x0001, 0x0001, 0x0001, 0x0001, 0x0001, 0x0001, 0x0001, 0x0001, 0x0001, 0x0001, 0x0001, 0x0001, 0x0001, 0x0001, 0x0001, 0x0000,
    0x0000, 0x0000, 0x0001, 0x0001, 0x0001, 0x0001, 0x0001, 0x0001, 0x0001, 0x0001, 0x0001, 0x0001, 0x0001, 0x0000, 0x0001, 0x0001,
    0x0000, 0x0001, 0x0001, 0x0001, 0x0001, 0x0001, 0x0001, 0x0001, 0x0001, 0x0001, 0x0001, 0x0001, 0x0001, 0x0001, 0x0001, 0x0001,
    0x0001, 0x0001, 0x0001, 0x0001, 0x0001, 0x0001, 0x0001, 0x0001, 0x0001, 0x0001, 0x0001, 0x0001, 0x0001, 0x0001, 0x0000, 0xAE9F,
    0xAE9F, 0x6379, 0x6379, 0x6379, 0x0000, 0x0000, 0x0000, 0x0000, 0x0000, 0x0000, 0x0000, 0x0000, 0x0000, 0x6379, 0x6379, 0x6379,
    0xAE9F, 0x0000, 0x0000, 0x0001, 0x0001, 0x0001, 0x0001, 0x0001, 0x0001, 0x0001, 0x0001, 0x0001, 0x0001, 0x0001, 0x0001, 0x0001,
    0x0001, 0x0001, 0x0001, 0x0001, 0x0001, 0x0001, 0x0001, 0x0001, 0x0001, 0x0001, 0x0001, 0x0001, 0x0001, 0x0001, 0x0000, 0xAE9F,
    0xAE9F, 0x0000, 0x6379, 0x6379, 0xEB65, 0x07E0, 0x07E0, 0xF800, 0x07E0, 0x07E0, 0x0000, 0x0000, 0x0000, 0x7000, 0x6379, 0x6379,
    0xE9BE, 0x0000, 0x0000, 0x0001, 0x0001, 0x0001, 0x0001, 0x0001, 0x0001, 0x0001, 0x0001, 0x0001, 0x0001, 0x0001, 0x0001, 0x0001,
    0x0001, 0x0001, 0x0001, 0x0001, 0x0001, 0x0001, 0x0001, 0x0001, 0x0001, 0x0001, 0x0001, 0x0001, 0x0001, 0x0001, 0x0000, 0xAE9F,
    0xAE9F, 0x0000, 0x6379, 0x6379, 0xEB65, 0x07E0, 0x07E0, 0xF800, 0x07E0, 0x07E0, 0x0000, 0x0000, 0x0000, 0x7000, 0x6379, 0x6379,
    0xE9BE, 0x0000, 0x0000, 0x0001, 0x0001, 0x0001, 0x0001, 0x0001, 0x0001, 0x0001, 0x0001, 0x0001, 0x0001, 0x0001, 0x0001, 0x0001,
    0x0001, 0x0001, 0x0001, 0x0001, 0x0001, 0x0001, 0x0001, 0x0001, 0x0001, 0x0001, 0x0001, 0x0001, 0x0001, 0x0001, 0x0001, 0x0000,
    0x0000, 0xD184, 0xD184, 0xD184, 0xEB65, 0xFC6B, 0xFC6B, 0xFD0E, 0xFD0E, 0xFD0E, 0xFC6B, 0xEB65, 0xEB65, 0xD184, 0xD184, 0xD184,
    0x0000, 0x0001, 0x0001, 0x0001, 0x0001, 0x0001, 0x0001, 0x0001, 0x0001, 0x0001, 0x0001, 0x0001, 0x0001, 0x0001, 0x0001, 0x0001,
    0x0001, 0x0001, 0x0001, 0x0001, 0x0001, 0x0001, 0x0001, 0x0001, 0x0001, 0x0001, 0x0001, 0x0001, 0x0001, 0x0001, 0x0000, 0xA903,
    0xA903, 0xD184, 0xEB65, 0xEB65, 0xEB45, 0xFC6B, 0xFC6B, 0xFD0E, 0xFD0E, 0xFD0E, 0xFC6B, 0xEB45, 0xEB45, 0xF365, 0xD184, 0xD184,
    0xA8E3, 0x0000, 0x0000, 0x0001, 0x0001, 0x0001, 0x0001, 0x0001, 0x0001, 0x0001, 0x0001, 0x0001, 0x0001, 0x0001, 0x0001, 0x0001,
    0x0001, 0x0001, 0x0001, 0x0001, 0x0001, 0x0001, 0x0001, 0x0001, 0x0001, 0x0001, 0x0001, 0x0001, 0x0001, 0x0001, 0x0000, 0xA903,
    0xA903, 0xD184, 0xEB65, 0xEB65, 0xEB45, 0xFC6B, 0xFC6B, 0xFD0E, 0xFD0E, 0xFD0E, 0xFC6B, 0xEB45, 0xEB45, 0xF365, 0xD184, 0xD184,
    0xA8E3, 0x0000, 0x0000, 0x0001, 0x0001, 0x0001, 0x0001, 0x0001, 0x0001, 0x0001, 0x0001, 0x0001, 0x0001, 0x0001, 0x0001, 0x0001,
    0x0001, 0x0001, 0x0001, 0x0001, 0x0001, 0x0001, 0x0001, 0x0001, 0x0001, 0x0001, 0x0001, 0x0001, 0x0000, 0x0000, 0xA8E3, 0xF345,
    0xF345, 0xF345, 0xEB45, 0xEB45, 0xEB45, 0xEB45, 0xEB45, 0xEB45, 0xEB45, 0xEB45, 0xEB24, 0xEB45, 0xEB45, 0xF345, 0xF345, 0xF345,
    0xF345, 0xA903, 0xA903, 0x0000, 0x0001, 0x0001, 0x0001, 0x0001, 0x0001, 0x0001, 0x0001, 0x0001, 0x0001, 0x0001, 0x0001, 0x0001,
    0x0001, 0x0001, 0x0001, 0x0001, 0x0001, 0x0001, 0x0001, 0x0001, 0x0001, 0x0001, 0x0001, 0x0001, 0x0000, 0x0000, 0xA0E3, 0xEB65,
    0xEB65, 0xA8E3, 0xF365, 0xF365, 0xEB45, 0xF345, 0xF345, 0xEB45, 0xEB45, 0xEB45, 0xEB45, 0xF345, 0xF345, 0xF365, 0xA103, 0xA103,
    0xF365, 0xA8E3, 0xA8E3, 0x0000, 0x0001, 0x0001, 0x0001, 0x0001, 0x0001, 0x0001, 0x0001, 0x0001, 0x0001, 0x0001, 0x0001, 0x0001,
    0x0001, 0x0001, 0x0001, 0x0001, 0x0001, 0x0001, 0x0001, 0x0001, 0x0001, 0x0001, 0x0001, 0x0001, 0x0000, 0x0000, 0xA0E3, 0xEB65,
    0xEB65, 0xA8E3, 0xF365, 0xF365, 0xEB45, 0xF345, 0xF345, 0xEB45, 0xEB45, 0xEB45, 0xEB45, 0xF345, 0xF345, 0xF365, 0xA103, 0xA103,
    0xF365, 0xA8E3, 0xA8E3, 0x0000, 0x0001, 0x0001, 0x0001, 0x0001, 0x0001, 0x0001, 0x0001, 0x0001, 0x0001, 0x0001, 0x0001, 0x0001,
    0x0001, 0x0001, 0x0001, 0x0001, 0x0001, 0x0001, 0x0001, 0x0001, 0x0001, 0x0001, 0x0001, 0x0001, 0x0000, 0x0000, 0xC964, 0xF365,
    0xF365, 0xA903, 0x7086, 0x7086, 0x1BA2, 0xEB65, 0xEB65, 0x3586, 0xEB45, 0xEB45, 0xA0E3, 0xEB45, 0xEB45, 0xC308, 0xD943, 0xD943,
    0xF365, 0xD184, 0xD184, 0x0000, 0x0001, 0x0001, 0x0001, 0x0001, 0x0001, 0x0001, 0x0001, 0x0001, 0x0001, 0x0001, 0x0001, 0x0001,
    0x0001, 0x0001, 0x0001, 0x0001, 0x0001, 0x0001, 0x0001, 0x0001, 0x0001, 0x0001, 0x0001, 0x0000, 0xA103, 0xA103, 0xD184, 0xD184,
    0xD184, 0x0000, 0x0000, 0x0000, 0x0000, 0x0000, 0x0000, 0xA103, 0xA8E3, 0xA8E3, 0x0000, 0x0000, 0x0000, 0x0000, 0x0000, 0x0000,
    0xD184, 0xD184, 0xD184, 0xA903, 0x0000, 0x0000, 0x0001, 0x0001, 0x0001, 0x0001, 0x0001, 0x0001, 0x0001, 0x0001, 0x0001, 0x0001,
    0x0001, 0x0001, 0x0001, 0x0001, 0x0001, 0x0001, 0x0001, 0x0001, 0x0001, 0x0001, 0x0001, 0x0000, 0xA103, 0xA103, 0xD184, 0xD184,
    0xD184, 0x0000, 0x0000, 0x0000, 0x0000, 0x0000, 0x0000, 0xA103, 0xA8E3, 0xA8E3, 0x0000, 0x0000, 0x0000, 0x0000, 0x0000, 0x0000,
    0xD184, 0xD184, 0xD184, 0xA903, 0x0000, 0x0000, 0x0001, 0x0001, 0x0001, 0x0001, 0x0001, 0x0001, 0x0001, 0x0001, 0x0001, 0x0001,
    0x0001, 0x0001, 0x0001, 0x0001, 0x0001, 0x0001, 0x0001, 0x0001, 0x0001, 0x0001, 0x0001, 0x0000, 0xA103, 0xA103, 0xDA27, 0xD184,
    0xD184, 0xD184, 0x0000, 0x0000, 0x0000, 0x0000, 0x0000, 0xD184, 0xD184, 0xD184, 0x0000, 0x0000, 0x0000, 0x0000, 0xD184, 0xD184,
    0xD184, 0xDA27, 0xDA27, 0xA8E3, 0x0000, 0x0000, 0x0001, 0x0001, 0x0001, 0x0001, 0x0001, 0x0001, 0x0001, 0x0001, 0x0001, 0x0001,
    0x0001, 0x0001, 0x0001, 0x0001, 0x0001, 0x0001, 0x0001, 0x0001, 0x0000, 0x0001, 0x0001, 0x0000, 0xA903, 0xA903, 0xD184, 0xEAC8,
    0xEAC8, 0xB040, 0xF345, 0xF345, 0xF800, 0x07E0, 0x07E0, 0xD184, 0xD184, 0xD184, 0xE9C5, 0x001F, 0x001F, 0x0000, 0xB7A4, 0xB7A4,
    0xF2C8, 0xC103, 0xC103, 0xA8E3, 0x0000, 0x0000, 0x0000, 0x0001, 0x0001, 0x0001, 0x0001, 0x0001, 0x0001, 0x0001, 0x0001, 0x0001,
    0x0001, 0x0001, 0x0001, 0x0001, 0x0001, 0x0001, 0x0001, 0x0001, 0x0000, 0x0001, 0x0001, 0x0000, 0xA903, 0xA903, 0xD184, 0xEAC8,
    0xEAC8, 0xB040, 0xF345, 0xF345, 0xF800, 0x07E0, 0x07E0, 0xD184, 0xD184, 0xD184, 0xE9C5, 0x001F, 0x001F, 0x0000, 0xB7A4, 0xB7A4,
    0xF2C8, 0xC103, 0xC103, 0xA8E3, 0x0000, 0x0000, 0x0000, 0x0001, 0x0001, 0x0001, 0x0001, 0x0001, 0x0001, 0x0001, 0x0001, 0x0001,
    0x0001, 0x0001, 0x0001, 0x0001, 0x0001, 0x0001, 0x0000, 0x0000, 0xA903, 0x0001, 0x0001, 0x0000, 0xA8E3, 0xA8E3, 0xD184, 0xD1A5,
    0xD1A5, 0xC103, 0xDA27, 0xDA27, 0x0CBB, 0x07E0, 0x07E0, 0xD184, 0xD1A4, 0xD1A4, 0xE9C5, 0x14DB, 0x14DB, 0xF6E2, 0xB866, 0xB866,
    0xD1A4, 0xC103, 0xC103, 0xA8E3, 0x0000, 0x0000, 0xEB45, 0x0001, 0x0001, 0x0001, 0x0001, 0x0001, 0x0001, 0x0001, 0x0001, 0x0001,
    0x0001, 0x0001, 0x0001, 0x0001, 0x0001, 0x0000, 0xA903, 0xA903, 0xA903, 0xA8E3, 0xA8E3, 0x0000, 0x0000, 0x0000, 0xA903, 0xD184,
    0xD184, 0xD184, 0xDA27, 0xDA27, 0xE226, 0x0000, 0x0000, 0x0000, 0x0000, 0x0000, 0x0000, 0xDA26, 0xDA26, 0xDA27, 0xD184, 0xD184,
    0xD184, 0xA8E3, 0xA8E3, 0x0000, 0x0000, 0x0000, 0xA903, 0xA903, 0xA903, 0xA903, 0x0000, 0x0000, 0x0001, 0x0001, 0x0001, 0x0001,
    0x0001, 0x0001, 0x0001, 0x0001, 0x0001, 0x0000, 0xA903, 0xA903, 0xA903, 0xA8E3, 0xA8E3, 0x0000, 0x0000, 0x0000, 0xA903, 0xD184,
    0xD184, 0xD184, 0xDA27, 0xDA27, 0xE226, 0x0000, 0x0000, 0x0000, 0x0000, 0x0000, 0x0000, 0xDA26, 0xDA26, 0xDA27, 0xD184, 0xD184,
    0xD184, 0xA8E3, 0xA8E3, 0x0000, 0x0000, 0x0000, 0xA903, 0xA903, 0xA903, 0xA903, 0x0000, 0x0000, 0x0001, 0x0001, 0x0001, 0x0001,
    0x0001, 0x0001, 0x0001, 0x0001, 0x0001, 0x0000, 0xB124, 0xB124, 0xA904, 0xF7DF, 0xF7DF, 0xF448, 0xF800, 0xF800, 0xBDBE, 0x7987,
    0x7987, 0xD185, 0x0A25, 0x0A25, 0xDA06, 0xD184, 0xD184, 0x0000, 0x0000, 0x0000, 0x0000, 0xD184, 0xD184, 0xDA06, 0xA8E3, 0xA8E3,
    0xD184, 0x0000, 0x0000, 0xEB65, 0x0000, 0x0000, 0xBDBE, 0x6227, 0x6227, 0xA903, 0x0000, 0x0000, 0x0001, 0x0001, 0x0001, 0x0001,
    0x0001, 0x0001, 0x0001, 0x0000, 0x0000, 0x78A6, 0xB124, 0xB124, 0x0000, 0xF365, 0xF365, 0xA903, 0xA0E3, 0xA0E3, 0xA104, 0x0000,
    0x0000, 0x0000, 0xA8E3, 0xA8E3, 0xA8E3, 0xA8E3, 0xA8E3, 0xA8E3, 0xA8E3, 0xA8E3, 0xA8E3, 0xA8E3, 0xA8E3, 0xA8E3, 0x0000, 0x0000,
    0x0000, 0xA103, 0xA103, 0xA0E3, 0xA0E3, 0xA0E3, 0xF365, 0x0000, 0x0000, 0xB124, 0x78A6, 0x78A6, 0x0000, 0x0001, 0x0001, 0x0001,
    0x0001, 0x0001, 0x0001, 0x0000, 0x0000, 0x78A6, 0xB124, 0xB124, 0x0000, 0xF365, 0xF365, 0xA903, 0xA0E3, 0xA0E3, 0xA104, 0x0000,
    0x0000, 0x0000, 0xA8E3, 0xA8E3, 0xA8E3, 0xA8E3, 0xA8E3, 0xA8E3, 0xA8E3, 0xA8E3, 0xA8E3, 0xA8E3, 0xA8E3, 0xA8E3, 0x0000, 0x0000,
    0x0000, 0xA103, 0xA103, 0xA0E3, 0xA0E3, 0xA0E3, 0xF365, 0x0000, 0x0000, 0xB124, 0x78A6, 0x78A6, 0x0000, 0x0001, 0x0001, 0x0001,
    0x0001, 0x0001, 0x0001, 0x0000, 0x0000, 0xA8E3, 0x3804, 0x3804, 0x0000, 0xA0E3, 0xA0E3, 0xA904, 0xF364, 0xF364, 0x3643, 0x0100,
    0x0100, 0x0000, 0x0000, 0x0000, 0xA8E3, 0xA8E3, 0xA8E3, 0xA8E3, 0xA8E3, 0xA8E3, 0xA8E3, 0xA8E3, 0xA8E3, 0xA8E3, 0x0000, 0x0000,
    0x0000, 0x7884, 0x7884, 0x1BA4, 0x6682, 0x6682, 0x58E1, 0x0000, 0x0000, 0x7086, 0xA923, 0xA923, 0x00A0, 0x0001, 0x0001, 0x0001,
    0x0001, 0x0001, 0x0001, 0x0000, 0x0000, 0xA903, 0x0000, 0x0000, 0xA903, 0xEB45, 0xEB45, 0xA904, 0xF364, 0xF364, 0xA103, 0x66A3,
    0x66A3, 0x501D, 0x78C7, 0x78C7, 0xA8E3, 0xA8E3, 0xA8E3, 0xA0E3, 0xA8E3, 0xA8E3, 0xA904, 0xA8E3, 0xA8E3, 0xA8E3, 0x8759, 0x8759,
    0xA903, 0xC2E5, 0xC2E5, 0x7BA4, 0xA0E3, 0xA0E3, 0x60E2, 0xAD80, 0xAD80, 0xCFA0, 0x5986, 0x5986, 0x0123, 0x0001, 0x0001, 0x0001,
    0x0001, 0x0001, 0x0001, 0x0000, 0x0000, 0xA903, 0x0000, 0x0000, 0xA903, 0xEB45, 0xEB45, 0xA904, 0xF364, 0xF364, 0xA103, 0x66A3,
    0x66A3, 0x501D, 0x78C7, 0x78C7, 0xA8E3, 0xA8E3, 0xA8E3, 0xA0E3, 0xA8E3, 0xA8E3, 0xA904, 0xA8E3, 0xA8E3, 0xA8E3, 0x8759, 0x8759,
    0xA903, 0xC2E5, 0xC2E5, 0x7BA4, 0xA0E3, 0xA0E3, 0x60E2, 0xAD80, 0xAD80, 0xCFA0, 0x5986, 0x5986, 0x0123, 0x0001, 0x0001, 0x0001,
    0x0001, 0x0001, 0x0001, 0x0000, 0x0000, 0x0000, 0x0000, 0x0000, 0xC984, 0xF365, 0xF365, 0xEB45, 0xEB65, 0xEB65, 0xEB65, 0xEB24,
    0xEB24, 0x0000, 0x0000, 0x0000, 0xA0E3, 0xA0E3, 0xA0E3, 0xA0E3, 0xA0E3, 0xA0E3, 0xA103, 0xA103, 0xA103, 0x0000, 0x0000, 0x0000,
    0xEB24, 0xEB45, 0xEB45, 0xF365, 0xEB65, 0xEB65, 0xF365, 0xC984, 0xC984, 0x0000, 0x0000, 0x0000, 0x0000, 0x0001, 0x0001, 0x0001,
    0x0001, 0x0001, 0x0001, 0x0001, 0x0001, 0x0000, 0xA903, 0xA903, 0xD184, 0xD184, 0xD184, 0xF345, 0xA0C3, 0xA0C3, 0xEB45, 0xEB45,
    0xEB45, 0xC964, 0xA0E3, 0xA0E3, 0x0000, 0x0000, 0x0000, 0x0000, 0x0000, 0x0000, 0x0000, 0x0000, 0x0000, 0xA8E3, 0xC964, 0xC964,
    0xF345, 0xF365, 0xF365, 0xA0C3, 0xF345, 0xF345, 0xD184, 0xD184, 0xD184, 0xA903, 0x0000, 0x0000, 0x0001, 0x0001, 0x0001, 0x0001,
    0x0001, 0x0001, 0x0001, 0x0001, 0x0001, 0x0000, 0xA903, 0xA903, 0xD184, 0xD184, 0xD184, 0xF345, 0xA0C3, 0xA0C3, 0xEB45, 0xEB45,
    0xEB45, 0xC964, 0xA0E3, 0xA0E3, 0x0000, 0x0000, 0x0000, 0x0000, 0x0000, 0x0000, 0x0000, 0x0000, 0x0000, 0xA8E3, 0xC964, 0xC964,
    0xF345, 0xF365, 0xF365, 0xA0C3, 0xF345, 0xF345, 0xD184, 0xD184, 0xD184, 0xA903, 0x0000, 0x0000, 0x0001, 0x0001, 0x0001, 0x0001,
    0x0001, 0x0001, 0x0001, 0x0001, 0x0001, 0x0000, 0xA903, 0xA903, 0xA0E3, 0xD184, 0xD184, 0xB124, 0x0000, 0x0000, 0xA0E3, 0xD184,
    0xD184, 0xD164, 0xA0E3, 0xA0E3, 0x0000, 0x0001, 0x0001, 0x0001, 0x0001, 0x0001, 0x0001, 0x0000, 0x0000, 0xA8E3, 0xD184, 0xD184,
    0xD184, 0xA0C3, 0xA0C3, 0x0000, 0xB124, 0xB124, 0xD185, 0xA0E3, 0xA0E3, 0xA103, 0x0000, 0x0000, 0x0001, 0x0001, 0x0001, 0x0001,
    0x0001, 0x0001, 0x0001, 0x0001, 0x0001, 0x0000, 0xA103, 0xA103, 0xA8E3, 0xD184, 0xD184, 0x80C6, 0x0000, 0x0000, 0x7086, 0xD184,
    0xD184, 0xC964, 0xA103, 0xA103, 0x0000, 0x0001, 0x0001, 0x0001, 0x0001, 0x0001, 0x0001, 0x0000, 0x0000, 0xA103, 0xD184, 0xD184,
    0xD184, 0x7086, 0x7086, 0x0000, 0x80C6, 0x80C6, 0xD184, 0xA103, 0xA103, 0xA903, 0x0000, 0x0000, 0x0001, 0x0001, 0x0001, 0x0001,
    0x0001, 0x0001, 0x0001, 0x0001, 0x0001, 0x0000, 0xA103, 0xA103, 0xA8E3, 0xD184, 0xD184, 0x80C6, 0x0000, 0x0000, 0x7086, 0xD184,
    0xD184, 0xC964, 0xA103, 0xA103, 0x0000, 0x0001, 0x0001, 0x0001, 0x0001, 0x0001, 0x0001, 0x0000, 0x0000, 0xA103, 0xD184, 0xD184,
    0xD184, 0x7086, 0x7086, 0x0000, 0x80C6, 0x80C6, 0xD184, 0xA103, 0xA103, 0xA903, 0x0000, 0x0000, 0x0001, 0x0001, 0x0001, 0x0001,
    0x0001, 0x0001, 0x0001, 0x0001, 0x0001, 0x0001, 0x0000, 0x0000, 0xA903, 0xC964, 0xC964, 0x78C7, 0x0000, 0x0000, 0x68A6, 0xA103,
    0xA103, 0xA0E3, 0x0000, 0x0000, 0x0001, 0x0001, 0x0001, 0x0001, 0x0001, 0x0001, 0x0001, 0x0001, 0x0001, 0x0000, 0xA0E3, 0xA0E3,
    0xA903, 0x70A6, 0x70A6, 0x0000, 0x78C7, 0x78C7, 0xB944, 0xA8E3, 0xA8E3, 0x0000, 0x0001, 0x0001, 0x0001, 0x0001, 0x0001, 0x0001,
    0x0001, 0x0001, 0x0001, 0x0001, 0x0001, 0x0001, 0x0000, 0x0000, 0xA103, 0xA104, 0xA104, 0x0000, 0x0000, 0x0000, 0x0000, 0x0000,
    0x0000, 0x0000, 0x0001, 0x0001, 0x0001, 0x0001, 0x0001, 0x0001, 0x0001, 0x0001, 0x0001, 0x0001, 0x0001, 0x0001, 0x0000, 0x0000,
    0x0000, 0x0000, 0x0000, 0x0000, 0x0000, 0x0000, 0xA103, 0xA103, 0xA103, 0x0000, 0x0001, 0x0001, 0x0001, 0x0001, 0x0001, 0x0001,
    0x0001, 0x0001, 0x0001, 0x0001, 0x0001, 0x0001, 0x0000, 0x0000, 0xA103, 0xA104, 0xA104, 0x0000, 0x0000, 0x0000, 0x0000, 0x0000,
    0x0000, 0x0000, 0x0001, 0x0001, 0x0001, 0x0001, 0x0001, 0x0001, 0x0001, 0x0001, 0x0001, 0x0001, 0x0001, 0x0001, 0x0000, 0x0000,
    0x0000, 0x0000, 0x0000, 0x0000, 0x0000, 0x0000, 0xA103, 0xA103, 0xA103, 0x0000, 0x0001, 0x0001, 0x0001, 0x0001, 0x0001, 0x0001,
    0x0001, 0x0001, 0x0001, 0x0001, 0x0001, 0x0001, 0x0001, 0x0001, 0x0000, 0x0000, 0x0000, 0x0001, 0x0001, 0x0001, 0x0001, 0x0001,
    0x0001, 0x0001, 0x0001, 0x0001, 0x0001, 0x0001, 0x0001, 0x0001, 0x0001, 0x0001, 0x0001, 0x0001, 0x0001, 0x0001, 0x0001, 0x0001,
    0x0001, 0x0001, 0x0001, 0x0001, 0x0001, 0x0001, 0x0000, 0x0000, 0x0000, 0x0001, 0x0001, 0x0001, 0x0001, 0x0001, 0x0001, 0x0001,
    0x0001, 0x0001, 0x0001, 0x0001, 0x0001, 0x0001, 0x0001, 0x0001, 0x0001, 0x0001, 0x0001, 0x0001, 0x0001, 0x0001, 0x0001, 0x0001,
    0x0001, 0x0001, 0x0001, 0x0001, 0x0001, 0x0001, 0x0001, 0x0001, 0x0001, 0x0001, 0x0001, 0x0001, 0x0001, 0x0001, 0x0001, 0x0001,
    0x0001, 0x0001, 0x0001, 0x0001, 0x0001, 0x0001, 0x0001, 0x0001, 0x0001, 0x0001, 0x0001, 0x0001, 0x0001, 0x0001, 0x0001, 0x0001,
    0x0001, 0x0001, 0x0001, 0x0001, 0x0001, 0x0001, 0x0001, 0x0001, 0x0001, 0x0001, 0x0001, 0x0001, 0x0001, 0x0001, 0x0001, 0x0001,
    0x0001, 0x0001, 0x0001, 0x0001, 0x0001, 0x0001, 0x0001, 0x0001, 0x0001, 0x0001, 0x0001, 0x0001, 0x0001, 0x0001, 0x0001, 0x0001,
    0x0001, 0x0001, 0x0001, 0x0001, 0x0001, 0x0001, 0x0001, 0x0001, 0x0001, 0x0001, 0x0001, 0x0001, 0x0001, 0x0001, 0x0001, 0x0001,
    0x0001, 0x0001, 0x0001, 0x0001, 0x0001, 0x0001, 0x0001, 0x0001, 0x0001, 0x0001, 0x0001, 0x0001, 0x0001, 0x0001, 0x0001, 0x0001,
    0x0001, 0x0001, 0x0001, 0x0001, 0x0001, 0x0001, 0x0001, 0x0001, 0x0001, 0x0001, 0x0001, 0x0001, 0x0001, 0x0001, 0x0001, 0x0001,
    0x0001, 0x0001, 0x0001, 0x0001, 0x0001, 0x0001, 0x0001, 0x0001, 0x0001, 0x0001, 0x0001, 0x0001, 0x0001, 0x0001, 0x0001, 0x0001,
    0x0001, 0x0001, 0x0001, 0x0001, 0x0001, 0x0001, 0x0001, 0x0001, 0x0001, 0x0001, 0x0001, 0x0001, 0x0001, 0x0001, 0x0001, 0x0001,
    0x0001, 0x0001, 0x0001, 0x0001, 0x0001, 0x0001, 0x0001, 0x0001, 0x0001, 0x0001, 0x0001, 0x0001, 0x0001, 0x0001, 0x0001, 0x0001,
    0x0001, 0x0001, 0x0001, 0x0001, 0x0001, 0x0001, 0x0001, 0x0001, 0x0001, 0x0001, 0x0001, 0x0001, 0x0001, 0x0001, 0x0001, 0x0001,
    0x0001, 0x0001, 0x0001, 0x0001, 0x0001, 0x0001, 0x0001, 0x0001, 0x0001, 0x0001, 0x0001, 0x0001, 0x0001, 0x0001, 0x0001, 0x0001,
    0x0001, 0x0001, 0x0001, 0x0001, 0x0001, 0x0001, 0x0001, 0x0001, 0x0001, 0x0001, 0x0001, 0x0001, 0x0001, 0x0001, 0x0001, 0x0001,
    0x0001, 0x0001, 0x0001, 0x0001, 0x0001, 0x0001, 0x0001, 0x0001, 0x0001, 0x0001, 0x0001, 0x0001, 0x0001, 0x0001, 0x0001, 0x0001,
    0x0001, 0x0001, 0x0001, 0x0001, 0x0001, 0x0001, 0x0001, 0x0001, 0x0001, 0x0001, 0x0001, 0x0001, 0x0001, 0x0001, 0x0001, 0x0001,
    0x0001, 0x0001, 0x0001, 0x0001, 0x0001, 0x0001, 0x0001, 0x0001, 0x0001, 0x0001, 0x0001, 0x0001, 0x0001, 0x0001, 0x0001, 0x0001,
    0x0001, 0x0001, 0x0001, 0x0001, 0x0001, 0x0001, 0x0001, 0x0001, 0x0001, 0x0001, 0x0001, 0x0001, 0x0001, 0x0001, 0x0001, 0x0001
  },
  {
    0x0001, 0x0001, 0x0001, 0x0001, 0x0001, 0x0001, 0x0001, 0x0001, 0x0001, 0x0001, 0x0001, 0x0001, 0x0001, 0x0001, 0x0001, 0x0001,
    0x0001, 0x0001, 0x0001, 0x0001, 0x0001, 0x0001, 0x0001, 0x0001, 0x0001, 0x0001, 0x0001, 0x0001, 0x0001, 0x0001, 0x0001, 0x0001,
    0x0001, 0x0001, 0x0001, 0x0001, 0x0001, 0x0001, 0x0001, 0x0001, 0x0001, 0x0001, 0x0001, 0x0001, 0x0001, 0x0001, 0x0001, 0x0001,
    0x0001, 0x0001, 0x0001, 0x0001, 0x0001, 0x0001, 0x0001, 0x0001, 0x0001, 0x0001, 0x0001, 0x0001, 0x0001, 0x0001, 0x0001, 0x0001,
    0x0001, 0x0001, 0x0001, 0x0001, 0x0001, 0x0001, 0x0001, 0x0001, 0x0001, 0x0001, 0x0001, 0x0001, 0x0001, 0x0001, 0x0001, 0x0001,
    0x0001, 0x0001, 0x0001, 0x0001, 0x0001, 0x0001, 0x0001, 0x0001, 0x0001, 0x0001, 0x0001, 0x0001, 0x0001, 0x0001, 0x0001, 0x0001,
    0x0001, 0x0001, 0x0001, 0x0001, 0x0001, 0x0001, 0x0001, 0x0001, 0x0001, 0x0001, 0x0001, 0x0001, 0x0001, 0x0001, 0x0001, 0x0001,
    0x0001, 0x0001, 0x0001, 0x0001, 0x0001, 0x0001, 0x0001, 0x0001, 0x0001, 0x0001, 0x0001, 0x0001, 0x0001, 0x0001, 0x0001, 0x0001,
    0x0001, 0x0001, 0x0001, 0x0001, 0x0001, 0x0001, 0x0001, 0x0001, 0x0001, 0x0001, 0x0001, 0x0001, 0x0001, 0x0001, 0x0001, 0x0001,
    0x0001, 0x0001, 0x0001, 0x0001, 0x0001, 0x0001, 0x0001, 0x0001, 0x0001, 0x0001, 0x0001, 0x0001, 0x0001, 0x0001, 0x0001, 0x0001,
    0x0001, 0x0001, 0x0001, 0x0001, 0x0001, 0x0001, 0x0001, 0x0001, 0x0001, 0x0001, 0x0001, 0x0001, 0x0001, 0x0001, 0x0001, 0x0001,
    0x0001, 0x0001, 0x0001, 0x0001, 0x0001, 0x0001, 0x0001, 0x0001, 0x0001, 0x0001, 0x0001, 0x0001, 0x0001, 0x0001, 0x0001, 0x0001,
    0x0001, 0x0001, 0x0001, 0x0001, 0x0001, 0x0001, 0x0001, 0x0001, 0x0001, 0x0001, 0x0001, 0x0001, 0x0001, 0x0001, 0x0001, 0x0001,
    0x0001, 0x0001, 0x0001, 0x0001, 0x0001, 0x0001, 0x0001, 0x0001, 0x0001, 0x0001, 0x0001, 0x0001, 0x0001, 0x0001, 0x0001, 0x0001,
    0x0001, 0x0001, 0x0001, 0x0001, 0x0001, 0x0001, 0x0001, 0x0001, 0x0001, 0x0001, 0x0001, 0x0001, 0x0001, 0x0001, 0x0001, 0x0001,
    0x0001, 0x0001, 0x0001, 0x0001, 0x0001, 0x0001, 0x0001, 0x0001, 0x0001, 0x0001, 0x0001, 0x0001, 0x0001, 0x0001, 0x0001, 0x0000,
    0x0000, 0x0000, 0x0001, 0x0001, 0x0001, 0x0001, 0x0001, 0x0001, 0x0001, 0x0001, 0x0001, 0x0001, 0x0001, 0x0001, 0x0000, 0x0000,
    0x0000, 0x0001, 0x0001, 0x0001, 0x0001, 0x0001, 0x0001, 0x0001, 0x0001, 0x0001, 0x0001, 0x0001, 0x0001, 0x0001, 0x0001, 0x0001,
    0x0001, 0x0001, 0x0001, 0x0001, 0x0001, 0x0001, 0x0001, 0x0001, 0x0001, 0x0001, 0x0001, 0x0001, 0x0001, 0x0001, 0x0001, 0x0000,
    0x0000, 0xAE9F, 0x0000, 0x0000, 0x0001, 0x0001, 0x0001, 0x0001, 0x0001, 0x0001, 0x0001, 0x0001, 0x0001, 0x0000, 0xAE9F, 0xAE9F,
    0x0000, 0x0001, 0x0001, 0x0001, 0x0001, 0x0001, 0x0001, 0x0001, 0x0001, 0x0001, 0x0001, 0x0001, 0x0001, 0x0001, 0x0001, 0x0001,
    0x0001, 0x0001, 0x0001, 0x0001, 0x0001, 0x0001, 0x0001, 0x0001, 0x0001, 0x0001, 0x0001, 0x0001, 0x0001, 0x0001, 0x0001, 0x0000,
    0x0000, 0xAE9F, 0x0000, 0x0000, 0x0001, 0x0001, 0x0001, 0x0001, 0x0001, 0x0001, 0x0001, 0x0001, 0x0001, 0x0000, 0xAE9F, 0xAE9F,
    0x0000, 0x0001, 0x0001, 0x0001, 0x0001, 0x0001, 0x0001, 0x0001, 0x0001, 0x0001, 0x0001, 0x0001, 0x0001, 0x0001, 0x0001, 0x0001,
    0x0001, 0x0001, 0x0001, 0x0001, 0x0001, 0x0001, 0x0001, 0x0001, 0x0001, 0x0001, 0x0001, 0x0001, 0x0001, 0x0001, 0x0000, 0xAE9F,
    0xAE9F, 0x6379, 0x6379, 0x6379, 0x0000, 0x0000, 0x0000, 0x0000, 0x0000, 0x0000, 0x0000, 0x0000, 0x0000, 0x6379, 0x6379, 0x6379,
    0xAE9F, 0x0000, 0x0000, 0x0001, 0x0001, 0x0001, 0x0001, 0x0001, 0x0001, 0x0001, 0x0001, 0x0001, 0x0001, 0x0001, 0x0001, 0x0001,
    0x0001, 0x0001, 0x0001, 0x0001, 0x0001, 0x0001, 0x0001, 0x0001, 0x0001, 0x0001, 0x0001, 0x0001, 0x0001, 0x0001, 0x0001, 0x0000,
    0x0000, 0x6379, 0x0000, 0x0000, 0xEB65, 0xEB45, 0xEB45, 0xEB45, 0xEB45, 0xEB45, 0xEB45, 0xF365, 0xF365, 0x0000, 0x6379, 0x6379,
    0x0000, 0x0001, 0x0001, 0x0001, 0x0001, 0x0001, 0x0001, 0x0001, 0x0001, 0x0001, 0x0001, 0x0001, 0x0001, 0x0001, 0x0001, 0x0001,
    0x0001, 0x0001, 0x0001, 0x0001, 0x0001, 0x0001, 0x0001, 0x0001, 0x0001, 0x0001, 0x0001, 0x0001, 0x0001, 0x0001, 0x0001, 0x0000,
    0x0000, 0x6379, 0x0000, 0x0000, 0xEB65, 0xEB45, 0xEB45, 0xEB45, 0xEB45, 0xEB45, 0xEB45, 0xF365, 0xF365, 0x0000, 0x6379, 0x6379,
    0x0000, 0x0001, 0x0001, 0x0001, 0x0001, 0x0001, 0x0001, 0x0001, 0x0001, 0x0001, 0x0001, 0x0001, 0x0001, 0x0001, 0x0001, 0x0001,
    0x0001, 0x0001, 0x0001, 0x0001, 0x0001, 0x0001, 0x0001, 0x0001, 0x0001, 0x0001, 0x0001, 0x0001, 0x0001, 0x0001, 0x0001, 0x0000,
    0x0000, 0xD184, 0xD184, 0xD184, 0xEB65, 0xFC6B, 0xFC6B, 0xFD0E, 0xFD0E, 0xFD0E, 0xFC6B, 0xEB45, 0xEB45, 0xD184, 0xD184, 0xD184,
    0x0000, 0x0001, 0x0001, 0x0001, 0x0001, 0x0001, 0x0001, 0x0001, 0x0001, 0x0001, 0x0001, 0x0001, 0x0001, 0x0001, 0x0001, 0x0001,
    0x0001, 0x0001, 0x0001, 0x0001, 0x0001, 0x0001, 0x0001, 0x0001, 0x0001, 0x0001, 0x0001, 0x0001, 0x0001, 0x0001, 0x0000, 0xA103,
    0xA103, 0xD184, 0xEB45, 0xEB45, 0xEB45, 0xFC6B, 0xFC6B, 0xFD0E, 0xFD0E, 0xFD0E, 0xFC6B, 0xEB45, 0xEB45, 0xF365, 0xD184, 0xD184,
    0xA8E3, 0x0000, 0x0000, 0x0001, 0x0001, 0x0001, 0x0001, 0x0001, 0x0001, 0x0001, 0x0001, 0x0001, 0x0001, 0x0001, 0x0001, 0x0001,
    0x0001, 0x0001, 0x0001, 0x0001, 0x0001, 0x0001, 0x0001, 0x0001, 0x0001, 0x0001, 0x0001, 0x0001, 0x0001, 0x0001, 0x0000, 0xA103,
    0xA103, 0xD184, 0xEB45, 0xEB45, 0xEB45, 0xFC6B, 0xFC6B, 0xFD0E, 0xFD0E, 0xFD0E, 0xFC6B, 0xEB45, 0xEB45, 0xF365, 0xD184, 0xD184,
    0xA8E3, 0x0000, 0x0000, 0x0001, 0x0001, 0x0001, 0x0001, 0x0001, 0x0001, 0x0001, 0x0001, 0x0001, 0x0001, 0x0001, 0x0001, 0x0001,
    0x0001, 0x0001, 0x0001, 0x0001, 0x0001, 0x0001, 0x0001, 0x0001, 0x0001, 0x0001, 0x0001, 0x0001, 0x0000, 0x0000, 0xA8E3, 0xF345,
    0xF345, 0xF365, 0xEB45, 0xEB45, 0xEB45, 0xEB45, 0xEB45, 0xEB45, 0xEB45, 0xEB45, 0xEB45, 0xEB65, 0xEB65, 0xF345, 0xF365, 0xF365,
    0xF365, 0xA8E3, 0xA8E3, 0x0000, 0x0001, 0x0001, 0x0001, 0x0001, 0x0001, 0x0001, 0x0001, 0x0001, 0x0001, 0x0001, 0x0001, 0x0001,
    0x0001, 0x0001, 0x0001, 0x0001, 0x0001, 0x0001, 0x0001, 0x0001, 0x0001, 0x0001, 0x0001, 0x0001, 0x0000, 0x0000, 0xA0E3, 0xEB65,
    0xEB65, 0xA0E3, 0xEB65, 0xEB65, 0xEB45, 0xEB45, 0xEB45, 0xEB45, 0xEB45, 0xEB45, 0xEB45, 0xF345, 0xF345, 0xEB65, 0xA0E3, 0xA0E3,
    0xEB65, 0xA8E3, 0xA8E3, 0x0000, 0x0001, 0x0001, 0x0001, 0x0001, 0x0001, 0x0001, 0x0001, 0x0001, 0x0001, 0x0001, 0x0001, 0x0001,
    0x0001, 0x0001, 0x0001, 0x0001, 0x0001, 0x0001, 0x0001, 0x0001, 0x0001, 0x0001, 0x0001, 0x0001, 0x0000, 0x0000, 0xA0E3, 0xEB65,
    0xEB65, 0xA0E3, 0xEB65, 0xEB65, 0xEB45, 0xEB45, 0xEB45, 0xEB45, 0xEB45, 0xEB45, 0xEB45, 0xF345, 0xF345, 0xEB65, 0xA0E3, 0xA0E3,
    0xEB65, 0xA8E3, 0xA8E3, 0x0000, 0x0001, 0x0001, 0x0001, 0x0001, 0x0001, 0x0001, 0x0001, 0x0001, 0x0001, 0x0001, 0x0001, 0x0001,
    0x0001, 0x0001, 0x0001, 0x0001, 0x0001, 0x0001, 0x0001, 0x0001, 0x0001, 0x0001, 0x0001, 0x0001, 0x0000, 0x0000, 0xC964, 0xF365,
    0xF365, 0xA903, 0x70A6, 0x70A6, 0x1BA2, 0xEB65, 0xEB65, 0x3D66, 0xEB45, 0xEB45, 0xA103, 0xF365, 0xF365, 0xBAE7, 0xD943, 0xD943,
    0xEB65, 0xD184, 0xD184, 0x0000, 0x0001, 0x0001, 0x0001, 0x0001, 0x0001, 0x0001, 0x0001, 0x0001, 0x0001, 0x0001, 0x0001, 0x0001,
    0x0001, 0x0001, 0x0001, 0x0001, 0x0001, 0x0001, 0x0001, 0x0001, 0x0001, 0x0001, 0x0001, 0x0000, 0xA903, 0xA903, 0xD184, 0xD184,
    0xD184, 0x0000, 0x0000, 0x0000, 0x0000, 0x0000, 0x0000, 0xA103, 0xA8E3, 0xA8E3, 0x0000, 0x0000, 0x0000, 0x0000, 0x0000, 0x0000,
    0xD184, 0xD184, 0xD184, 0xA903, 0x0000, 0x0000, 0x0001, 0x0001, 0x0001, 0x0001, 0x0001, 0x0001, 0x0001, 0x0001, 0x0001, 0x0001,
    0x0001, 0x0001, 0x0001, 0x0001, 0x0001, 0x0001, 0x0001, 0x0001, 0x0001, 0x0001, 0x0001, 0x0000, 0xA903, 0xA903, 0xD184, 0xD184,
    0xD184, 0x0000, 0x0000, 0x0000, 0x0000, 0x0000, 0x0000, 0xA103, 0xA8E3, 0xA8E3, 0x0000, 0x0000, 0x0000, 0x0000, 0x0000, 0x0000,
    0xD184, 0xD184, 0xD184, 0xA903, 0x0000, 0x0000, 0x0001, 0x0001, 0x0001, 0x0001, 0x0001, 0x0001, 0x0001, 0x0001, 0x0001, 0x0001,
    0x0001, 0x0001, 0x0001, 0x0001, 0x0001, 0x0001, 0x0001, 0x0001, 0x0001, 0x0001, 0x0001, 0x0000, 0xA103, 0xA103, 0xDA26, 0xD184,
    0xD184, 0xD184, 0x0000, 0x0000, 0x0000, 0x0000, 0x0000, 0xD184, 0xD184, 0xD184, 0x0000, 0x0000, 0x0000, 0x0000, 0xD184, 0xD184,
    0xD184, 0xDA27, 0xDA27, 0xA8E3, 0x0000, 0x0000, 0x0001, 0x0001, 0x0001, 0x0001, 0x0001, 0x0001, 0x0001, 0x0001, 0x0001, 0x0001,
    0x0001, 0x0001, 0x0001, 0x0001, 0x0001, 0x0001, 0x0001, 0x0001, 0x0001, 0x0000, 0x0000, 0x0000, 0xA0E3, 0xA0E3, 0xD184, 0xF2A8,
    0xF2A8, 0xB040, 0xF365, 0xF365, 0xFFE0, 0x0000, 0x0000, 0xD184, 0xD184, 0xD184, 0xE9C5, 0x0000, 0x0000, 0x0000, 0xAFA4, 0xAFA4,
    0xF2A8, 0xC103, 0xC103, 0xA903, 0x0000, 0x0000, 0x0000, 0x0001, 0x0001, 0x0001, 0x0001, 0x0001, 0x0001, 0x0001, 0x0001, 0x0001,
    0x0001, 0x0001, 0x0001, 0x0001, 0x0001, 0x0001, 0x0001, 0x0001, 0x0001, 0x0000, 0x0000, 0x0000, 0xA0E3, 0xA0E3, 0xD184, 0xF2A8,
    0xF2A8, 0xB040, 0xF365, 0xF365, 0xFFE0, 0x0000, 0x0000, 0xD184, 0xD184, 0xD184, 0xE9C5, 0x0000, 0x0000, 0x0000, 0xAFA4, 0xAFA4,
    0xF2A8, 0xC103, 0xC103, 0xA903, 0x0000, 0x0000, 0x0000, 0x0001, 0x0001, 0x0001, 0x0001, 0x0001, 0x0001, 0x0001, 0x0001, 0x0001,
    0x0001, 0x0001, 0x0001, 0x0001, 0x0001, 0x0001, 0x0000, 0x0000, 0x0000, 0xF365, 0xF365, 0x0000, 0xA8E3, 0xA8E3, 0xD184, 0xD184,
    0xD184, 0xC103, 0xDA26, 0xDA26, 0x0CBB, 0x0000, 0x0000, 0xD184, 0xD1A4, 0xD1A4, 0xE9E5, 0x14DB, 0x14DB, 0xF6C2, 0xB846, 0xB846,
    0xD184, 0xC103, 0xC103, 0xA903, 0x0000, 0x0000, 0xEB65, 0x0001, 0x0001, 0x0000, 0x0001, 0x0001, 0x0001, 0x0001, 0x0001, 0x0001,
    0x0001, 0x0001, 0x0001, 0x0001, 0x0001, 0x0000, 0x78A6, 0x78A6, 0xA8E3, 0xA8E3, 0xA8E3, 0x78A6, 0x0000, 0x0000, 0xA8E3, 0xD184,
    0xD184, 0xD184, 0xDA26, 0xDA26, 0xE226, 0x0000, 0x0000, 0x0000, 0x0000, 0x0000, 0x0000, 0xDA26, 0xDA26, 0xDA27, 0xD184, 0xD184,
    0xD184, 0xA8E3, 0xA8E3, 0x0000, 0x78A6, 0x78A6, 0xA8E3, 0xA8E3, 0xA8E3, 0x78C7, 0x0000, 0x0000, 0x0001, 0x0001, 0x0001, 0x0001,
    0x0001, 0x0001, 0x0001, 0x0001, 0x0001, 0x0000, 0x78A6, 0x78A6, 0xA8E3, 0xA8E3, 0xA8E3, 0x78A6, 0x0000, 0x0000, 0xA8E3, 0xD184,
    0xD184, 0xD184, 0xDA26, 0xDA26, 0xE226, 0x0000, 0x0000, 0x0000, 0x0000, 0x0000, 0x0000, 0xDA26, 0xDA26, 0xDA27, 0xD184, 0xD184,
    0xD184, 0xA8E3, 0xA8E3, 0x0000, 0x78A6, 0x78A6, 0xA8E3, 0xA8E3, 0xA8E3, 0x78C7, 0x0000, 0x0000, 0x0001, 0x0001, 0x0001, 0x0001,
    0x0001, 0x0001, 0x0001, 0x0001, 0x0001, 0x0000, 0xB124, 0xB124, 0xB124, 0xA8E3, 0xA8E3, 0x0000, 0x98C5, 0x98C5, 0x0000, 0xA8E3,
    0xA8E3, 0xA903, 0xD184, 0xD184, 0xD184, 0xD184, 0xD184, 0xD184, 0xD184, 0xD184, 0xD184, 0xD184, 0xD184, 0xD184, 0xA903, 0xA903,
    0xA8E3, 0x0000, 0x0000, 0xA8E3, 0x0000, 0x0000, 0xA0E3, 0xB124, 0xB124, 0xB124, 0x0000, 0x0000, 0x0001, 0x0001, 0x0001, 0x0001,
    0x0001, 0x0001, 0x0001, 0x0000, 0x0000, 0x78C7, 0xB121, 0xB121, 0x78A6, 0x305E, 0x305E, 0xF348, 0x98C5, 0x98C5, 0x0DA3, 0x0000,
    0x0000, 0xA8E3, 0x79A7, 0x79A7, 0xD185, 0xD184, 0xD184, 0xD184, 0xD184, 0xD184, 0xD1A5, 0xD184, 0xD184, 0xD184, 0x0000, 0x0000,
    0xA8E3, 0xA0E3, 0xA0E3, 0xF345, 0xE905, 0xE905, 0xBD9E, 0x29CA, 0x29CA, 0xF1A1, 0x78C7, 0x78C7, 0x8739, 0x0001, 0x0001, 0x0001,
    0x0001, 0x0001, 0x0001, 0x0000, 0x0000, 0x78C7, 0xB121, 0xB121, 0x78A6, 0x305E, 0x305E, 0xF348, 0x98C5, 0x98C5, 0x0DA3, 0x0000,
    0x0000, 0xA8E3, 0x79A7, 0x79A7, 0xD185, 0xD184, 0xD184, 0xD184, 0xD184, 0xD184, 0xD1A5, 0xD184, 0xD184, 0xD184, 0x0000, 0x0000,
    0xA8E3, 0xA0E3, 0xA0E3, 0xF345, 0xE905, 0xE905, 0xBD9E, 0x29CA, 0x29CA, 0xF1A1, 0x78C7, 0x78C7, 0x8739, 0x0001, 0x0001, 0x0001,
    0x0001, 0x0001, 0x0001, 0x0000, 0x0000, 0xA903, 0xA901, 0xA901, 0x0000, 0x2382, 0x2382, 0xA906, 0x98A5, 0x98A5, 0x15A3, 0x0000,
    0x0000, 0xA8E3, 0xD084, 0xD084, 0xD185, 0xD184, 0xD184, 0xD184, 0xD184, 0xD184, 0xD1A5, 0xD184, 0xD184, 0xD184, 0x0000, 0x0000,
    0xA8E3, 0xA0E3, 0xA0E3, 0xA903, 0xE8E5, 0xE8E5, 0xA8E3, 0x3E64, 0x3E64, 0x3245, 0xA9C3, 0xA9C3, 0x8739, 0x0001, 0x0001, 0x0001,
    0x0001, 0x0001, 0x0001, 0x0000, 0x0000, 0xA903, 0x80C4, 0x80C4, 0x001E, 0xD920, 0xD920, 0xA906, 0xDB07, 0xDB07, 0x2AE4, 0x1000,
    0x1000, 0xA8E3, 0x494B, 0x494B, 0xD185, 0xD184, 0xD184, 0x01C1, 0xD184, 0xD184, 0xA148, 0xD185, 0xD185, 0xD184, 0x875A, 0x875A,
    0xA8E3, 0x7884, 0x7884, 0x13A4, 0x6EC3, 0x6EC3, 0x5E61, 0x3E63, 0x3E63, 0xF9E7, 0xDA22, 0xDA22, 0xAF39, 0x0001, 0x0001, 0x0001,
    0x0001, 0x0001, 0x0001, 0x0000, 0x0000, 0xA903, 0x80C4, 0x80C4, 0x001E, 0xD920, 0xD920, 0xA906, 0xDB07, 0xDB07, 0x2AE4, 0x1000,
    0x1000, 0xA8E3, 0x494B, 0x494B, 0xD185, 0xD184, 0xD184, 0x01C1, 0xD184, 0xD184, 0xA148, 0xD185, 0xD185, 0xD184, 0x875A, 0x875A,
    0xA8E3, 0x7884, 0x7884, 0x13A4, 0x6EC3, 0x6EC3, 0x5E61, 0x3E63, 0x3E63, 0xF9E7, 0xDA22, 0xDA22, 0xAF39, 0x0001, 0x0001, 0x0001,
    0x0001, 0x0001, 0x0001, 0x0000, 0x0000, 0xA903, 0x001E, 0x001E, 0xA0E1, 0x2382, 0x2382, 0xA926, 0xDB07, 0xDB07, 0x9DA4, 0x5083,
    0x5083, 0x0000, 0x48CA, 0x48CA, 0xD165, 0x01E1, 0x01E1, 0xD184, 0xD184, 0xD184, 0xD1A5, 0xA128, 0xA128, 0xD185, 0x875A, 0x875A,
    0x51E6, 0xC345, 0xC345, 0x8384, 0xA905, 0xA905, 0x6683, 0xE423, 0xE423, 0x50E0, 0x82E5, 0x82E5, 0xAF39, 0x0001, 0x0001, 0x0001,
    0x0001, 0x0001, 0x0001, 0x0000, 0x0000, 0x0000, 0x0000, 0x0000, 0xC984, 0xF345, 0xF345, 0xF345, 0xF345, 0xF345, 0xF345, 0xEB45,
    0xEB45, 0xA903, 0x0000, 0x0000, 0x0000, 0x0000, 0x0000, 0xA0E3, 0xA0E3, 0xA0E3, 0x0000, 0x0000, 0x0000, 0x0000, 0xA8E3, 0xA8E3,
    0xEB45, 0xF345, 0xF345, 0xF345, 0xF345, 0xF345, 0xF345, 0xC964, 0xC964, 0x0000, 0x0000, 0x0000, 0x0000, 0x0001, 0x0001, 0x0001,
    0x0001, 0x0001, 0x0001, 0x0000, 0x0000, 0x0000, 0x0000, 0x0000, 0xC984, 0xF345, 0xF345, 0xF345, 0xF345, 0xF345, 0xF345, 0xEB45,
    0xEB45, 0xA903, 0x0000, 0x0000, 0x0000, 0x0000, 0x0000, 0xA0E3, 0xA0E3, 0xA0E3, 0x0000, 0x0000, 0x0000, 0x0000, 0xA8E3, 0xA8E3,
    0xEB45, 0xF345, 0xF345, 0xF345, 0xF345, 0xF345, 0xF345, 0xC964, 0xC964, 0x0000, 0x0000, 0x0000, 0x0000, 0x0001, 0x0001, 0x0001,
    0x0001, 0x0001, 0x0001, 0x0001, 0x0001, 0x0000, 0xA903, 0xA903, 0xD184, 0xD184, 0xD184, 0xF345, 0xF344, 0xF344, 0xF345, 0xF345,
    0xF345, 0xD184, 0xA103, 0xA103, 0x0000, 0x0001, 0x0001, 0x0000, 0x0000, 0x0000, 0x0001, 0x0000, 0x0000, 0xA903, 0xD184, 0xD184,
    0xF345, 0xF345, 0xF345, 0xF344, 0xF365, 0xF365, 0xD184, 0xD164, 0xD164, 0xA903, 0x0000, 0x0000, 0x0001, 0x0001, 0x0001, 0x0001,
    0x0001, 0x0001, 0x0001, 0x0001, 0x0001, 0x0000, 0xA103, 0xA103, 0xD185, 0xD185, 0xD185, 0xB124, 0x0000, 0x0000, 0x78C7, 0xD184,
    0xD184, 0xD184, 0xA103, 0xA103, 0x0000, 0x0001, 0x0001, 0x0001, 0x0001, 0x0001, 0x0001, 0x0000, 0x0000, 0xA903, 0xD184, 0xD184,
    0xD184, 0x78C7, 0x78C7, 0x0000, 0xA903, 0xA903, 0xD184, 0xD185, 0xD185, 0xA103, 0x0000, 0x0000, 0x0001, 0x0001, 0x0001, 0x0001,
    0x0001, 0x0001, 0x0001, 0x0001, 0x0001, 0x0000, 0xA103, 0xA103, 0xD185, 0xD185, 0xD185, 0xB124, 0x0000, 0x0000, 0x78C7, 0xD184,
    0xD184, 0xD184, 0xA103, 0xA103, 0x0000, 0x0001, 0x0001, 0x0001, 0x0001, 0x0001, 0x0001, 0x0000, 0x0000, 0xA903, 0xD184, 0xD184,
    0xD184, 0x78C7, 0x78C7, 0x0000, 0xA903, 0xA903, 0xD184, 0xD185, 0xD185, 0xA103, 0x0000, 0x0000, 0x0001, 0x0001, 0x0001, 0x0001,
    0x0001, 0x0001, 0x0001, 0x0001, 0x0001, 0x0000, 0xA103, 0xA103, 0xA103, 0xD184, 0xD184, 0x78C7, 0x0000, 0x0000, 0x0000, 0xA8E3,
    0xA8E3, 0xD184, 0xA0E3, 0xA0E3, 0x0000, 0x0001, 0x0001, 0x0001, 0x0001, 0x0001, 0x0001, 0x0000, 0x0000, 0xA0E3, 0xD185, 0xD185,
    0xA0E3, 0x0000, 0x0000, 0x0000, 0x78C7, 0x78C7, 0xD185, 0xA8E3, 0xA8E3, 0xA103, 0x0000, 0x0000, 0x0001, 0x0001, 0x0001, 0x0001,
    0x0001, 0x0001, 0x0001, 0x0001, 0x0001, 0x0001, 0x0000, 0x0000, 0xA103, 0xD185, 0xD185, 0x78C7, 0x0000, 0x0000, 0x0000, 0x0000,
    0x0000, 0xA8E3, 0x0000, 0x0000, 0x0001, 0x0001, 0x0001, 0x0001, 0x0001, 0x0001, 0x0001, 0x0001, 0x0001, 0x0000, 0xA903, 0xA903,
    0x0000, 0x0000, 0x0000, 0x0000, 0x78A6, 0x78A6, 0xD185, 0xA0E3, 0xA0E3, 0x0000, 0x0001, 0x0001, 0x0001, 0x0001, 0x0001, 0x0001,
    0x0001, 0x0001, 0x0001, 0x0001, 0x0001, 0x0001, 0x0000, 0x0000, 0xA103, 0xD185, 0xD185, 0x78C7, 0x0000, 0x0000, 0x0000, 0x0000,
    0x0000, 0xA8E3, 0x0000, 0x0000, 0x0001, 0x0001, 0x0001, 0x0001, 0x0001, 0x0001, 0x0001, 0x0001, 0x0001, 0x0000, 0xA903, 0xA903,
    0x0000, 0x0000, 0x0000, 0x0000, 0x78A6, 0x78A6, 0xD185, 0xA0E3, 0xA0E3, 0x0000, 0x0001, 0x0001, 0x0001, 0x0001, 0x0001, 0x0001,
    0x0001, 0x0001, 0x0001, 0x0001, 0x0001, 0x0001, 0x0001, 0x0001, 0x0000, 0xC964, 0xC964, 0x78C7, 0x0000, 0x0000, 0x0001, 0x0000,
    0x0000, 0x0000, 0x0001, 0x0001, 0x0001, 0x0001, 0x0001, 0x0001, 0x0001, 0x0001, 0x0001, 0x0001, 0x0001, 0x0001, 0x0000, 0x0000,
    0x0000, 0x0001, 0x0001, 0x0000, 0x78A6, 0x78A6, 0xC944, 0x0000, 0x0000, 0x0001, 0x0001, 0x0001, 0x0001, 0x0001, 0x0001, 0x0001,
    0x0001, 0x0001, 0x0001, 0x0001, 0x0001, 0x0001, 0x0001, 0x0001, 0x0000, 0x78A6, 0x78A6, 0x0000, 0x0000, 0x0000, 0x0001, 0x0001,
    0x0001, 0x0001, 0x0001, 0x0001, 0x0001, 0x0001, 0x0001, 0x0001, 0x0001, 0x0001, 0x0001, 0x0001, 0x0001, 0x0001, 0x0001, 0x0001,
    0x0001, 0x0001, 0x0001, 0x0000, 0x0000, 0x0000, 0x78C7, 0x0000, 0x0000, 0x0001, 0x0001, 0x0001, 0x0001, 0x0001, 0x0001, 0x0001,
    0x0001, 0x0001, 0x0001, 0x0001, 0x0001, 0x0001, 0x0001, 0x0001, 0x0000, 0x78A6, 0x78A6, 0x0000, 0x0000, 0x0000, 0x0001, 0x0001,
    0x0001, 0x0001, 0x0001, 0x0001, 0x0001, 0x0001, 0x0001, 0x0001, 0x0001, 0x0001, 0x0001, 0x0001, 0x0001, 0x0001, 0x0001, 0x0001,
    0x0001, 0x0001, 0x0001, 0x0000, 0x0000, 0x0000, 0x78C7, 0x0000, 0x0000, 0x0001, 0x0001, 0x0001, 0x0001, 0x0001, 0x0001, 0x0001,
    0x0001, 0x0001, 0x0001, 0x0001, 0x0001, 0x0001, 0x0001, 0x0001, 0x0001, 0x0000, 0x0000, 0x0000, 0x0001, 0x0001, 0x0001, 0x0001,
    0x0001, 0x0001, 0x0001, 0x0001, 0x0001, 0x0001, 0x0001, 0x0001, 0x0001, 0x0001, 0x0001, 0x0001, 0x0001, 0x0001, 0x0001, 0x0001,
    0x0001, 0x0001, 0x0001, 0x0001, 0x0000, 0x0000, 0x0000, 0x0001, 0x0001, 0x0001, 0x0001, 0x0001, 0x0001, 0x0001, 0x0001, 0x0001,
    0x0001, 0x0001, 0x0001, 0x0001, 0x0001, 0x0001, 0x0001, 0x0001, 0x0001, 0x0001, 0x0001, 0x0001, 0x0001, 0x0001, 0x0001, 0x0001,
    0x0001, 0x0001, 0x0001, 0x0001, 0x0001, 0x0001, 0x0001, 0x0001, 0x0001, 0x0001, 0x0001, 0x0001, 0x0001, 0x0001, 0x0001, 0x0001,
    0x0001, 0x0001, 0x0001, 0x0001, 0x0001, 0x0001, 0x0001, 0x0001, 0x0001, 0x0001, 0x0001, 0x0001, 0x0001, 0x0001, 0x0001, 0x0001,
    0x0001, 0x0001, 0x0001, 0x0001, 0x0001, 0x0001, 0x0001, 0x0001, 0x0001, 0x0001, 0x0001, 0x0001, 0x0001, 0x0001, 0x0001, 0x0001,
    0x0001, 0x0001, 0x0001, 0x0001, 0x0001, 0x0001, 0x0001, 0x0001, 0x0001, 0x0001, 0x0001, 0x0001, 0x0001, 0x0001, 0x0001, 0x0001,
    0x0001, 0x0001, 0x0001, 0x0001, 0x0001, 0x0001, 0x0001, 0x0001, 0x0001, 0x0001, 0x0001, 0x0001, 0x0001, 0x0001, 0x0001, 0x0001,
    0x0001, 0x0001, 0x0001, 0x0001, 0x0001, 0x0001, 0x0001, 0x0001, 0x0001, 0x0001, 0x0001, 0x0001, 0x0001, 0x0001, 0x0001, 0x0001,
    0x0001, 0x0001, 0x0001, 0x0001, 0x0001, 0x0001, 0x0001, 0x0001, 0x0001, 0x0001, 0x0001, 0x0001, 0x0001, 0x0001, 0x0001, 0x0001,
    0x0001, 0x0001, 0x0001, 0x0001, 0x0001, 0x0001, 0x0001, 0x0001, 0x0001, 0x0001, 0x0001, 0x0001, 0x0001, 0x0001, 0x0001, 0x0001
  }
};

static_assert(sizeof(STATUS_LIVE_FRAMES) ==
              STATUS_LIVE_FRAME_COUNT * STATUS_ICON_WIDTH * STATUS_ICON_HEIGHT * sizeof(uint16_t));

constexpr uint8_t STATUS_BUSY_FRAME_COUNT = 6;
const uint16_t STATUS_BUSY_FRAMES[STATUS_BUSY_FRAME_COUNT]
                                 [STATUS_ICON_WIDTH * STATUS_ICON_HEIGHT] PROGMEM = {
  {
    0x0001, 0x0001, 0x0001, 0x0001, 0x0001, 0x0001, 0x0001, 0x0001, 0x0001, 0x0001, 0x0001, 0x0001, 0x0001, 0x0001, 0x0001, 0x0001,
    0x0001, 0x0001, 0x0001, 0x0001, 0x0001, 0x0001, 0x0001, 0x0001, 0x0001, 0x0001, 0x0001, 0x0001, 0x0001, 0x0001, 0x0001, 0x0001,
    0x0001, 0x0001, 0x0001, 0x0001, 0x0001, 0x0001, 0x0001, 0x0001, 0x0001, 0x0001, 0x0001, 0x0001, 0x0001, 0x0001, 0x0001, 0x0001,
    0x0001, 0x0001, 0x0001, 0x0001, 0x0001, 0x0001, 0x0001, 0x0001, 0x0001, 0x0001, 0x0001, 0x0001, 0x0001, 0x0001, 0x0001, 0x0001,
    0x0001, 0x0001, 0x0001, 0x0001, 0x0001, 0x0001, 0x0001, 0x0001, 0x0001, 0x0001, 0x0001, 0x0001, 0x0001, 0x0001, 0x0001, 0x0001,
    0x0001, 0x0001, 0x0001, 0x0001, 0x0001, 0x0001, 0x0001, 0x0001, 0x0001, 0x0001, 0x0001, 0x0001, 0x0001, 0x0001, 0x0001, 0x0001,
    0x0001, 0x0001, 0x0001, 0x0001, 0x0001, 0x0001, 0x0001, 0x0001, 0x0001, 0x0001, 0x0001, 0x0001, 0x0001, 0x0001, 0x0001, 0x0000,
    0x0000, 0x0000, 0x0001, 0x0001, 0x0001, 0x0001, 0x0001, 0x0001, 0x0001, 0x0001, 0x0001, 0x0001, 0x0001, 0x0001, 0x0000, 0x0000,
    0x0000, 0x0001, 0x0001, 0x0001, 0x0001, 0x0001, 0x0001, 0x0001, 0x0001, 0x0001, 0x0001, 0x0001, 0x0001, 0x0001, 0x0001, 0x0001,
    0x0001, 0x0001, 0x0001, 0x0001, 0x0001, 0x0001, 0x0001, 0x0001, 0x0001, 0x0001, 0x0001, 0x0001, 0x0001, 0x0001, 0x0000, 0xAE9F,
    0xAE9F, 0xAE9F, 0x0000, 0x0000, 0x0001, 0x0001, 0x0001, 0x0001, 0x0001, 0x0001, 0x0001, 0x0001, 0x0001, 0x0000, 0xAE9F, 0xAE9F,
    0xAE9F, 0x0000, 0x0000, 0x0001, 0x0001, 0x0001, 0x0001, 0x0001, 0x0001, 0x0001, 0x0001, 0x0001, 0x0001, 0x0001, 0x0001, 0x0001,
    0x0001, 0x0001, 0x0001, 0x0001, 0x0001, 0x0001, 0x0001, 0x0001, 0x0001, 0x0001, 0x0001, 0x0001, 0x0001, 0x0001, 0x0000, 0xAE9F,
    0xAE9F, 0xAE9F, 0x0000, 0x0000, 0x0001, 0x0001, 0x0001, 0x0001, 0x0001, 0x0001, 0x0001, 0x0001, 0x0001, 0x0000, 0xAE9F, 0xAE9F,
    0xAE9F, 0x0000, 0x0000, 0x0001, 0x0001, 0x0001, 0x0001, 0x0001, 0x0001, 0x0001, 0x0001, 0x0001, 0x0001, 0x0001, 0x0001, 0x0001,
    0x0001, 0x0001, 0x0001, 0x0001, 0x0001, 0x0001, 0x0001, 0x0001, 0x0001, 0x0001, 0x0001, 0x0001, 0x0001, 0x0001, 0x0000, 0x496A,
    0x496A, 0xB98F, 0x0000, 0x0000, 0x0001, 0x0001, 0x0001, 0x0001, 0x0001, 0x0001, 0x0001, 0x0001, 0x0001, 0x0000, 0x6359, 0x6359,
    0x9491, 0x0000, 0x0000, 0x0001, 0x0001, 0x0001, 0x0001, 0x0001, 0x0001, 0x0001, 0x0001, 0x0001, 0x0001, 0x0001, 0x0001, 0x0001,
    0x0001, 0x0001, 0x0001, 0x0001, 0x0001, 0x0001, 0x0001, 0x0001, 0x0001, 0x0001, 0x0001, 0x0001, 0x0001, 0x0001, 0x0001, 0x0001,
    0x0001, 0x0000, 0x6379, 0x6379, 0x0000, 0x0000, 0x0000, 0x0000, 0x0000, 0x0000, 0x0000, 0x0000, 0x0000, 0x6379, 0x0000, 0x0000,
    0x0001, 0x0001, 0x0001, 0x0001, 0x0001, 0x0001, 0x0001, 0x0001, 0x0001, 0x0001, 0x0001, 0x0001, 0x0001, 0x0001, 0x0001, 0x0001,
    0x0001, 0x0001, 0x0001, 0x0001, 0x0001, 0x0001, 0x0001, 0x0001, 0x0001, 0x0001, 0x0001, 0x0001, 0x0001, 0x0001, 0x0001, 0x0001,
    0x0001, 0x0000, 0x6379, 0x6379, 0x0000, 0x0000, 0x0000, 0x0000, 0x0000, 0x0000, 0x0000, 0x0000, 0x0000, 0x6379, 0x0000, 0x0000,
    0x0001, 0x0001, 0x0001, 0x0001, 0x0001, 0x0001, 0x0001, 0x0001, 0x0001, 0x0001, 0x0001, 0x0001, 0x0001, 0x0001, 0x0001, 0x0001,
    0x0001, 0x0001, 0x0001, 0x0001, 0x0001, 0x0001, 0x0001, 0x0001, 0x0001, 0x0001, 0x0001, 0x0001, 0x0001, 0x0001, 0x0001, 0x0001,
    0x0001, 0x0000, 0x0000, 0x0000, 0xF345, 0xF344, 0xF344, 0xEB45, 0xF345, 0xF345, 0xF345, 0xF344, 0xF344, 0x0000, 0x0000, 0x0000,
    0x0001, 0x0001, 0x0001, 0x0001, 0x0001, 0x0001, 0x0001, 0x0001, 0x0001, 0x0001, 0x0001, 0x0001, 0x0001, 0x0001, 0x0001, 0x0001,
    0x0001, 0x0001, 0x0001, 0x0001, 0x0001, 0x0001, 0x0001, 0x0001, 0x0001, 0x0001, 0x0001, 0x0001, 0x0001, 0x0001, 0x0001, 0x0000,
    0x0000, 0xD164, 0x0000, 0x0000, 0xF344, 0xFC6B, 0xFC6B, 0xEBE8, 0xF345, 0xF345, 0xF281, 0xE23E, 0xE23E, 0xD189, 0x07E0, 0x07E0,
    0x2E9B, 0x0001, 0x0001, 0x0001, 0x0001, 0x0001, 0x0001, 0x0001, 0x0001, 0x0001, 0x0001, 0x0001, 0x0001, 0x0001, 0x0001, 0x0001,
    0x0001, 0x0001, 0x0001, 0x0001, 0x0001, 0x0001, 0x0001, 0x0001, 0x0001, 0x0001, 0x0001, 0x0001, 0x0001, 0x0001, 0x0001, 0x0000,
    0x0000, 0xD164, 0x0000, 0x0000, 0xF344, 0xFC6B, 0xFC6B, 0xEBE8, 0xF345, 0xF345, 0xF281, 0xE23E, 0xE23E, 0xD189, 0x07E0, 0x07E0,
    0x2E9B, 0x0001, 0x0001, 0x0001, 0x0001, 0x0001, 0x0001, 0x0001, 0x0001, 0x0001, 0x0001, 0x0001, 0x0001, 0x0001, 0x0001, 0x0001,
    0x0001, 0x0001, 0x0001, 0x0001, 0x0001, 0x0001, 0x0001, 0x0001, 0x0001, 0x0001, 0x0001, 0x0001, 0x0001, 0x0001, 0x0000, 0xA903,
    0xA903, 0xD184, 0x21C1, 0x21C1, 0xEB45, 0xFC6B, 0xFC6B, 0xEBE8, 0xF345, 0xF345, 0xF281, 0xE23E, 0xE23E, 0xF349, 0x07E0, 0x07E0,
    0xD79F, 0x0001, 0x0001, 0x0001, 0x0001, 0x0001, 0x0001, 0x0001, 0x0001, 0x0001, 0x0001, 0x0001, 0x0001, 0x0001, 0x0001, 0x0001,
    0x0001, 0x0001, 0x0001, 0x0001, 0x0001, 0x0001, 0x0001, 0x0001, 0x0001, 0x0001, 0x0001, 0x0001, 0x0000, 0x0000, 0xA0E3, 0xF344,
    0xF344, 0xA8E3, 0xA0E3, 0xA0E3, 0xEB45, 0xEB45, 0xEB45, 0xF345, 0xF345, 0xF345, 0xF365, 0xF365, 0xF365, 0xA0E3, 0xA0E3, 0xA0E3,
    0xF345, 0xA903, 0xA903, 0x0000, 0x0001, 0x0001, 0x0001, 0x0001, 0x0001, 0x0001, 0x0001, 0x0001, 0x0001, 0x0001, 0x0001, 0x0001,
    0x0001, 0x0001, 0x0001, 0x0001, 0x0001, 0x0001, 0x0001, 0x0001, 0x0001, 0x0001, 0x0001, 0x0001, 0x0000, 0x0000, 0xA0E3, 0xF344,
    0xF344, 0xA8E3, 0xA0E3, 0xA0E3, 0xEB45, 0xEB45, 0xEB45, 0xF345, 0xF345, 0xF345, 0xF365, 0xF365, 0xF365, 0xA0E3, 0xA0E3, 0xA0E3,
    0xF345, 0xA903, 0xA903, 0x0000, 0x0001, 0x0001, 0x0001, 0x0001, 0x0001, 0x0001, 0x0001, 0x0001, 0x0001, 0x0001, 0x0001, 0x0001,
    0x0001, 0x0001, 0x0001, 0x0001, 0x0001, 0x0001, 0x0001, 0x0001, 0x0001, 0x0001, 0x0001, 0x0001, 0x0000, 0x0000, 0xA0E3, 0xEB45,
    0xEB45, 0xA903, 0x70C6, 0x70C6, 0xA0E3, 0xF365, 0xF365, 0xF345, 0xEB45, 0xEB45, 0xA103, 0xA903, 0xA903, 0x68A6, 0xA903, 0xA903,
    0xEB45, 0xA0E3, 0xA0E3, 0x0000, 0x0001, 0x0001, 0x0001, 0x0001, 0x0001, 0x0001, 0x0001, 0x0001, 0x0001, 0x0001, 0x0001, 0x0001,
    0x0001, 0x0001, 0x0001, 0x0001, 0x0001, 0x0001, 0x0001, 0x0001, 0x0001, 0x0001, 0x0001, 0x0001, 0x0000, 0x0000, 0xC964, 0xF345,
    0xF345, 0xA0E3, 0x3698, 0x3698, 0x0000, 0x2E98, 0x2E98, 0xA0E3, 0xA0E3, 0xA0E3, 0x3698, 0x0000, 0x0000, 0x3698, 0xA903, 0xA903,
    0xEB45, 0xD184, 0xD184, 0x0000, 0x0001, 0x0001, 0x0001, 0x0001, 0x0001, 0x0001, 0x0001, 0x0001, 0x0001, 0x0001, 0x0001, 0x0001,
    0x0001, 0x0001, 0x0001, 0x0001, 0x0001, 0x0001, 0x0001, 0x0001, 0x0001, 0x0001, 0x0001, 0x0001, 0x0000, 0x0000, 0xC964, 0xF345,
    0xF345, 0xA0E3, 0x3698, 0x3698, 0x0000, 0x2E98, 0x2E98, 0xA0E3, 0xA0E3, 0xA0E3, 0x3698, 0x0000, 0x0000, 0x3698, 0xA903, 0xA903,
    0xEB45, 0xD184, 0xD184, 0x0000, 0x0001, 0x0001, 0x0001, 0x0001, 0x0001, 0x0001, 0x0001, 0x0001, 0x0001, 0x0001, 0x0001, 0x0001,
    0x0001, 0x0001, 0x0001, 0x0001, 0x0001, 0x0001, 0x0001, 0x0001, 0x0001, 0x0001, 0x0001, 0x0000, 0xA0E3, 0xA0E3, 0xD164, 0xD164,
    0xD164, 0xE226, 0xFFDD, 0xFFDD, 0x0000, 0x5E37, 0x5E37, 0xC964, 0xC964, 0xC964, 0x5E58, 0x0000, 0x0000, 0xFFDD, 0xE226, 0xE226,
    0xD164, 0xD164, 0xD164, 0xA903, 0x0000, 0x0000, 0x0001, 0x0001, 0x0001, 0x0001, 0x0001, 0x0001, 0x0001, 0x0001, 0x0001, 0x0001,
    0x0001, 0x0001, 0x0001, 0x0001, 0x0001, 0x0001, 0x0001, 0x0001, 0x0001, 0x0001, 0x0001, 0x0000, 0xA903, 0xA903, 0xDA26, 0xC0C2,
    0xC0C2, 0xC985, 0xE7DD, 0xE7DD, 0x5E37, 0x5E37, 0x5E37, 0xEB45, 0xC964, 0xC964, 0x5E37, 0x5E37, 0x5E37, 0xFFDD, 0xDA27, 0xDA27,
    0xD164, 0xE226, 0xE226, 0xA901, 0x0000, 0x0000, 0x0001, 0x0001, 0x0001, 0x0001, 0x0001, 0x0001, 0x0001, 0x0001, 0x0001, 0x0001,
    0x0001, 0x0001, 0x0001, 0x0001, 0x0001, 0x0001, 0x0001, 0x0001, 0x0001, 0x0001, 0x0001, 0x0000, 0xA903, 0xA903, 0xDA26, 0xC0C2,
    0xC0C2, 0xC985, 0xE7DD, 0xE7DD, 0x5E37, 0x5E37, 0x5E37, 0xEB45, 0xC964, 0xC964, 0x5E37, 0x5E37, 0x5E37, 0xFFDD, 0xDA27, 0xDA27,
    0xD164, 0xE226, 0xE226, 0xA901, 0x0000, 0x0000, 0x0001, 0x0001, 0x0001, 0x0001, 0x0001, 0x0001, 0x0001, 0x0001, 0x0001, 0x0001,
    0x0001, 0x0001, 0x0001, 0x0001, 0x0001, 0x0001, 0x0001, 0x0001, 0x0001, 0x0001, 0x0001, 0x0000, 0xA903, 0xA903, 0xD164, 0xEAA8,
    0xEAA8, 0xC964, 0xC964, 0xC964, 0xEB45, 0xF344, 0xF344, 0xEB45, 0xEB45, 0xEB45, 0xEB45, 0xEB45, 0xEB45, 0xC964, 0xC964, 0xC964,
    0xEAA8, 0xD164, 0xD164, 0xA903, 0x0000, 0x0000, 0x0001, 0x0001, 0x0001, 0x0001, 0x0001, 0x0001, 0x0001, 0x0001, 0x0001, 0x0001,
    0x0001, 0x0001, 0x0001, 0x0001, 0x0001, 0x0001, 0x0001, 0x0001, 0x0001, 0x0001, 0x0001, 0x0000, 0xA903, 0xA903, 0xD164, 0xD164,
    0xD164, 0xE226, 0xDA26, 0xDA26, 0x0000, 0xEB45, 0xEB45, 0xEB45, 0xEB45, 0xEB45, 0xEB45, 0x0000, 0x0000, 0xDA26, 0xE226, 0xE226,
    0xD164, 0xD164, 0xD164, 0xA8E3, 0x0000, 0x0000, 0x0001, 0x0001, 0x0001, 0x0001, 0x0001, 0x0001, 0x0001, 0x0001, 0x0001, 0x0001,
    0x0001, 0x0001, 0x0001, 0x0001, 0x0001, 0x0001, 0x0001, 0x0001, 0x0001, 0x0001, 0x0001, 0x0000, 0xA903, 0xA903, 0xD164, 0xD164,
    0xD164, 0xE226, 0xDA26, 0xDA26, 0x0000, 0xEB45, 0xEB45, 0xEB45, 0xEB45, 0xEB45, 0xEB45, 0x0000, 0x0000, 0xDA26, 0xE226, 0xE226,
    0xD164, 0xD164, 0xD164, 0xA8E3, 0x0000, 0x0000, 0x0001, 0x0001, 0x0001, 0x0001, 0x0001, 0x0001, 0x0001, 0x0001, 0x0001, 0x0001,
    0x0001, 0x0001, 0x0001, 0x0001, 0x0001, 0x0001, 0x0001, 0x0001, 0x0001, 0x0000, 0x0000, 0x0000, 0x0000, 0x0000, 0xA0E3, 0xD164,
    0xD164, 0xD164, 0xDA26, 0xDA26, 0xDA06, 0x0000, 0x0000, 0x0000, 0x0000, 0x0000, 0x0000, 0xDA06, 0xDA06, 0xDA26, 0xD164, 0xD164,
    0xD164, 0xA103, 0xA103, 0x0000, 0x0000, 0x0000, 0x0000, 0x0001, 0x0001, 0x0001, 0x0001, 0x0001, 0x0001, 0x0001, 0x0001, 0x0001,
    0x0001, 0x0001, 0x0001, 0x0001, 0x0001, 0x0001, 0x0000, 0x0000, 0xA0E3, 0xEB45, 0xEB45, 0xA0E3, 0x0000, 0x0000, 0x0000, 0xA0E3,
    0xA0E3, 0xA0E3, 0xD164, 0xD164, 0xD164, 0xD184, 0xD184, 0xD164, 0xD184, 0xD184, 0xD184, 0xD164, 0xD164, 0xD164, 0xA0E3, 0xA0E3,
    0xA0E3, 0x0000, 0x0000, 0x0000, 0xA0E3, 0xA0E3, 0xEB65, 0xA0E3, 0xA0E3, 0x0000, 0x0001, 0x0001, 0x0001, 0x0001, 0x0001, 0x0001,
    0x0001, 0x0001, 0x0001, 0x0001, 0x0001, 0x0001, 0x0000, 0x0000, 0xA0E3, 0xEB45, 0xEB45, 0xA0E3, 0x0000, 0x0000, 0x0000, 0xA0E3,
    0xA0E3, 0xA0E3, 0xD164, 0xD164, 0xD164, 0xD184, 0xD184, 0xD164, 0xD184, 0xD184, 0xD184, 0xD164, 0xD164, 0xD164, 0xA0E3, 0xA0E3,
    0xA0E3, 0x0000, 0x0000, 0x0000, 0xA0E3, 0xA0E3, 0xEB65, 0xA0E3, 0xA0E3, 0x0000, 0x0001, 0x0001, 0x0001, 0x0001, 0x0001, 0x0001,
    0x0001, 0x0001, 0x0001, 0x0001, 0x0001, 0x0001, 0x0000, 0x0000, 0x70C7, 0xA901, 0xA901, 0x0000, 0xA0E3, 0xA0E3, 0x2061, 0xDF9F,
    0xDF9F, 0xA0E3, 0x7987, 0x7987, 0xC964, 0xD184, 0xD184, 0xD164, 0xD184, 0xD184, 0xD184, 0xD164, 0xD164, 0xD164, 0x0000, 0x0000,
    0xA0E3, 0xC964, 0xC964, 0xDF9F, 0x07E0, 0x07E0, 0x5103, 0x7086, 0x7086, 0x0000, 0x0001, 0x0001, 0x0001, 0x0001, 0x0001, 0x0001,
    0x0001, 0x0001, 0x0001, 0x0001, 0x0001, 0x0000, 0xA103, 0xA103, 0xA0E3, 0x0000, 0x0000, 0xEB65, 0xEB65, 0xEB65, 0xA903, 0xA0E3,
    0xA0E3, 0x0000, 0x0000, 0x0000, 0x0000, 0x0000, 0x0000, 0x0000, 0x0000, 0x0000, 0x0000, 0x0000, 0x0000, 0x0000, 0x0000, 0x0000,
    0xA0E3, 0xA0E3, 0xA0E3, 0xEB65, 0xEB45, 0xEB45, 0x0000, 0xB124, 0xB124, 0xA103, 0x0000, 0x0000, 0x0001, 0x0001, 0x0001, 0x0001,
    0x0001, 0x0001, 0x0001, 0x0001, 0x0001, 0x0000, 0xA103, 0xA103, 0xA0E3, 0x0000, 0x0000, 0xEB65, 0xEB65, 0xEB65, 0xA903, 0xA0E3,
    0xA0E3, 0x0000, 0x0000, 0x0000, 0x0000, 0x0000, 0x0000, 0x0000, 0x0000, 0x0000, 0x0000, 0x0000, 0x0000, 0x0000, 0x0000, 0x0000,
    0xA0E3, 0xA0E3, 0xA0E3, 0xEB65, 0xEB45, 0xEB45, 0x0000, 0xB124, 0xB124, 0xA103, 0x0000, 0x0000, 0x0001, 0x0001, 0x0001, 0x0001,
    0x0001, 0x0001, 0x0001, 0x0001, 0x0001, 0x0000, 0xA0E3, 0xA0E3, 0x0000, 0xEB45, 0xEB45, 0xA103, 0xA0E3, 0xA0E3, 0xA0E3, 0x0000,
    0x0000, 0x0000, 0x0000, 0x0000, 0x0000, 0xA903, 0xA903, 0xA903, 0xA903, 0xA903, 0xA903, 0x0000, 0x0000, 0x0000, 0x0000, 0x0000,
    0x0000, 0xA0E3, 0xA0E3, 0xA0E3, 0xA0E3, 0xA0E3, 0xF345, 0x0000, 0x0000, 0xA903, 0x0000, 0x0000, 0x0001, 0x0001, 0x0001, 0x0001,
    0x0001, 0x0001, 0x0001, 0x0000, 0x0000, 0x78C7, 0x0000, 0x0000, 0x0000, 0xA0E3, 0xA0E3, 0xA0E3, 0xEB04, 0xEB04, 0x7884, 0x0000,
    0x0000, 0x0001, 0x0000, 0x0000, 0x0000, 0x0000, 0x0000, 0x0000, 0x0000, 0x0000, 0x0000, 0x0000, 0x0000, 0x0000, 0x0001, 0x0001,
    0x0000, 0x78A5, 0x78A5, 0xEB04, 0xA903, 0xA903, 0xA0E3, 0x0000, 0x0000, 0x0000, 0x78C7, 0x78C7, 0x0000, 0x0001, 0x0001, 0x0001,
    0x0001, 0x0001, 0x0001, 0x0000, 0x0000, 0x78C7, 0x0000, 0x0000, 0x0000, 0xA0E3, 0xA0E3, 0xA0E3, 0xEB04, 0xEB04, 0x7884, 0x0000,
    0x0000, 0x0001, 0x0000, 0x0000, 0x0000, 0x0000, 0x0000, 0x0000, 0x0000, 0x0000, 0x0000, 0x0000, 0x0000, 0x0000, 0x0001, 0x0001,
    0x0000, 0x78A5, 0x78A5, 0xEB04, 0xA903, 0xA903, 0xA0E3, 0x0000, 0x0000, 0x0000, 0x78C7, 0x78C7, 0x0000, 0x0001, 0x0001, 0x0001,
    0x0001, 0x0001, 0x0001, 0x0000, 0x0000, 0xA103, 0x0000, 0x0000, 0xA0E3, 0xEB45, 0xEB45, 0xA8E3, 0xEB24, 0xEB24, 0xF344, 0xA643,
    0xA643, 0x5F1D, 0x78C7, 0x78C7, 0xFFE0, 0x0000, 0x0000, 0xFFE0, 0x0000, 0x0000, 0x0000, 0x0000, 0x0000, 0xFFC0, 0x8F7A, 0x8F7A,
    0xA0E3, 0xC305, 0xC305, 0xEB04, 0xF344, 0xF344, 0xA924, 0xA580, 0xA580, 0x5F1D, 0xA103, 0xA103, 0x0000, 0x0001, 0x0001, 0x0001,
    0x0001, 0x0001, 0x0001, 0x0000, 0x0000, 0xA903, 0x0000, 0x0000, 0xC964, 0xEB65, 0xEB65, 0xA8E3, 0xEB04, 0xEB04, 0xA0E3, 0xF084,
    0xF084, 0x0000, 0x0000, 0x0000, 0xFFE0, 0x285D, 0x285D, 0x285D, 0x307D, 0x307D, 0x305D, 0x0000, 0x0000, 0x8F59, 0x307D, 0x307D,
    0xF344, 0x80C3, 0x80C3, 0xEB25, 0xF344, 0xF344, 0xA904, 0xCE01, 0xCE01, 0x5F1D, 0xA103, 0xA103, 0x0000, 0x0001, 0x0001, 0x0001,
    0x0001, 0x0001, 0x0001, 0x0000, 0x0000, 0xA903, 0x0000, 0x0000, 0xC964, 0xEB65, 0xEB65, 0xA8E3, 0xEB04, 0xEB04, 0xA0E3, 0xF084,
    0xF084, 0x0000, 0x0000, 0x0000, 0xFFE0, 0x285D, 0x285D, 0x285D, 0x307D, 0x307D, 0x305D, 0x0000, 0x0000, 0x8F59, 0x307D, 0x307D,
    0xF344, 0x80C3, 0x80C3, 0xEB25, 0xF344, 0xF344, 0xA904, 0xCE01, 0xCE01, 0x5F1D, 0xA103, 0xA103, 0x0000, 0x0001, 0x0001, 0x0001,
    0x0001, 0x0001, 0x0001, 0x0000, 0x0000, 0x0000, 0xA0E3, 0xA0E3, 0xD164, 0xF345, 0xF345, 0xA8E3, 0xEB04, 0xEB04, 0xA903, 0xF085,
    0xF085, 0x2881, 0x0700, 0x0700, 0x0001, 0x285D, 0x285D, 0x285D, 0x307D, 0x307D, 0x305D, 0x0001, 0x0001, 0x8F5A, 0x58FE, 0x58FE,
    0xF344, 0x4866, 0x4866, 0x3323, 0xEB44, 0xEB44, 0xA903, 0xCE01, 0xCE01, 0xF800, 0x0000, 0x0000, 0x0000, 0x0001, 0x0001, 0x0001,
    0x0001, 0x0001, 0x0001, 0x0000, 0x0000, 0x0000, 0xA103, 0xA103, 0xD184, 0xD164, 0xD164, 0xA8E3, 0xFFC0, 0xFFC0, 0x78C6, 0xD6C4,
    0xD6C4, 0x2881, 0xA003, 0xA003, 0x8739, 0x285D, 0x285D, 0x0001, 0x0001, 0x0001, 0x0001, 0x001D, 0x001D, 0x283D, 0x58FE, 0x58FE,
    0xD184, 0x5087, 0x5087, 0x47DE, 0xEB45, 0xEB45, 0x8F43, 0xD621, 0xD621, 0xF800, 0x0000, 0x0000, 0x0000, 0x0001, 0x0001, 0x0001,
    0x0001, 0x0001, 0x0001, 0x0000, 0x0000, 0x0000, 0xA103, 0xA103, 0xD184, 0xD164, 0xD164, 0xA8E3, 0xFFC0, 0xFFC0, 0x78C6, 0xD6C4,
    0xD6C4, 0x2881, 0xA003, 0xA003, 0x8739, 0x285D, 0x285D, 0x0001, 0x0001, 0x0001, 0x0001, 0x001D, 0x001D, 0x283D, 0x58FE, 0x58FE,
    0xD184, 0x5087, 0x5087, 0x47DE, 0xEB45, 0xEB45, 0x8F43, 0xD621, 0xD621, 0xF800, 0x0000, 0x0000, 0x0000, 0x0001, 0x0001, 0x0001,
    0x0001, 0x0001, 0x0001, 0x0001, 0x0001, 0x0000, 0xA103, 0xA103, 0xA103, 0xD164, 0xD164, 0x8F23, 0x6866, 0x6866, 0x0000, 0xA643,
    0xA643, 0x2881, 0xA003, 0xA003, 0x8739, 0x285D, 0x285D, 0x0001, 0x0001, 0x0001, 0x0001, 0x001D, 0x001D, 0x285D, 0x58FE, 0x58FE,
    0xA103, 0xDFC0, 0xDFC0, 0xB884, 0xC984, 0xC984, 0x8F43, 0xA580, 0xA580, 0x0000, 0x0000, 0x0000, 0x0001, 0x0001, 0x0001, 0x0001,
    0x0001, 0x0001, 0x0001, 0x0001, 0x0001, 0x0001, 0x0000, 0x0000, 0xA103, 0xC964, 0xC964, 0x8703, 0x7886, 0x7886, 0x0000, 0x0540,
    0x0540, 0x0000, 0xA003, 0xA003, 0x8739, 0x285D, 0x285D, 0x0001, 0x0001, 0x0001, 0x0001, 0x001D, 0x001D, 0x283D, 0x307D, 0x307D,
    0x0000, 0xDFC0, 0xDFC0, 0xB864, 0xC984, 0xC984, 0x7703, 0xA5A0, 0xA5A0, 0x5F1D, 0x0001, 0x0001, 0x0001, 0x0001, 0x0001, 0x0001,
    0x0001, 0x0001, 0x0001, 0x0001, 0x0001, 0x0001, 0x0000, 0x0000, 0xA103, 0xC964, 0xC964, 0x8703, 0x7886, 0x7886, 0x0000, 0x0540,
    0x0540, 0x0000, 0xA003, 0xA003, 0x8739, 0x285D, 0x285D, 0x0001, 0x0001, 0x0001, 0x0001, 0x001D, 0x001D, 0x283D, 0x307D, 0x307D,
    0x0000, 0xDFC0, 0xDFC0, 0xB864, 0xC984, 0xC984, 0x7703, 0xA5A0, 0xA5A0, 0x5F1D, 0x0001, 0x0001, 0x0001, 0x0001, 0x0001, 0x0001,
    0x0001, 0x0001, 0x0001, 0x0001, 0x0001, 0x0001, 0x0001, 0x0001, 0x0000, 0xA0E3, 0xA0E3, 0xA103, 0xA903, 0xA903, 0x98E3, 0x0000,
    0x0000, 0x0000, 0x0000, 0x0000, 0x0001, 0x0001, 0x0001, 0x0001, 0x0001, 0x0001, 0x0001, 0x0001, 0x0001, 0x0000, 0x0000, 0x0000,
    0x0001, 0x78C7, 0x78C7, 0xA0E3, 0xA103, 0xA103, 0xA903, 0x0000, 0x0000, 0x0001, 0x0001, 0x0001, 0x0001, 0x0001, 0x0001, 0x0001,
    0x0001, 0x0001, 0x0001, 0x0001, 0x0001, 0x0001, 0x0001, 0x0001, 0x0001, 0x0000, 0x0000, 0x0000, 0x0000, 0x0000, 0x0000, 0x0001,
    0x0001, 0x0001, 0x0001, 0x0001, 0x0001, 0x0001, 0x0001, 0x0001, 0x0001, 0x0001, 0x0001, 0x0001, 0x0001, 0x0001, 0x0001, 0x0001,
    0x0001, 0x0000, 0x0000, 0x0000, 0x0000, 0x0000, 0x0000, 0x0001, 0x0001, 0x0001, 0x0001, 0x0001, 0x0001, 0x0001, 0x0001, 0x0001,
    0x0001, 0x0001, 0x0001, 0x0001, 0x0001, 0x0001, 0x0001, 0x0001, 0x0001, 0x0000, 0x0000, 0x0000, 0x0000, 0x0000, 0x0000, 0x0001,
    0x0001, 0x0001, 0x0001, 0x0001, 0x0001, 0x0001, 0x0001, 0x0001, 0x0001, 0x0001, 0x0001, 0x0001, 0x0001, 0x0001, 0x0001, 0x0001,
    0x0001, 0x0000, 0x0000, 0x0000, 0x0000, 0x0000, 0x0000, 0x0001, 0x0001, 0x0001, 0x0001, 0x0001, 0x0001, 0x0001, 0x0001, 0x0001,
    0x0001, 0x0001, 0x0001, 0x0001, 0x0001, 0x0001, 0x0001, 0x0001, 0x0001, 0x0001, 0x0001, 0x0001, 0x0001, 0x0001, 0x0001, 0x0001,
    0x0001, 0x0001, 0x0001, 0x0001, 0x0001, 0x0001, 0x0001, 0x0001, 0x0001, 0x0001, 0x0001, 0x0001, 0x0001, 0x0001, 0x0001, 0x0001,
    0x0001, 0x0001, 0x0001, 0x0001, 0x0001, 0x0001, 0x0001, 0x0001, 0x0001, 0x0001, 0x0001, 0x0001, 0x0001, 0x0001, 0x0001, 0x0001,
    0x0001, 0x0001, 0x0001, 0x0001, 0x0001, 0x0001, 0x0001, 0x0001, 0x0001, 0x0001, 0x0001, 0x0001, 0x0001, 0x0001, 0x0001, 0x0001,
    0x0001, 0x0001, 0x0001, 0x0001, 0x0001, 0x0001, 0x0001, 0x0001, 0x0001, 0x0001, 0x0001, 0x0001, 0x0001, 0x0001, 0x0001, 0x0001,
    0x0001, 0x0001, 0x0001, 0x0001, 0x0001, 0x0001, 0x0001, 0x0001, 0x0001, 0x0001, 0x0001, 0x0001, 0x0001, 0x0001, 0x0001, 0x0001,
    0x0001, 0x0001, 0x0001, 0x0001, 0x0001, 0x0001, 0x0001, 0x0001, 0x0001, 0x0001, 0x0001, 0x0001, 0x0001, 0x0001, 0x0001, 0x0001,
    0x0001, 0x0001, 0x0001, 0x0001, 0x0001, 0x0001, 0x0001, 0x0001, 0x0001, 0x0001, 0x0001, 0x0001, 0x0001, 0x0001, 0x0001, 0x0001,
    0x0001, 0x0001, 0x0001, 0x0001, 0x0001, 0x0001, 0x0001, 0x0001, 0x0001, 0x0001, 0x0001, 0x0001, 0x0001, 0x0001, 0x0001, 0x0001,
    0x0001, 0x0001, 0x0001, 0x0001, 0x0001, 0x0001, 0x0001, 0x0001, 0x0001, 0x0001, 0x0001, 0x0001, 0x0001, 0x0001, 0x0001, 0x0001,
    0x0001, 0x0001, 0x0001, 0x0001, 0x0001, 0x0001, 0x0001, 0x0001, 0x0001, 0x0001, 0x0001, 0x0001, 0x0001, 0x0001, 0x0001, 0x0001,
    0x0001, 0x0001, 0x0001, 0x0001, 0x0001, 0x0001, 0x0001, 0x0001, 0x0001, 0x0001, 0x0001, 0x0001, 0x0001, 0x0001, 0x0001, 0x0001
  },
  {
    0x0001, 0x0001, 0x0001, 0x0001, 0x0001, 0x0001, 0x0001, 0x0001, 0x0001, 0x0001, 0x0001, 0x0001, 0x0001, 0x0001, 0x0001, 0x0001,
    0x0001, 0x0001, 0x0001, 0x0001, 0x0001, 0x0001, 0x0001, 0x0001, 0x0001, 0x0001, 0x0001, 0x0001, 0x0001, 0x0001, 0x0001, 0x0001,
    0x0001, 0x0001, 0x0001, 0x0001, 0x0001, 0x0001, 0x0001, 0x0001, 0x0001, 0x0001, 0x0001, 0x0001, 0x0001, 0x0001, 0x0001, 0x0001,
    0x0001, 0x0001, 0x0001, 0x0001, 0x0001, 0x0001, 0x0001, 0x0001, 0x0001, 0x0001, 0x0001, 0x0001, 0x0001, 0x0001, 0x0001, 0x0001,
    0x0001, 0x0001, 0x0001, 0x0001, 0x0001, 0x0001, 0x0001, 0x0001, 0x0001, 0x0001, 0x0001, 0x0001, 0x0001, 0x0001, 0x0001, 0x0001,
    0x0001, 0x0001, 0x0001, 0x0001, 0x0001, 0x0001, 0x0001, 0x0001, 0x0001, 0x0001, 0x0001, 0x0001, 0x0001, 0x0001, 0x0001, 0x0001,
    0x0001, 0x0001, 0x0001, 0x0001, 0x0001, 0x0001, 0x0001, 0x0001, 0x0001, 0x0001, 0x0001, 0x0001, 0x0001, 0x0001, 0x0001, 0x0000,
    0x0000, 0x0001, 0x0001, 0x0001, 0x0001, 0x0001, 0x0001, 0x0001, 0x0001, 0x0001, 0x0001, 0x0001, 0x0001, 0x0001, 0x0001, 0x0001,
    0x0000, 0x0001, 0x0001, 0x0001, 0x0001, 0x0001, 0x0001, 0x0001, 0x0001, 0x0001, 0x0001, 0x0001, 0x0001, 0x0001, 0x0001, 0x0001,
    0x0001, 0x0001, 0x0001, 0x0001, 0x0001, 0x0001, 0x0001, 0x0001, 0x0001, 0x0001, 0x0001, 0x0001, 0x0001, 0x0001, 0x0000, 0xAE9F,
    0xAE9F, 0x0000, 0x0001, 0x0001, 0x0001, 0x0001, 0x0001, 0x0001, 0x0001, 0x0001, 0x0001, 0x0001, 0x0001, 0x0001, 0x0000, 0x0000,
    0xAE9F, 0x0000, 0x0000, 0x0001, 0x0001, 0x0001, 0x0001, 0x0001, 0x0001, 0x0001, 0x0001, 0x0001, 0x0001, 0x0001, 0x0001, 0x0001,
    0x0001, 0x0001, 0x0001, 0x0001, 0x0001, 0x0001, 0x0001, 0x0001, 0x0001, 0x0001, 0x0001, 0x0001, 0x0001, 0x0001, 0x0000, 0xAE9F,
    0xAE9F, 0x0000, 0x0001, 0x0001, 0x0001, 0x0001, 0x0001, 0x0001, 0x0001, 0x0001, 0x0001, 0x0001, 0x0001, 0x0001, 0x0000, 0x0000,
    0xAE9F, 0x0000, 0x0000, 0x0001, 0x0001, 0x0001, 0x0001, 0x0001, 0x0001, 0x0001, 0x0001, 0x0001, 0x0001, 0x0001, 0x0001, 0x0001,
    0x0001, 0x0001, 0x0001, 0x0001, 0x0001, 0x0001, 0x0001, 0x0001, 0x0001, 0x0001, 0x0001, 0x0001, 0x0001, 0x0001, 0x0001, 0x496A,
    0x496A, 0x5C7A, 0x0000, 0x0000, 0x0001, 0x0001, 0x0001, 0x0001, 0x0001, 0x0001, 0x0001, 0x0001, 0x0001, 0x0000, 0x5C7A, 0x5C7A,
    0x496A, 0x0001, 0x0001, 0x0001, 0x0001, 0x0001, 0x0001, 0x0001, 0x0001, 0x0001, 0x0001, 0x0001, 0x0001, 0x0001, 0x0001, 0x0001,
    0x0001, 0x0001, 0x0001, 0x0001, 0x0001, 0x0001, 0x0001, 0x0001, 0x0001, 0x0001, 0x0001, 0x0001, 0x0001, 0x0001, 0x0001, 0x0001,
    0x0001, 0x0000, 0x6379, 0x6379, 0x0000, 0x0000, 0x0000, 0x0000, 0x0000, 0x0000, 0x0000, 0x0000, 0x0000, 0x6379, 0x0000, 0x0000,
    0x0001, 0x0001, 0x0001, 0x0001, 0x0001, 0x0001, 0x0001, 0x0001, 0x0001, 0x0001, 0x0001, 0x0001, 0x0001, 0x0001, 0x0001, 0x0001,
    0x0001, 0x0001, 0x0001, 0x0001, 0x0001, 0x0001, 0x0001, 0x0001, 0x0001, 0x0001, 0x0001, 0x0001, 0x0001, 0x0001, 0x0001, 0x0001,
    0x0001, 0x0000, 0x6379, 0x6379, 0x0000, 0x0000, 0x0000, 0x0000, 0x0000, 0x0000, 0x0000, 0x0000, 0x0000, 0x6379, 0x0000, 0x0000,
    0x0001, 0x0001, 0x0001, 0x0001, 0x0001, 0x0001, 0x0001, 0x0001, 0x0001, 0x0001, 0x0001, 0x0001, 0x0001, 0x0001, 0x0001, 0x0001,
    0x0001, 0x0001, 0x0001, 0x0001, 0x0001, 0x0001, 0x0001, 0x0001, 0x0001, 0x0001, 0x0001, 0x0001, 0x0001, 0x0001, 0x0001, 0x0001,
    0x0001, 0x0000, 0x0000, 0x0000, 0xF345, 0xF345, 0xF345, 0xF345, 0xF345, 0xF345, 0xEB65, 0xF365, 0xF365, 0x0000, 0x0000, 0x0000,
    0x0001, 0x0001, 0x0001, 0x0001, 0x0001, 0x0001, 0x0001, 0x0001, 0x0001, 0x0001, 0x0001, 0x0001, 0x0001, 0x0001, 0x0001, 0x0001,
    0x0001, 0x0001, 0x0001, 0x0001, 0x0001, 0x0001, 0x0001, 0x0001, 0x0001, 0x0001, 0x0001, 0x0001, 0x0001, 0x0001, 0x0001, 0x0000,
    0x0000, 0xD184, 0x0000, 0x0000, 0xF344, 0xFC6B, 0xFC6B, 0xEBE8, 0xF345, 0xF345, 0xF2A1, 0xE25F, 0xE25F, 0xD189, 0x07E0, 0x07E0,
    0x2E9C, 0x0001, 0x0001, 0x0001, 0x0001, 0x0001, 0x0001, 0x0001, 0x0001, 0x0001, 0x0001, 0x0001, 0x0001, 0x0001, 0x0001, 0x0001,
    0x0001, 0x0001, 0x0001, 0x0001, 0x0001, 0x0001, 0x0001, 0x0001, 0x0001, 0x0001, 0x0001, 0x0001, 0x0001, 0x0001, 0x0001, 0x0000,
    0x0000, 0xD184, 0x0000, 0x0000, 0xF344, 0xFC6B, 0xFC6B, 0xEBE8, 0xF345, 0xF345, 0xF2A1, 0xE25F, 0xE25F, 0xD189, 0x07E0, 0x07E0,
    0x2E9C, 0x0001, 0x0001, 0x0001, 0x0001, 0x0001, 0x0001, 0x0001, 0x0001, 0x0001, 0x0001, 0x0001, 0x0001, 0x0001, 0x0001, 0x0001,
    0x0001, 0x0001, 0x0001, 0x0001, 0x0001, 0x0001, 0x0001, 0x0001, 0x0001, 0x0001, 0x0001, 0x0001, 0x0001, 0x0001, 0x0000, 0xA903,
    0xA903, 0xD184, 0x19C1, 0x19C1, 0xEB45, 0xFC6B, 0xFC6B, 0xEBE8, 0xF345, 0xF345, 0xF2A1, 0xE25F, 0xE25F, 0xF369, 0x07E0, 0x07E0,
    0xD79F, 0x0001, 0x0001, 0x0001, 0x0001, 0x0001, 0x0001, 0x0001, 0x0001, 0x0001, 0x0001, 0x0001, 0x0001, 0x0001, 0x0001, 0x0001,
    0x0001, 0x0001, 0x0001, 0x0001, 0x0001, 0x0001, 0x0001, 0x0001, 0x0001, 0x0001, 0x0001, 0x0001, 0x0000, 0x0000, 0xA8E3, 0xF345,
    0xF345, 0xA8E3, 0xA0E3, 0xA0E3, 0xEB45, 0xEB45, 0xEB45, 0xEB65, 0xEB65, 0xEB65, 0xF365, 0xF365, 0xF365, 0xA0E3, 0xA8E3, 0xA8E3,
    0xEB65, 0xA903, 0xA903, 0x0000, 0x0001, 0x0001, 0x0001, 0x0001, 0x0001, 0x0001, 0x0001, 0x0001, 0x0001, 0x0001, 0x0001, 0x0001,
    0x0001, 0x0001, 0x0001, 0x0001, 0x0001, 0x0001, 0x0001, 0x0001, 0x0001, 0x0001, 0x0001, 0x0001, 0x0000, 0x0000, 0xA8E3, 0xF345,
    0xF345, 0xA8E3, 0xA0E3, 0xA0E3, 0xEB45, 0xEB45, 0xEB45, 0xEB65, 0xEB65, 0xEB65, 0xF365, 0xF365, 0xF365, 0xA0E3, 0xA8E3, 0xA8E3,
    0xEB65, 0xA903, 0xA903, 0x0000, 0x0001, 0x0001, 0x0001, 0x0001, 0x0001, 0x0001, 0x0001, 0x0001, 0x0001, 0x0001, 0x0001, 0x0001,
    0x0001, 0x0001, 0x0001, 0x0001, 0x0001, 0x0001, 0x0001, 0x0001, 0x0001, 0x0001, 0x0001, 0x0001, 0x0000, 0x0000, 0xA8E3, 0xEB45,
    0xEB45, 0xA903, 0x68A6, 0x68A6, 0xF365, 0xF365, 0xF365, 0xF345, 0xF345, 0xF345, 0xEB45, 0xEB65, 0xEB65, 0x68A6, 0xA903, 0xA903,
    0xEB65, 0xA0E3, 0xA0E3, 0x0000, 0x0001, 0x0001, 0x0001, 0x0001, 0x0001, 0x0001, 0x0001, 0x0001, 0x0001, 0x0001, 0x0001, 0x0001,
    0x0001, 0x0001, 0x0001, 0x0001, 0x0001, 0x0001, 0x0001, 0x0001, 0x0001, 0x0001, 0x0001, 0x0001, 0x0000, 0x0000, 0xC964, 0xF345,
    0xF345, 0xA903, 0x3698, 0x3698, 0xA5B1, 0xF365, 0xF365, 0xF365, 0xF344, 0xF344, 0xEB45, 0xF345, 0xF345, 0x369A, 0xAB71, 0xAB71,
    0xEB45, 0xD184, 0xD184, 0x0000, 0x0001, 0x0001, 0x0001, 0x0001, 0x0001, 0x0001, 0x0001, 0x0001, 0x0001, 0x0001, 0x0001, 0x0001,
    0x0001, 0x0001, 0x0001, 0x0001, 0x0001, 0x0001, 0x0001, 0x0001, 0x0001, 0x0001, 0x0001, 0x0001, 0x0000, 0x0000, 0xC964, 0xF345,
    0xF345, 0xA903, 0x3698, 0x3698, 0xA5B1, 0xF365, 0xF365, 0xF365, 0xF344, 0xF344, 0xEB45, 0xF345, 0xF345, 0x369A, 0xAB71, 0xAB71,
    0xEB45, 0xD184, 0xD184, 0x0000, 0x0001, 0x0001, 0x0001, 0x0001, 0x0001, 0x0001, 0x0001, 0x0001, 0x0001, 0x0001, 0x0001, 0x0001,
    0x0001, 0x0001, 0x0001, 0x0001, 0x0001, 0x0001, 0x0001, 0x0001, 0x0001, 0x0001, 0x0001, 0x0000, 0xA903, 0xA903, 0xC964, 0xD164,
    0xD164, 0xDA27, 0xFFDD, 0xFFDD, 0x04CE, 0xA0B9, 0xA0B9, 0x1BC6, 0x1BC6, 0x1BC6, 0xA0B9, 0x4A62, 0x4A62, 0xFFDE, 0xE494, 0xE494,
    0xD164, 0xD184, 0xD184, 0xA903, 0x0000, 0x0000, 0x0001, 0x0001, 0x0001, 0x0001, 0x0001, 0x0001, 0x0001, 0x0001, 0x0001, 0x0001,
    0x0001, 0x0001, 0x0001, 0x0001, 0x0001, 0x0001, 0x0001, 0x0001, 0x0001, 0x0001, 0x0001, 0x0000, 0xA903, 0xA903, 0xE226, 0xC0C2,
    0xC0C2, 0xD164, 0xFFDD, 0xFFDD, 0x5AE5, 0xA0AE, 0xA0AE, 0x3DA6, 0x1BC6, 0x1BC6, 0xA099, 0xA099, 0xA099, 0xFFDE, 0xDC95, 0xDC95,
    0xD164, 0xE226, 0xE226, 0xA903, 0x0000, 0x0000, 0x0001, 0x0001, 0x0001, 0x0001, 0x0001, 0x0001, 0x0001, 0x0001, 0x0001, 0x0001,
    0x0001, 0x0001, 0x0001, 0x0001, 0x0001, 0x0001, 0x0001, 0x0001, 0x0001, 0x0001, 0x0001, 0x0000, 0xA903, 0xA903, 0xE226, 0xC0C2,
    0xC0C2, 0xD164, 0xFFDD, 0xFFDD, 0x5AE5, 0xA0AE, 0xA0AE, 0x3DA6, 0x1BC6, 0x1BC6, 0xA099, 0xA099, 0xA099, 0xFFDE, 0xDC95, 0xDC95,
    0xD164, 0xE226, 0xE226, 0xA903, 0x0000, 0x0000, 0x0001, 0x0001, 0x0001, 0x0001, 0x0001, 0x0001, 0x0001, 0x0001, 0x0001, 0x0001,
    0x0001, 0x0001, 0x0001, 0x0001, 0x0001, 0x0001, 0x0001, 0x0001, 0x0001, 0x0001, 0x0001, 0x0000, 0xA903, 0xA903, 0xD164, 0xEAA8,
    0xEAA8, 0xC964, 0xC964, 0xC964, 0xEB45, 0xF344, 0xF344, 0xEB45, 0xEB45, 0xEB45, 0xEB45, 0xEB45, 0xEB45, 0xC964, 0xC964, 0xC964,
    0xEAA8, 0xD164, 0xD164, 0xA8E3, 0x0000, 0x0000, 0x0001, 0x0001, 0x0001, 0x0001, 0x0001, 0x0001, 0x0001, 0x0001, 0x0001, 0x0001,
    0x0001, 0x0001, 0x0001, 0x0001, 0x0001, 0x0001, 0x0001, 0x0001, 0x0001, 0x0001, 0x0001, 0x0000, 0xA8E3, 0xA8E3, 0xD164, 0xD164,
    0xD164, 0xE226, 0xDA26, 0xDA26, 0x0000, 0xEB45, 0xEB45, 0xEB45, 0xEB45, 0xEB45, 0xEB45, 0x0000, 0x0000, 0xDA26, 0xE226, 0xE226,
    0xD164, 0xD164, 0xD164, 0xA8E3, 0x0000, 0x0000, 0x0001, 0x0001, 0x0001, 0x0001, 0x0001, 0x0001, 0x0001, 0x0001, 0x0001, 0x0001,
    0x0001, 0x0001, 0x0001, 0x0001, 0x0001, 0x0001, 0x0001, 0x0001, 0x0001, 0x0001, 0x0001, 0x0000, 0xA8E3, 0xA8E3, 0xD164, 0xD164,
    0xD164, 0xE226, 0xDA26, 0xDA26, 0x0000, 0xEB45, 0xEB45, 0xEB45, 0xEB45, 0xEB45, 0xEB45, 0x0000, 0x0000, 0xDA26, 0xE226, 0xE226,
    0xD164, 0xD164, 0xD164, 0xA8E3, 0x0000, 0x0000, 0x0001, 0x0001, 0x0001, 0x0001, 0x0001, 0x0001, 0x0001, 0x0001, 0x0001, 0x0001,
    0x0001, 0x0001, 0x0001, 0x0001, 0x0001, 0x0001, 0x0001, 0x0001, 0x0001, 0x0001, 0x0001, 0x0000, 0x0000, 0x0000, 0xA0E3, 0xD164,
    0xD164, 0xD164, 0xDA26, 0xDA26, 0xDA06, 0x0000, 0x0000, 0x0000, 0x0000, 0x0000, 0x0000, 0xDA06, 0xDA06, 0xDA26, 0xD164, 0xD164,
    0xD164, 0xA103, 0xA103, 0x0000, 0x0000, 0x0000, 0x0001, 0x0001, 0x0001, 0x0001, 0x0001, 0x0001, 0x0001, 0x0001, 0x0001, 0x0001,
    0x0001, 0x0001, 0x0001, 0x0001, 0x0001, 0x0001, 0x0001, 0x0001, 0x0000, 0x0000, 0x0000, 0xA0E3, 0x0000, 0x0000, 0x0000, 0xA0E3,
    0xA0E3, 0xA0E3, 0xD164, 0xD164, 0xD164, 0xD184, 0xD184, 0xD164, 0xD184, 0xD184, 0xD184, 0xD164, 0xD164, 0xD164, 0xA0E3, 0xA0E3,
    0xA0E3, 0x0000, 0x0000, 0x0000, 0xA0E3, 0xA0E3, 0x0000, 0x0000, 0x0000, 0x0001, 0x0001, 0x0001, 0x0001, 0x0001, 0x0001, 0x0001,
    0x0001, 0x0001, 0x0001, 0x0001, 0x0001, 0x0001, 0x0001, 0x0001, 0x0000, 0x0000, 0x0000, 0xA0E3, 0x0000, 0x0000, 0x0000, 0xA0E3,
    0xA0E3, 0xA0E3, 0xD164, 0xD164, 0xD164, 0xD184, 0xD184, 0xD164, 0xD184, 0xD184, 0xD184, 0xD164, 0xD164, 0xD164, 0xA0E3, 0xA0E3,
    0xA0E3, 0x0000, 0x0000, 0x0000, 0xA0E3, 0xA0E3, 0x0000, 0x0000, 0x0000, 0x0001, 0x0001, 0x0001, 0x0001, 0x0001, 0x0001, 0x0001,
    0x0001, 0x0001, 0x0001, 0x0001, 0x0001, 0x0001, 0x0000, 0x0000, 0xA903, 0x4242, 0x4242, 0xB59E, 0xB207, 0xB207, 0x1040, 0xDF9F,
    0xDF9F, 0xA0E3, 0x7987, 0x7987, 0xC964, 0xD184, 0xD184, 0xD164, 0xD184, 0xD184, 0xD184, 0xD164, 0xD164, 0xD164, 0x0000, 0x0000,
    0xA0E3, 0xC964, 0xC964, 0xEFBF, 0xF7DF, 0xF7DF, 0xF448, 0xBDBF, 0xBDBF, 0x571D, 0x0001, 0x0001, 0x0001, 0x0001, 0x0001, 0x0001,
    0x0001, 0x0001, 0x0001, 0x0001, 0x0001, 0x0001, 0x0000, 0x0000, 0x78C7, 0x0000, 0x0000, 0xEB65, 0xEB65, 0xEB65, 0xA0E3, 0xA0E3,
    0xA0E3, 0x0000, 0x0000, 0x0000, 0x0000, 0x0000, 0x0000, 0x0000, 0x0000, 0x0000, 0x0000, 0x0000, 0x0000, 0x0000, 0x0000, 0x0000,
    0xA0E3, 0xA0E3, 0xA0E3, 0xEB45, 0xEB45, 0xEB45, 0x0000, 0x80C6, 0x80C6, 0x0000, 0x0001, 0x0001, 0x0001, 0x0001, 0x0001, 0x0001,
    0x0001, 0x0001, 0x0001, 0x0001, 0x0001, 0x0001, 0x0000, 0x0000, 0x78C7, 0x0000, 0x0000, 0xEB65, 0xEB65, 0xEB65, 0xA0E3, 0xA0E3,
    0xA0E3, 0x0000, 0x0000, 0x0000, 0x0000, 0x0000, 0x0000, 0x0000, 0x0000, 0x0000, 0x0000, 0x0000, 0x0000, 0x0000, 0x0000, 0x0000,
    0xA0E3, 0xA0E3, 0xA0E3, 0xEB45, 0xEB45, 0xEB45, 0x0000, 0x80C6, 0x80C6, 0x0000, 0x0001, 0x0001, 0x0001, 0x0001, 0x0001, 0x0001,
    0x0001, 0x0001, 0x0001, 0x0001, 0x0001, 0x0001, 0x0000, 0x0000, 0x0000, 0xEB45, 0xEB45, 0xA103, 0xA0E3, 0xA0E3, 0xA0E3, 0x0000,
    0x0000, 0x0000, 0x0000, 0x0000, 0x0000, 0xA903, 0xA903, 0xA903, 0xA903, 0xA903, 0xA903, 0x0000, 0x0000, 0x0000, 0x0000, 0x0000,
    0x0000, 0xA0E3, 0xA0E3, 0xA0E3, 0xA0E3, 0xA0E3, 0xEB45, 0x0000, 0x0000, 0x4002, 0x0001, 0x0001, 0x0001, 0x0001, 0x0001, 0x0001,
    0x0001, 0x0001, 0x0001, 0x0001, 0x0001, 0x0000, 0x80C6, 0x80C6, 0x0000, 0xB124, 0xB124, 0xA0E3, 0xEB04, 0xEB04, 0xA0E3, 0x0000,
    0x0000, 0x0001, 0x0000, 0x0000, 0x0000, 0x0000, 0x0000, 0x0000, 0x0000, 0x0000, 0x0000, 0x0000, 0x0000, 0x0000, 0x0001, 0x0001,
    0x0000, 0xA0E3, 0xA0E3, 0xEB04, 0xA903, 0xA903, 0xA8E3, 0x0000, 0x0000, 0x80C6, 0x0000, 0x0000, 0x0001, 0x0001, 0x0001, 0x0001,
    0x0001, 0x0001, 0x0001, 0x0001, 0x0001, 0x0000, 0x80C6, 0x80C6, 0x0000, 0xB124, 0xB124, 0xA0E3, 0xEB04, 0xEB04, 0xA0E3, 0x0000,
    0x0000, 0x0001, 0x0000, 0x0000, 0x0000, 0x0000, 0x0000, 0x0000, 0x0000, 0x0000, 0x0000, 0x0000, 0x0000, 0x0000, 0x0001, 0x0001,
    0x0000, 0xA0E3, 0xA0E3, 0xEB04, 0xA903, 0xA903, 0xA8E3, 0x0000, 0x0000, 0x80C6, 0x0000, 0x0000, 0x0001, 0x0001, 0x0001, 0x0001,
    0x0001, 0x0001, 0x0001, 0x0000, 0x0000, 0xA903, 0x0000, 0x0000, 0xA0E3, 0xEB45, 0xEB45, 0xEB45, 0xF345, 0xF345, 0xEB45, 0xA8E3,
    0xA8E3, 0x0000, 0x78C7, 0x78C7, 0x78C7, 0x78C7, 0x78C7, 0x78C7, 0x78C7, 0x78C7, 0x78C7, 0x78C7, 0x78C7, 0x78C7, 0x0000, 0x0000,
    0xA0E3, 0xEB45, 0xEB45, 0xF344, 0xF344, 0xF344, 0xEB65, 0xA8E3, 0xA8E3, 0x0000, 0xA903, 0xA903, 0x0000, 0x0001, 0x0001, 0x0001,
    0x0001, 0x0001, 0x0001, 0x0000, 0x0000, 0xA8E3, 0x0000, 0x0000, 0xC964, 0xEB65, 0xEB65, 0xEB45, 0xEB45, 0xEB45, 0xA0E3, 0xEB45,
    0xEB45, 0xA8E3, 0x0000, 0x0000, 0x78C7, 0xA903, 0xA903, 0xA903, 0xA903, 0xA903, 0xA903, 0x80C6, 0x80C6, 0x0000, 0xA0E3, 0xA0E3,
    0xEB45, 0xA8E3, 0xA8E3, 0xEB45, 0xF344, 0xF344, 0xF345, 0xD164, 0xD164, 0x4002, 0xA903, 0xA903, 0x0000, 0x0001, 0x0001, 0x0001,
    0x0001, 0x0001, 0x0001, 0x0000, 0x0000, 0xA8E3, 0x0000, 0x0000, 0xC964, 0xEB65, 0xEB65, 0xEB45, 0xEB45, 0xEB45, 0xA0E3, 0xEB45,
    0xEB45, 0xA8E3, 0x0000, 0x0000, 0x78C7, 0xA903, 0xA903, 0xA903, 0xA903, 0xA903, 0xA903, 0x80C6, 0x80C6, 0x0000, 0xA0E3, 0xA0E3,
    0xEB45, 0xA8E3, 0xA8E3, 0xEB45, 0xF344, 0xF344, 0xF345, 0xD164, 0xD164, 0x4002, 0xA903, 0xA903, 0x0000, 0x0001, 0x0001, 0x0001,
    0x0001, 0x0001, 0x0001, 0x0000, 0x0000, 0x0000, 0xA903, 0xA903, 0xD164, 0xF345, 0xF345, 0xEB45, 0xEB45, 0xEB45, 0xA903, 0xF345,
    0xF345, 0xD184, 0x9083, 0x9083, 0xE000, 0xA8C3, 0xA8C3, 0xA903, 0xA903, 0xA903, 0xA903, 0x80C3, 0x80C3, 0xB042, 0xC184, 0xC184,
    0xF345, 0xA8E3, 0xA8E3, 0xEB45, 0xF344, 0xF344, 0xEB45, 0xC964, 0xC964, 0xA903, 0x0000, 0x0000, 0x0000, 0x0001, 0x0001, 0x0001,
    0x0001, 0x0001, 0x0001, 0x0001, 0x0001, 0x0000, 0xA903, 0xA903, 0xD185, 0xD164, 0xD164, 0xEB45, 0xFFE0, 0xFFE0, 0x78C7, 0xD164,
    0xD164, 0xD184, 0xA903, 0xA903, 0xE000, 0x0001, 0x0001, 0x0001, 0x0001, 0x0001, 0x0001, 0x80C3, 0x80C3, 0xA8E3, 0xC984, 0xC984,
    0xD184, 0x78C7, 0x78C7, 0x0000, 0xEB45, 0xEB45, 0xD184, 0xD185, 0xD185, 0xA103, 0x0000, 0x0000, 0x0001, 0x0001, 0x0001, 0x0001,
    0x0001, 0x0001, 0x0001, 0x0001, 0x0001, 0x0000, 0xA903, 0xA903, 0xD185, 0xD164, 0xD164, 0xEB45, 0xFFE0, 0xFFE0, 0x78C7, 0xD164,
    0xD164, 0xD184, 0xA903, 0xA903, 0xE000, 0x0001, 0x0001, 0x0001, 0x0001, 0x0001, 0x0001, 0x80C3, 0x80C3, 0xA8E3, 0xC984, 0xC984,
    0xD184, 0x78C7, 0x78C7, 0x0000, 0xEB45, 0xEB45, 0xD184, 0xD185, 0xD185, 0xA103, 0x0000, 0x0000, 0x0001, 0x0001, 0x0001, 0x0001,
    0x0001, 0x0001, 0x0001, 0x0001, 0x0001, 0x0000, 0xA103, 0xA103, 0xA0E3, 0xD184, 0xD184, 0xD184, 0x70A6, 0x70A6, 0x0000, 0xA0E3,
    0xA0E3, 0xD184, 0xA103, 0xA103, 0xE000, 0x0001, 0x0001, 0x0001, 0x0001, 0x0001, 0x0001, 0x80C3, 0x80C3, 0xA903, 0xC984, 0xC984,
    0xA0E3, 0x0000, 0x0000, 0x70A6, 0xD184, 0xD184, 0xD184, 0xA103, 0xA103, 0xA0E3, 0x0000, 0x0000, 0x0001, 0x0001, 0x0001, 0x0001,
    0x0001, 0x0001, 0x0001, 0x0001, 0x0001, 0x0001, 0x0000, 0x0000, 0xA103, 0xC964, 0xC964, 0xC964, 0x80A6, 0x80A6, 0x0000, 0x0000,
    0x0000, 0xA103, 0xA103, 0xA103, 0xE000, 0x0001, 0x0001, 0x0001, 0x0001, 0x0001, 0x0001, 0x80C3, 0x80C3, 0xA103, 0x9903, 0x9903,
    0x0000, 0x0000, 0x0000, 0x80C6, 0xC964, 0xC964, 0xC964, 0xA103, 0xA103, 0x0000, 0x0001, 0x0001, 0x0001, 0x0001, 0x0001, 0x0001,
    0x0001, 0x0001, 0x0001, 0x0001, 0x0001, 0x0001, 0x0000, 0x0000, 0xA103, 0xC964, 0xC964, 0xC964, 0x80A6, 0x80A6, 0x0000, 0x0000,
    0x0000, 0xA103, 0xA103, 0xA103, 0xE000, 0x0001, 0x0001, 0x0001, 0x0001, 0x0001, 0x0001, 0x80C3, 0x80C3, 0xA103, 0x9903, 0x9903,
    0x0000, 0x0000, 0x0000, 0x80C6, 0xC964, 0xC964, 0xC964, 0xA103, 0xA103, 0x0000, 0x0001, 0x0001, 0x0001, 0x0001, 0x0001, 0x0001,
    0x0001, 0x0001, 0x0001, 0x0001, 0x0001, 0x0001, 0x0001, 0x0001, 0x0000, 0xA103, 0xA103, 0xA103, 0x70C7, 0x70C7, 0x0000, 0x0001,
    0x0001, 0x0000, 0x0000, 0x0000, 0x0001, 0x0001, 0x0001, 0x0001, 0x0001, 0x0001, 0x0001, 0x0001, 0x0001, 0x0000, 0x0000, 0x0000,
    0x0001, 0x0000, 0x0000, 0x98E3, 0xA103, 0xA103, 0xA103, 0x0000, 0x0000, 0x0001, 0x0001, 0x0001, 0x0001, 0x0001, 0x0001, 0x0001,
    0x0001, 0x0001, 0x0001, 0x0001, 0x0001, 0x0001, 0x0001, 0x0001, 0x0001, 0x0001, 0x0001, 0x0000, 0x0000, 0x0000, 0x0001, 0x0001,
    0x0001, 0x0001, 0x0001, 0x0001, 0x0001, 0x0001, 0x0001, 0x0001, 0x0001, 0x0001, 0x0001, 0x0001, 0x0001, 0x0001, 0x0001, 0x0001,
    0x0001, 0x0001, 0x0001, 0x0000, 0x0000, 0x0000, 0x0001, 0x0001, 0x0001, 0x0001, 0x0001, 0x0001, 0x0001, 0x0001, 0x0001, 0x0001,
    0x0001, 0x0001, 0x0001, 0x0001, 0x0001, 0x0001, 0x0001, 0x0001, 0x0001, 0x0001, 0x0001, 0x0000, 0x0000, 0x0000, 0x0001, 0x0001,
    0x0001, 0x0001, 0x0001, 0x0001, 0x0001, 0x0001, 0x0001, 0x0001, 0x0001, 0x0001, 0x0001, 0x0001, 0x0001, 0x0001, 0x0001, 0x0001,
    0x0001, 0x0001, 0x0001, 0x0000, 0x0000, 0x0000, 0x0001, 0x0001, 0x0001, 0x0001, 0x0001, 0x0001, 0x0001, 0x0001, 0x0001, 0x0001,
    0x0001, 0x0001, 0x0001, 0x0001, 0x0001, 0x0001, 0x0001, 0x0001, 0x0001, 0x0001, 0x0001, 0x0001, 0x0001, 0x0001, 0x0001, 0x0001,
    0x0001, 0x0001, 0x0001, 0x0001, 0x0001, 0x0001, 0x0001, 0x0001, 0x0001, 0x0001, 0x0001, 0x0001, 0x0001, 0x0001, 0x0001, 0x0001,
    0x0001, 0x0001, 0x0001, 0x0001, 0x0001, 0x0001, 0x0001, 0x0001, 0x0001, 0x0001, 0x0001, 0x0001, 0x0001, 0x0001, 0x0001, 0x0001,
    0x0001, 0x0001, 0x0001, 0x0001, 0x0001, 0x0001, 0x0001, 0x0001, 0x0001, 0x0001, 0x0001, 0x0001, 0x0001, 0x0001, 0x0001, 0x0001,
    0x0001, 0x0001, 0x0001, 0x0001, 0x0001, 0x0001, 0x0001, 0x0001, 0x0001, 0x0001, 0x0001, 0x0001, 0x0001, 0x0001, 0x0001, 0x0001,
    0x0001, 0x0001, 0x0001, 0x0001, 0x0001, 0x0001, 0x0001, 0x0001, 0x0001, 0x0001, 0x0001, 0x0001, 0x0001, 0x0001, 0x0001, 0x0001,
    0x0001, 0x0001, 0x0001, 0x0001, 0x0001, 0x0001, 0x0001, 0x0001, 0x0001, 0x0001, 0x0001, 0x0001, 0x0001, 0x0001, 0x0001, 0x0001,
    0x0001, 0x0001, 0x0001, 0x0001, 0x0001, 0x0001, 0x0001, 0x0001, 0x0001, 0x0001, 0x0001, 0x0001, 0x0001, 0x0001, 0x0001, 0x0001,
    0x0001, 0x0001, 0x0001, 0x0001, 0x0001, 0x0001, 0x0001, 0x0001, 0x0001, 0x0001, 0x0001, 0x0001, 0x0001, 0x0001, 0x0001, 0x0001,
    0x0001, 0x0001, 0x0001, 0x0001, 0x0001, 0x0001, 0x0001, 0x0001, 0x0001, 0x0001, 0x0001, 0x0001, 0x0001, 0x0001, 0x0001, 0x0001,
    0x0001, 0x0001, 0x0001, 0x0001, 0x0001, 0x0001, 0x0001, 0x0001, 0x0001, 0x0001, 0x0001, 0x0001, 0x0001, 0x0001, 0x0001, 0x0001,
    0x0001, 0x0001, 0x0001, 0x0001, 0x0001, 0x0001, 0x0001, 0x0001, 0x0001, 0x0001, 0x0001, 0x0001, 0x0001, 0x0001, 0x0001, 0x0001
  },
  {
    0x0001, 0x0001, 0x0001, 0x0001, 0x0001, 0x0001, 0x0001, 0x0001, 0x0001, 0x0001, 0x0001, 0x0001, 0x0001, 0x0001, 0x0001, 0x0001,
    0x0001, 0x0001, 0x0001, 0x0001, 0x0001, 0x0001, 0x0001, 0x0001, 0x0001, 0x0001, 0x0001, 0x0001, 0x0001, 0x0001, 0x0001, 0x0001,
    0x0001, 0x0001, 0x0001, 0x0001, 0x0001, 0x0001, 0x0001, 0x0001, 0x0001, 0x0001, 0x0001, 0x0001, 0x0001, 0x0001, 0x0001, 0x0001,
    0x0001, 0x0001, 0x0001, 0x0001, 0x0001, 0x0001, 0x0001, 0x0001, 0x0001, 0x0001, 0x0001, 0x0001, 0x0001, 0x0001, 0x0001, 0x0001,
    0x0001, 0x0001, 0x0001, 0x0001, 0x0001, 0x0001, 0x0001, 0x0001, 0x0001, 0x0001, 0x0001, 0x0001, 0x0001, 0x0001, 0x0001, 0x0001,
    0x0001, 0x0001, 0x0001, 0x0001, 0x0001, 0x0001, 0x0001, 0x0001, 0x0001, 0x0001, 0x0001, 0x0001, 0x0001, 0x0001, 0x0001, 0x0001,
    0x0001, 0x0001, 0x0001, 0x0001, 0x0001, 0x0001, 0x0001, 0x0001, 0x0001, 0x0001, 0x0001, 0x0001, 0x0001, 0x0001, 0x0001, 0x0001,
    0x0001, 0x0001, 0x0001, 0x0001, 0x0001, 0x0001, 0x0001, 0x0001, 0x0001, 0x0001, 0x0001, 0x0001, 0x0001, 0x0001, 0x0001, 0x0001,
    0x0001, 0x0001, 0x0001, 0x0001, 0x0001, 0x0001, 0x0001, 0x0001, 0x0001, 0x0001, 0x0001, 0x0001, 0x0001, 0x0001, 0x0001, 0x0001,
    0x0001, 0x0001, 0x0001, 0x0001, 0x0001, 0x0001, 0x0001, 0x0001, 0x0001, 0x0001, 0x0001, 0x0001, 0x0001, 0x0001, 0x0001, 0x0000,
    0x0000, 0x0000, 0x0001, 0x0001, 0x0001, 0x0001, 0x0001, 0x0001, 0x0001, 0x0001, 0x0001, 0x0001, 0x0001, 0x0001, 0x0000, 0x0000,
    0x0000, 0x0001, 0x0001, 0x0001, 0x0001, 0x0001, 0x0001, 0x0001, 0x0001, 0x0001, 0x0001, 0x0001, 0x0001, 0x0001, 0x0001, 0x0001,
    0x0001, 0x0001, 0x0001, 0x0001, 0x0001, 0x0001, 0x0001, 0x0001, 0x0001, 0x0001, 0x0001, 0x0001, 0x0001, 0x0001, 0x0001, 0x0000,
    0x0000, 0x0000, 0x0001, 0x0001, 0x0001, 0x0001, 0x0001, 0x0001, 0x0001, 0x0001, 0x0001, 0x0001, 0x0001, 0x0001, 0x0000, 0x0000,
    0x0000, 0x0001, 0x0001, 0x0001, 0x0001, 0x0001, 0x0001, 0x0001, 0x0001, 0x0001, 0x0001, 0x0001, 0x0001, 0x0001, 0x0001, 0x0001,
    0x0001, 0x0001, 0x0001, 0x0001, 0x0001, 0x0001, 0x0001, 0x0001, 0x0001, 0x0001, 0x0001, 0x0001, 0x0001, 0x0001, 0x0000, 0xAE9F,
    0xAE9F, 0xAE9F, 0x0000, 0x0000, 0x0001, 0x0001, 0x0001, 0x0001, 0x0001, 0x0001, 0x0001, 0x0001, 0x0001, 0x0000, 0xAE9F, 0xAE9F,
    0xAE9F, 0x0000, 0x0000, 0x0001, 0x0001, 0x0001, 0x0001, 0x0001, 0x0001, 0x0001, 0x0001, 0x0001, 0x0001, 0x0001, 0x0001, 0x0001,
    0x0001, 0x0001, 0x0001, 0x0001, 0x0001, 0x0001, 0x0001, 0x0001, 0x0001, 0x0001, 0x0001, 0x0001, 0x0001, 0x0001, 0x0000, 0x496A,
    0x496A, 0x5C7A, 0x0000, 0x0000, 0x0001, 0x0001, 0x0001, 0x0001, 0x0001, 0x0001, 0x0001, 0x0001, 0x0001, 0x0000, 0x5C7A, 0x5C7A,
    0x496A, 0x0000, 0x0000, 0x0001, 0x0001, 0x0001, 0x0001, 0x0001, 0x0001, 0x0001, 0x0001, 0x0001, 0x0001, 0x0001, 0x0001, 0x0001,
    0x0001, 0x0001, 0x0001, 0x0001, 0x0001, 0x0001, 0x0001, 0x0001, 0x0001, 0x0001, 0x0001, 0x0001, 0x0001, 0x0001, 0x0000, 0x496A,
    0x496A, 0x5C7A, 0x0000, 0x0000, 0x0001, 0x0001, 0x0001, 0x0001, 0x0001, 0x0001, 0x0001, 0x0001, 0x0001, 0x0000, 0x5C7A, 0x5C7A,
    0x496A, 0x0000, 0x0000, 0x0001, 0x0001, 0x0001, 0x0001, 0x0001, 0x0001, 0x0001, 0x0001, 0x0001, 0x0001, 0x0001, 0x0001, 0x0001,
    0x0001, 0x0001, 0x0001, 0x0001, 0x0001, 0x0001, 0x0001, 0x0001, 0x0001, 0x0001, 0x0001, 0x0001, 0x0001, 0x0001, 0x0001, 0x0001,
    0x0001, 0x0000, 0x6379, 0x6379, 0x0000, 0x0000, 0x0000, 0x0000, 0x0000, 0x0000, 0x0000, 0x0000, 0x0000, 0x6379, 0x0000, 0x0000,
    0x0001, 0x0001, 0x0001, 0x0001, 0x0001, 0x0001, 0x0001, 0x0001, 0x0001, 0x0001, 0x0001, 0x0001, 0x0001, 0x0001, 0x0001, 0x0001,
    0x0001, 0x0001, 0x0001, 0x0001, 0x0001, 0x0001, 0x0001, 0x0001, 0x0001, 0x0001, 0x0001, 0x0001, 0x0001, 0x0001, 0x0001, 0x0001,
    0x0001, 0x0000, 0x0000, 0x0000, 0xEB45, 0xF345, 0xF345, 0xEB45, 0xF345, 0xF345, 0xF345, 0xF345, 0xF345, 0x0000, 0x0000, 0x0000,
    0x0001, 0x0001, 0x0001, 0x0001, 0x0001, 0x0001, 0x0001, 0x0001, 0x0001, 0x0001, 0x0001, 0x0001, 0x0001, 0x0001, 0x0001, 0x0001,
    0x0001, 0x0001, 0x0001, 0x0001, 0x0001, 0x0001, 0x0001, 0x0001, 0x0001, 0x0001, 0x0001, 0x0001, 0x0001, 0x0001, 0x0001, 0x0001,
    0x0001, 0x0000, 0x0000, 0x0000, 0xEB45, 0xF345, 0xF345, 0xEB45, 0xF345, 0xF345, 0xF345, 0xF345, 0xF345, 0x0000, 0x0000, 0x0000,
    0x0001, 0x0001, 0x0001, 0x0001, 0x0001, 0x0001, 0x0001, 0x0001, 0x0001, 0x0001, 0x0001, 0x0001, 0x0001, 0x0001, 0x0001, 0x0001,
    0x0001, 0x0001, 0x0001, 0x0001, 0x0001, 0x0001, 0x0001, 0x0001, 0x0001, 0x0001, 0x0001, 0x0001, 0x0001, 0x0001, 0x0001, 0x0000,
    0x0000, 0xD184, 0x0000, 0x0000, 0xF344, 0xFC6B, 0xFC6B, 0xEBE8, 0xF345, 0xF345, 0xF281, 0xE25F, 0xE25F, 0xD189, 0x07E0, 0x07E0,
    0x2E9B, 0x0001, 0x0001, 0x0001, 0x0001, 0x0001, 0x0001, 0x0001, 0x0001, 0x0001, 0x0001, 0x0001, 0x0001, 0x0001, 0x0001, 0x0001,
    0x0001, 0x0001, 0x0001, 0x0001, 0x0001, 0x0001, 0x0001, 0x0001, 0x0001, 0x0001, 0x0001, 0x0001, 0x0001, 0x0001, 0x0000, 0xA8E3,
    0xA8E3, 0xD184, 0x19C0, 0x19C0, 0xEB45, 0xFC6B, 0xFC6B, 0xEBE8, 0xF345, 0xF345, 0xF281, 0xE25F, 0xE25F, 0xF369, 0x07E0, 0x07E0,
    0xD77E, 0x0001, 0x0001, 0x0001, 0x0001, 0x0001, 0x0001, 0x0001, 0x0001, 0x0001, 0x0001, 0x0001, 0x0001, 0x0001, 0x0001, 0x0001,
    0x0001, 0x0001, 0x0001, 0x0001, 0x0001, 0x0001, 0x0001, 0x0001, 0x0001, 0x0001, 0x0001, 0x0001, 0x0001, 0x0001, 0x0000, 0xA8E3,
    0xA8E3, 0xD184, 0x19C0, 0x19C0, 0xEB45, 0xFC6B, 0xFC6B, 0xEBE8, 0xF345, 0xF345, 0xF281, 0xE25F, 0xE25F, 0xF369, 0x07E0, 0x07E0,
    0xD77E, 0x0001, 0x0001, 0x0001, 0x0001, 0x0001, 0x0001, 0x0001, 0x0001, 0x0001, 0x0001, 0x0001, 0x0001, 0x0001, 0x0001, 0x0001,
    0x0001, 0x0001, 0x0001, 0x0001, 0x0001, 0x0001, 0x0001, 0x0001, 0x0001, 0x0001, 0x0001, 0x0001, 0x0000, 0x0000, 0xA8E3, 0xF345,
    0xF345, 0xA8E3, 0xA0E3, 0xA0E3, 0xEB45, 0xEB45, 0xEB45, 0xEB65, 0xEB65, 0xEB65, 0xF365, 0xF365, 0xF365, 0xA0E3, 0xA8E3, 0xA8E3,
    0xF345, 0xA8E3, 0xA8E3, 0x0000, 0x0001, 0x0001, 0x0001, 0x0001, 0x0001, 0x0001, 0x0001, 0x0001, 0x0001, 0x0001, 0x0001, 0x0001,
    0x0001, 0x0001, 0x0001, 0x0001, 0x0001, 0x0001, 0x0001, 0x0001, 0x0001, 0x0001, 0x0001, 0x0001, 0x0000, 0x0000, 0xA8E3, 0xEB45,
    0xEB45, 0xA903, 0x68A6, 0x68A6, 0xF365, 0xF365, 0xF365, 0xF345, 0xF345, 0xF345, 0xEB45, 0xEB65, 0xEB65, 0x68A6, 0xA903, 0xA903,
    0xEB65, 0xA8E3, 0xA8E3, 0x0000, 0x0001, 0x0001, 0x0001, 0x0001, 0x0001, 0x0001, 0x0001, 0x0001, 0x0001, 0x0001, 0x0001, 0x0001,
    0x0001, 0x0001, 0x0001, 0x0001, 0x0001, 0x0001, 0x0001, 0x0001, 0x0001, 0x0001, 0x0001, 0x0001, 0x0000, 0x0000, 0xA8E3, 0xEB45,
    0xEB45, 0xA903, 0x68A6, 0x68A6, 0xF365, 0xF365, 0xF365, 0xF345, 0xF345, 0xF345, 0xEB45, 0xEB65, 0xEB65, 0x68A6, 0xA903, 0xA903,
    0xEB65, 0xA8E3, 0xA8E3, 0x0000, 0x0001, 0x0001, 0x0001, 0x0001, 0x0001, 0x0001, 0x0001, 0x0001, 0x0001, 0x0001, 0x0001, 0x0001,
    0x0001, 0x0001, 0x0001, 0x0001, 0x0001, 0x0001, 0x0001, 0x0001, 0x0001, 0x0001, 0x0001, 0x0001, 0x0000, 0x0000, 0xD164, 0xF345,
    0xF345, 0xA903, 0x3698, 0x3698, 0xA5B1, 0xF365, 0xF365, 0xF365, 0xF344, 0xF344, 0xEB45, 0xF345, 0xF345, 0x369A, 0xAB71, 0xAB71,
    0xEB45, 0xD184, 0xD184, 0x0000, 0x0001, 0x0001, 0x0001, 0x0001, 0x0001, 0x0001, 0x0001, 0x0001, 0x0001, 0x0001, 0x0001, 0x0001,
    0x0001, 0x0001, 0x0001, 0x0001, 0x0001, 0x0001, 0x0001, 0x0001, 0x0001, 0x0001, 0x0001, 0x0000, 0xA903, 0xA903, 0xD184, 0xD164,
    0xD164, 0xDA27, 0xFFDD, 0xFFDD, 0x04CE, 0xA0B9, 0xA0B9, 0x1BC6, 0x1BC6, 0x1BC6, 0xA0B9, 0x4A62, 0x4A62, 0xFFDE, 0xE494, 0xE494,
    0xD164, 0xD184, 0xD184, 0xA903, 0x0000, 0x0000, 0x0001, 0x0001, 0x0001, 0x0001, 0x0001, 0x0001, 0x0001, 0x0001, 0x0001, 0x0001,
    0x0001, 0x0001, 0x0001, 0x0001, 0x0001, 0x0001, 0x0001, 0x0001, 0x0001, 0x0001, 0x0001, 0x0000, 0xA903, 0xA903, 0xD184, 0xD164,
    0xD164, 0xDA27, 0xFFDD, 0xFFDD, 0x04CE, 0xA0B9, 0xA0B9, 0x1BC6, 0x1BC6, 0x1BC6, 0xA0B9, 0x4A62, 0x4A62, 0xFFDE, 0xE494, 0xE494,
    0xD164, 0xD184, 0xD184, 0xA903, 0x0000, 0x0000, 0x0001, 0x0001, 0x0001, 0x0001, 0x0001, 0x0001, 0x0001, 0x0001, 0x0001, 0x0001,
    0x0001, 0x0001, 0x0001, 0x0001, 0x0001, 0x0001, 0x0001, 0x0001, 0x0001, 0x0001, 0x0001, 0x0000, 0xA903, 0xA903, 0xE226, 0xC0C2,
    0xC0C2, 0xD164, 0xFFDD, 0xFFDD, 0x5AE5, 0xA0AE, 0xA0AE, 0x3DA6, 0x1BC6, 0x1BC6, 0xA099, 0xA099, 0xA099, 0xFFDE, 0xDC95, 0xDC95,
    0xD164, 0xE226, 0xE226, 0xA903, 0x0000, 0x0000, 0x0001, 0x0001, 0x0001, 0x0001, 0x0001, 0x0001, 0x0001, 0x0001, 0x0001, 0x0001,
    0x0001, 0x0001, 0x0001, 0x0001, 0x0001, 0x0001, 0x0001, 0x0001, 0x0001, 0x0001, 0x0001, 0x0000, 0xA8E3, 0xA8E3, 0xD164, 0xEAA8,
    0xEAA8, 0xC964, 0xC964, 0xC964, 0xEB45, 0xF344, 0xF344, 0xEB45, 0xEB45, 0xEB45, 0xEB45, 0xEB45, 0xEB45, 0xC964, 0xC964, 0xC964,
    0xEAA8, 0xD164, 0xD164, 0xA8E3, 0x0000, 0x0000, 0x0001, 0x0001, 0x0001, 0x0001, 0x0001, 0x0001, 0x0001, 0x0001, 0x0001, 0x0001,
    0x0001, 0x0001, 0x0001, 0x0001, 0x0001, 0x0001, 0x0001, 0x0001, 0x0001, 0x0001, 0x0001, 0x0000, 0xA8E3, 0xA8E3, 0xD164, 0xEAA8,
    0xEAA8, 0xC964, 0xC964, 0xC964, 0xEB45, 0xF344, 0xF344, 0xEB45, 0xEB45, 0xEB45, 0xEB45, 0xEB45, 0xEB45, 0xC964, 0xC964, 0xC964,
    0xEAA8, 0xD164, 0xD164, 0xA8E3, 0x0000, 0x0000, 0x0001, 0x0001, 0x0001, 0x0001, 0x0001, 0x0001, 0x0001, 0x0001, 0x0001, 0x0001,
    0x0001, 0x0001, 0x0001, 0x0001, 0x0001, 0x0001, 0x0001, 0x0001, 0x0001, 0x0000, 0x0000, 0x0000, 0xA903, 0xA903, 0xD185, 0xD164,
    0xD164, 0xE226, 0xDA26, 0xDA26, 0x0000, 0xEB45, 0xEB45, 0xEB45, 0xEB45, 0xEB45, 0xEB45, 0x0000, 0x0000, 0xDA26, 0xE226, 0xE226,
    0xD164, 0xD185, 0xD185, 0xA8E3, 0x0000, 0x0000, 0x0000, 0x0001, 0x0001, 0x0001, 0x0001, 0x0001, 0x0001, 0x0001, 0x0001, 0x0001,
    0x0001, 0x0001, 0x0001, 0x0001, 0x0001, 0x0001, 0x0001, 0x0001, 0x0000, 0xEB45, 0xEB45, 0xA0E3, 0x0000, 0x0000, 0xA0E3, 0xD164,
    0xD164, 0xD164, 0xDA26, 0xDA26, 0xDA06, 0x0000, 0x0000, 0x0000, 0x0000, 0x0000, 0x0000, 0xDA06, 0xDA06, 0xDA26, 0xD164, 0xD164,
    0xD164, 0xA0E3, 0xA0E3, 0x0000, 0xA0E3, 0xA0E3, 0xEB45, 0x0000, 0x0000, 0x0001, 0x0001, 0x0001, 0x0001, 0x0001, 0x0001, 0x0001,
    0x0001, 0x0001, 0x0001, 0x0001, 0x0001, 0x0001, 0x0001, 0x0001, 0x0000, 0xEB45, 0xEB45, 0xA0E3, 0x0000, 0x0000, 0xA0E3, 0xD164,
    0xD164, 0xD164, 0xDA26, 0xDA26, 0xDA06, 0x0000, 0x0000, 0x0000, 0x0000, 0x0000, 0x0000, 0xDA06, 0xDA06, 0xDA26, 0xD164, 0xD164,
    0xD164, 0xA0E3, 0xA0E3, 0x0000, 0xA0E3, 0xA0E3, 0xEB45, 0x0000, 0x0000, 0x0001, 0x0001, 0x0001, 0x0001, 0x0001, 0x0001, 0x0001,
    0x0001, 0x0001, 0x0001, 0x0001, 0x0001, 0x0001, 0x0001, 0x0001, 0x0000, 0xD164, 0xD164, 0x0000, 0x0000, 0x0000, 0x0000, 0xA0E3,
    0xA0E3, 0xA0E3, 0xD164, 0xD164, 0xD164, 0xD184, 0xD184, 0xD164, 0xD184, 0xD184, 0xD184, 0xD164, 0xD164, 0xD164, 0xA0E3, 0xA0E3,
    0xA0E3, 0x0000, 0x0000, 0x0000, 0x0000, 0x0000, 0xD184, 0x0000, 0x0000, 0x0001, 0x0001, 0x0001, 0x0001, 0x0001, 0x0001, 0x0001,
    0x0001, 0x0001, 0x0001, 0x0001, 0x0001, 0x0001, 0x0000, 0x0000, 0xF345, 0xDE20, 0xDE20, 0xECC5, 0xE61F, 0xE61F, 0x0000, 0xD77F,
    0xD77F, 0xA0E3, 0x7987, 0x7987, 0xC964, 0xD184, 0xD184, 0xD164, 0xD184, 0xD184, 0xD184, 0xD164, 0xD164, 0xD164, 0x0000, 0x0000,
    0xA0E3, 0xD164, 0xD164, 0xF800, 0x21C0, 0x21C0, 0xE620, 0xF4C5, 0xF4C5, 0x0CBB, 0x0001, 0x0001, 0x0001, 0x0001, 0x0001, 0x0001,
    0x0001, 0x0001, 0x0001, 0x0001, 0x0001, 0x0001, 0x0000, 0x0000, 0xF345, 0xDE20, 0xDE20, 0xECC5, 0xE61F, 0xE61F, 0x0000, 0xD77F,
    0xD77F, 0xA0E3, 0x7987, 0x7987, 0xC964, 0xD184, 0xD184, 0xD164, 0xD184, 0xD184, 0xD184, 0xD164, 0xD164, 0xD164, 0x0000, 0x0000,
    0xA0E3, 0xD164, 0xD164, 0xF800, 0x21C0, 0x21C0, 0xE620, 0xF4C5, 0xF4C5, 0x0CBB, 0x0001, 0x0001, 0x0001, 0x0001, 0x0001, 0x0001,
    0x0001, 0x0001, 0x0001, 0x0001, 0x0001, 0x0000, 0xB124, 0xB124, 0xF345, 0xF345, 0xF345, 0xF345, 0xF365, 0xF365, 0xA8E3, 0xA8E3,
    0xA8E3, 0x0000, 0x0000, 0x0000, 0x0000, 0x0000, 0x0000, 0x0000, 0x0000, 0x0000, 0x0000, 0x0000, 0x0000, 0x0000, 0x0000, 0x0000,
    0xA8E3, 0xA0E3, 0xA0E3, 0xEB65, 0xF345, 0xF345, 0xF345, 0xEB45, 0xEB45, 0xB124, 0x0000, 0x0000, 0x0001, 0x0001, 0x0001, 0x0001,
    0x0001, 0x0001, 0x0001, 0x0001, 0x0001, 0x0000, 0xB944, 0xB944, 0x0000, 0xB944, 0xB944, 0xEB65, 0xEB65, 0xEB65, 0xA8E3, 0x0000,
    0x0000, 0x0000, 0x0000, 0x0000, 0x0000, 0xA8E3, 0xA8E3, 0xA8E3, 0xA903, 0xA903, 0xA903, 0x0000, 0x0000, 0x0000, 0x0000, 0x0000,
    0x0000, 0xA8E3, 0xA8E3, 0xF345, 0xF345, 0xF345, 0xB944, 0x0000, 0x0000, 0xB124, 0x0000, 0x0000, 0x0001, 0x0001, 0x0001, 0x0001,
    0x0001, 0x0001, 0x0001, 0x0001, 0x0001, 0x0000, 0xB944, 0xB944, 0x0000, 0xB944, 0xB944, 0xEB65, 0xEB65, 0xEB65, 0xA8E3, 0x0000,
    0x0000, 0x0000, 0x0000, 0x0000, 0x0000, 0xA8E3, 0xA8E3, 0xA8E3, 0xA903, 0xA903, 0xA903, 0x0000, 0x0000, 0x0000, 0x0000, 0x0000,
    0x0000, 0xA8E3, 0xA8E3, 0xF345, 0xF345, 0xF345, 0xB944, 0x0000, 0x0000, 0xB124, 0x0000, 0x0000, 0x0001, 0x0001, 0x0001, 0x0001,
    0x0001, 0x0001, 0x0001, 0x0001, 0x0001, 0x0000, 0x0000, 0x0000, 0xA8E3, 0xEB65, 0xEB65, 0xF365, 0xEB65, 0xEB65, 0xC964, 0x1000,
    0x1000, 0xE800, 0x0000, 0x0000, 0x0000, 0x0000, 0x0000, 0xA8E3, 0xA903, 0xA903, 0xA903, 0x0000, 0x0000, 0x0000, 0x0000, 0x0000,
    0x2801, 0xB944, 0xB944, 0xF345, 0xF365, 0xF365, 0xEB65, 0xA8E3, 0xA8E3, 0x0000, 0x0000, 0x0000, 0x0001, 0x0001, 0x0001, 0x0001,
    0x0001, 0x0001, 0x0001, 0x0001, 0x0001, 0x0000, 0xA903, 0xA903, 0xC964, 0xEB65, 0xEB65, 0xEB45, 0xF365, 0xF365, 0xF365, 0xD164,
    0xD164, 0xD164, 0xD164, 0xD164, 0x0000, 0xA903, 0xA903, 0xA903, 0xA903, 0xA903, 0xA903, 0x0000, 0x0000, 0xC944, 0xD184, 0xD184,
    0xD164, 0xF345, 0xF345, 0xEB45, 0xEB65, 0xEB65, 0xF345, 0xD164, 0xD164, 0xA903, 0x0000, 0x0000, 0x0001, 0x0001, 0x0001, 0x0001,
    0x0001, 0x0001, 0x0001, 0x0001, 0x0001, 0x0000, 0xA903, 0xA903, 0xC964, 0xEB65, 0xEB65, 0xEB45, 0xF365, 0xF365, 0xF365, 0xD164,
    0xD164, 0xD164, 0xD164, 0xD164, 0x0000, 0xA903, 0xA903, 0xA903, 0xA903, 0xA903, 0xA903, 0x0000, 0x0000, 0xC944, 0xD184, 0xD184,
    0xD164, 0xF345, 0xF345, 0xEB45, 0xEB65, 0xEB65, 0xF345, 0xD164, 0xD164, 0xA903, 0x0000, 0x0000, 0x0001, 0x0001, 0x0001, 0x0001,
    0x0001, 0x0001, 0x0001, 0x0001, 0x0001, 0x0000, 0xA903, 0xA903, 0xD184, 0xD164, 0xD164, 0x0D25, 0xF800, 0xF800, 0x9C48, 0x1DA6,
    0x1DA6, 0xD184, 0xAF64, 0xAF64, 0x0160, 0x0000, 0x0000, 0xA903, 0xA903, 0xA903, 0xA903, 0x0000, 0x0000, 0xC964, 0xF365, 0xF365,
    0xD164, 0xA8E3, 0xA8E3, 0x4242, 0xDE89, 0xDE89, 0xD1A5, 0xD184, 0xD184, 0xA903, 0x0000, 0x0000, 0x0001, 0x0001, 0x0001, 0x0001,
    0x0001, 0x0001, 0x0001, 0x0001, 0x0001, 0x0001, 0x0000, 0x0000, 0xA103, 0xD184, 0xD184, 0xD184, 0x7086, 0x7086, 0x0000, 0xD184,
    0xD184, 0xD184, 0x0000, 0x0000, 0x0001, 0x0001, 0x0001, 0x0001, 0x0001, 0x0001, 0x0001, 0x0001, 0x0001, 0x0000, 0xD184, 0xD184,
    0xD184, 0x0000, 0x0000, 0x80C6, 0xD184, 0xD184, 0xD184, 0xA103, 0xA103, 0x0000, 0x0001, 0x0001, 0x0001, 0x0001, 0x0001, 0x0001,
    0x0001, 0x0001, 0x0001, 0x0001, 0x0001, 0x0001, 0x0000, 0x0000, 0xA103, 0xD184, 0xD184, 0xD184, 0x7086, 0x7086, 0x0000, 0xD184,
    0xD184, 0xD184, 0x0000, 0x0000, 0x0001, 0x0001, 0x0001, 0x0001, 0x0001, 0x0001, 0x0001, 0x0001, 0x0001, 0x0000, 0xD184, 0xD184,
    0xD184, 0x0000, 0x0000, 0x80C6, 0xD184, 0xD184, 0xD184, 0xA103, 0xA103, 0x0000, 0x0001, 0x0001, 0x0001, 0x0001, 0x0001, 0x0001,
    0x0001, 0x0001, 0x0001, 0x0001, 0x0001, 0x0001, 0x0000, 0x0000, 0xA903, 0xD184, 0xD184, 0xA903, 0x78A6, 0x78A6, 0x0000, 0xD184,
    0xD184, 0xA8E3, 0x0000, 0x0000, 0x0001, 0x0001, 0x0001, 0x0001, 0x0001, 0x0001, 0x0001, 0x0001, 0x0001, 0x0000, 0xA0E3, 0xA0E3,
    0xD184, 0x0000, 0x0000, 0x78A6, 0xA903, 0xA903, 0xD184, 0xA103, 0xA103, 0x0000, 0x0001, 0x0001, 0x0001, 0x0001, 0x0001, 0x0001,
    0x0001, 0x0001, 0x0001, 0x0001, 0x0001, 0x0001, 0x0001, 0x0001, 0x0000, 0xB944, 0xB944, 0xA903, 0x0000, 0x0000, 0x0000, 0x78C7,
    0x78C7, 0x0000, 0x0001, 0x0001, 0x0001, 0x0001, 0x0001, 0x0001, 0x0001, 0x0001, 0x0001, 0x0001, 0x0001, 0x0001, 0x0000, 0x0000,
    0x78C7, 0x0000, 0x0000, 0x0000, 0xB124, 0xB124, 0xB944, 0x0000, 0x0000, 0x0001, 0x0001, 0x0001, 0x0001, 0x0001, 0x0001, 0x0001,
    0x0001, 0x0001, 0x0001, 0x0001, 0x0001, 0x0001, 0x0001, 0x0001, 0x0000, 0xB944, 0xB944, 0xA903, 0x0000, 0x0000, 0x0000, 0x78C7,
    0x78C7, 0x0000, 0x0001, 0x0001, 0x0001, 0x0001, 0x0001, 0x0001, 0x0001, 0x0001, 0x0001, 0x0001, 0x0001, 0x0001, 0x0000, 0x0000,
    0x78C7, 0x0000, 0x0000, 0x0000, 0xB124, 0xB124, 0xB944, 0x0000, 0x0000, 0x0001, 0x0001, 0x0001, 0x0001, 0x0001, 0x0001, 0x0001,
    0x0001, 0x0001, 0x0001, 0x0001, 0x0001, 0x0001, 0x0001, 0x0001, 0x0001, 0x0000, 0x0000, 0x80C6, 0x0000, 0x0000, 0x0000, 0x0000,
    0x0000, 0x0001, 0x0001, 0x0001, 0x0001, 0x0001, 0x0001, 0x0001, 0x0001, 0x0001, 0x0001, 0x0001, 0x0001, 0x0001, 0x0001, 0x0001,
    0x0000, 0x0000, 0x0000, 0x0000, 0x78C7, 0x78C7, 0x0000, 0x0001, 0x0001, 0x0001, 0x0001, 0x0001, 0x0001, 0x0001, 0x0001, 0x0001,
    0x0001, 0x0001, 0x0001, 0x0001, 0x0001, 0x0001, 0x0001, 0x0001, 0x0001, 0x0001, 0x0001, 0x0000, 0x0001, 0x0001, 0x0001, 0x0001,
    0x0001, 0x0001, 0x0001, 0x0001, 0x0001, 0x0001, 0x0001, 0x0001, 0x0001, 0x0001, 0x0001, 0x0001, 0x0001, 0x0001, 0x0001, 0x0001,
    0x0001, 0x0001, 0x0001, 0x0001, 0x0000, 0x0000, 0x0001, 0x0001, 0x0001, 0x0001, 0x0001, 0x0001, 0x0001, 0x0001, 0x0001, 0x0001,
    0x0001, 0x0001, 0x0001, 0x0001, 0x0001, 0x0001, 0x0001, 0x0001, 0x0001, 0x0001, 0x0001, 0x0000, 0x0001, 0x0001, 0x0001, 0x0001,
    0x0001, 0x0001, 0x0001, 0x0001, 0x0001, 0x0001, 0x0001, 0x0001, 0x0001, 0x0001, 0x0001, 0x0001, 0x0001, 0x0001, 0x0001, 0x0001,
    0x0001, 0x0001, 0x0001, 0x0001, 0x0000, 0x0000, 0x0001, 0x0001, 0x0001, 0x0001, 0x0001, 0x0001, 0x0001, 0x0001, 0x0001, 0x0001,
    0x0001, 0x0001, 0x0001, 0x0001, 0x0001, 0x0001, 0x0001, 0x0001, 0x0001, 0x0001, 0x0001, 0x0001, 0x0001, 0x0001, 0x0001, 0x0001,
    0x0001, 0x0001, 0x0001, 0x0001, 0x0001, 0x0001, 0x0001, 0x0001, 0x0001, 0x0001, 0x0001, 0x0001, 0x0001, 0x0001, 0x0001, 0x0001,
    0x0001, 0x0001, 0x0001, 0x0001, 0x0001, 0x0001, 0x0001, 0x0001, 0x0001, 0x0001, 0x0001, 0x0001, 0x0001, 0x0001, 0x0001, 0x0001,
    0x0001, 0x0001, 0x0001, 0x0001, 0x0001, 0x0001, 0x0001, 0x0001, 0x0001, 0x0001, 0x0001, 0x0001, 0x0001, 0x0001, 0x0001, 0x0001,
    0x0001, 0x0001, 0x0001, 0x0001, 0x0001, 0x0001, 0x0001, 0x0001, 0x0001, 0x0001, 0x0001, 0x0001, 0x0001, 0x0001, 0x0001, 0x0001,
    0x0001, 0x0001, 0x0001, 0x0001, 0x0001, 0x0001, 0x0001, 0x0001, 0x0001, 0x0001, 0x0001, 0x0001, 0x0001, 0x0001, 0x0001, 0x0001,
    0x0001, 0x0001, 0x0001, 0x0001, 0x0001, 0x0001, 0x0001, 0x0001, 0x0001, 0x0001, 0x0001, 0x0001, 0x0001, 0x0001, 0x0001, 0x0001,
    0x0001, 0x0001, 0x0001, 0x0001, 0x0001, 0x0001, 0x0001, 0x0001, 0x0001, 0x0001, 0x0001, 0x0001, 0x0001, 0x0001, 0x0001, 0x0001,
    0x0001, 0x0001, 0x0001, 0x0001, 0x0001, 0x0001, 0x0001, 0x0001, 0x0001, 0x0001, 0x0001, 0x0001, 0x0001, 0x0001, 0x0001, 0x0001,
    0x0001, 0x0001, 0x0001, 0x0001, 0x0001, 0x0001, 0x0001, 0x0001, 0x0001, 0x0001, 0x0001, 0x0001, 0x0001, 0x0001, 0x0001, 0x0001,
    0x0001, 0x0001, 0x0001, 0x0001, 0x0001, 0x0001, 0x0001, 0x0001, 0x0001, 0x0001, 0x0001, 0x0001, 0x0001, 0x0001, 0x0001, 0x0001,
    0x0001, 0x0001, 0x0001, 0x0001, 0x0001, 0x0001, 0x0001, 0x0001, 0x0001, 0x0001, 0x0001, 0x0001, 0x0001, 0x0001, 0x0001, 0x0001
  },
  {
    0x0001, 0x0001, 0x0001, 0x0001, 0x0001, 0x0001, 0x0001, 0x0001, 0x0001, 0x0001, 0x0001, 0x0001, 0x0001, 0x0001, 0x0001, 0x0001,
    0x0001, 0x0001, 0x0001, 0x0001, 0x0001, 0x0001, 0x0001, 0x0001, 0x0001, 0x0001, 0x0001, 0x0001, 0x0001, 0x0001, 0x0001, 0x0001,
    0x0001, 0x0001, 0x0001, 0x0001, 0x0001, 0x0001, 0x0001, 0x0001, 0x0001, 0x0001, 0x0001, 0x0001, 0x0001, 0x0001, 0x0001, 0x0001,
    0x0001, 0x0001, 0x0001, 0x0001, 0x0001, 0x0001, 0x0001, 0x0001, 0x0001, 0x0001, 0x0001, 0x0001, 0x0001, 0x0001, 0x0001, 0x0001,
    0x0001, 0x0001, 0x0001, 0x0001, 0x0001, 0x0001, 0x0001, 0x0001, 0x0001, 0x0001, 0x0001, 0x0001, 0x0001, 0x0001, 0x0001, 0x0001,
    0x0001, 0x0001, 0x0001, 0x0001, 0x0001, 0x0001, 0x0001, 0x0001, 0x0001, 0x0001, 0x0001, 0x0001, 0x0001, 0x0001, 0x0001, 0x0001,
    0x0001, 0x0001, 0x0001, 0x0001, 0x0001, 0x0001, 0x0001, 0x0001, 0x0001, 0x0001, 0x0001, 0x0001, 0x0001, 0x0001, 0x0001, 0x0001,
    0x0001, 0x0001, 0x0001, 0x0001, 0x0001, 0x0001, 0x0001, 0x0001, 0x0001, 0x0001, 0x0001, 0x0001, 0x0001, 0x0001, 0x0001, 0x0001,
    0x0001, 0x0001, 0x0001, 0x0001, 0x0001, 0x0001, 0x0001, 0x0001, 0x0001, 0x0001, 0x0001, 0x0001, 0x0001, 0x0001, 0x0001, 0x0001,
    0x0001, 0x0001, 0x0001, 0x0001, 0x0001, 0x0001, 0x0001, 0x0001, 0x0001, 0x0001, 0x0001, 0x0001, 0x0001, 0x0001, 0x0001, 0x0001,
    0x0001, 0x0001, 0x0001, 0x0001, 0x0001, 0x0001, 0x0001, 0x0001, 0x0001, 0x0001, 0x0001, 0x0001, 0x0001, 0x0001, 0x0001, 0x0001,
    0x0001, 0x0001, 0x0001, 0x0001, 0x0001, 0x0001, 0x0001, 0x0001, 0x0001, 0x0001, 0x0001, 0x0001, 0x0001, 0x0001, 0x0001, 0x0001,
    0x0001, 0x0001, 0x0001, 0x0001, 0x0001, 0x0001, 0x0001, 0x0001, 0x0001, 0x0001, 0x0001, 0x0001, 0x0001, 0x0001, 0x0001, 0x0001,
    0x0001, 0x0001, 0x0001, 0x0001, 0x0001, 0x0001, 0x0001, 0x0001, 0x0001, 0x0001, 0x0001, 0x0001, 0x0001, 0x0001, 0x0001, 0x0001,
    0x0001, 0x0001, 0x0001, 0x0001, 0x0001, 0x0001, 0x0001, 0x0001, 0x0001, 0x0001, 0x0001, 0x0001, 0x0001, 0x0001, 0x0001, 0x0001,
    0x0001, 0x0001, 0x0001, 0x0001, 0x0001, 0x0001, 0x0001, 0x0001, 0x0001, 0x0001, 0x0001, 0x0001, 0x0001, 0x0001, 0x0001, 0x0000,
    0x0000, 0x0001, 0x0001, 0x0001, 0x0001, 0x0001, 0x0001, 0x0001, 0x0001, 0x0001, 0x0001, 0x0001, 0x0001, 0x0001, 0x0001, 0x0001,
    0x0000, 0x0001, 0x0001, 0x0001, 0x0001, 0x0001, 0x0001, 0x0001, 0x0001, 0x0001, 0x0001, 0x0001, 0x0001, 0x0001, 0x0001, 0x0001,
    0x0001, 0x0001, 0x0001, 0x0001, 0x0001, 0x0001, 0x0001, 0x0001, 0x0001, 0x0001, 0x0001, 0x0001, 0x0001, 0x0001, 0x0000, 0xAE9F,
    0xAE9F, 0x0000, 0x0001, 0x0001, 0x0001, 0x0001, 0x0001, 0x0001, 0x0001, 0x0001, 0x0001, 0x0001, 0x0001, 0x0001, 0x0000, 0x0000,
    0xAE9F, 0x0000, 0x0000, 0x0001, 0x0001, 0x0001, 0x0001, 0x0001, 0x0001, 0x0001, 0x0001, 0x0001, 0x0001, 0x0001, 0x0001, 0x0001,
    0x0001, 0x0001, 0x0001, 0x0001, 0x0001, 0x0001, 0x0001, 0x0001, 0x0001, 0x0001, 0x0001, 0x0001, 0x0001, 0x0001, 0x0000, 0xAE9F,
    0xAE9F, 0x0000, 0x0001, 0x0001, 0x0001, 0x0001, 0x0001, 0x0001, 0x0001, 0x0001, 0x0001, 0x0001, 0x0001, 0x0001, 0x0000, 0x0000,
    0xAE9F, 0x0000, 0x0000, 0x0001, 0x0001, 0x0001, 0x0001, 0x0001, 0x0001, 0x0001, 0x0001, 0x0001, 0x0001, 0x0001, 0x0001, 0x0001,
    0x0001, 0x0001, 0x0001, 0x0001, 0x0001, 0x0001, 0x0001, 0x0001, 0x0001, 0x0001, 0x0001, 0x0001, 0x0001, 0x0001, 0x0000, 0xAE9F,
    0xAE9F, 0x0000, 0x0000, 0x0000, 0x0001, 0x0001, 0x0001, 0x0001, 0x0001, 0x0001, 0x0001, 0x0001, 0x0001, 0x0001, 0x0000, 0x0000,
    0xAE9F, 0x0000, 0x0000, 0x0001, 0x0001, 0x0001, 0x0001, 0x0001, 0x0001, 0x0001, 0x0001, 0x0001, 0x0001, 0x0001, 0x0001, 0x0001,
    0x0001, 0x0001, 0x0001, 0x0001, 0x0001, 0x0001, 0x0001, 0x0001, 0x0001, 0x0001, 0x0001, 0x0001, 0x0001, 0x0001, 0x0000, 0x49AD,
    0x49AD, 0x0000, 0x0000, 0x0000, 0x0001, 0x0001, 0x0001, 0x0001, 0x0001, 0x0001, 0x0001, 0x0001, 0x0001, 0x0001, 0x0000, 0x0000,
    0x18A6, 0x0000, 0x0000, 0x0001, 0x0001, 0x0001, 0x0001, 0x0001, 0x0001, 0x0001, 0x0001, 0x0001, 0x0001, 0x0001, 0x0001, 0x0001,
    0x0001, 0x0001, 0x0001, 0x0001, 0x0001, 0x0001, 0x0001, 0x0001, 0x0001, 0x0001, 0x0001, 0x0001, 0x0001, 0x0001, 0x0000, 0x49AD,
    0x49AD, 0x0000, 0x0000, 0x0000, 0x0001, 0x0001, 0x0001, 0x0001, 0x0001, 0x0001, 0x0001, 0x0001, 0x0001, 0x0001, 0x0000, 0x0000,
    0x18A6, 0x0000, 0x0000, 0x0001, 0x0001, 0x0001, 0x0001, 0x0001, 0x0001, 0x0001, 0x0001, 0x0001, 0x0001, 0x0001, 0x0001, 0x0001,
    0x0001, 0x0001, 0x0001, 0x0001, 0x0001, 0x0001, 0x0001, 0x0001, 0x0001, 0x0001, 0x0001, 0x0001, 0x0001, 0x0001, 0x0001, 0x0000,
    0x0000, 0x78A5, 0xD184, 0xD184, 0xEB45, 0xFC4B, 0xFC4B, 0xFD0E, 0xFD0E, 0xFD0E, 0xFC4B, 0xEB45, 0xEB45, 0xD184, 0xB944, 0xB944,
    0x0000, 0x0001, 0x0001, 0x0001, 0x0001, 0x0001, 0x0001, 0x0001, 0x0001, 0x0001, 0x0001, 0x0001, 0x0001, 0x0001, 0x0001, 0x0001,
    0x0001, 0x0001, 0x0001, 0x0001, 0x0001, 0x0001, 0x0001, 0x0001, 0x0001, 0x0001, 0x0001, 0x0001, 0x0001, 0x0001, 0x0000, 0xA8E3,
    0xA8E3, 0xA903, 0xF345, 0xF345, 0xEB45, 0xFC6B, 0xFC6B, 0xFD0E, 0xFD0E, 0xFD0E, 0xFC4B, 0xEB45, 0xEB45, 0xF365, 0xB124, 0xB124,
    0xA0E3, 0x0000, 0x0000, 0x0001, 0x0001, 0x0001, 0x0001, 0x0001, 0x0001, 0x0001, 0x0001, 0x0001, 0x0001, 0x0001, 0x0001, 0x0001,
    0x0001, 0x0001, 0x0001, 0x0001, 0x0001, 0x0001, 0x0001, 0x0001, 0x0001, 0x0001, 0x0001, 0x0001, 0x0001, 0x0001, 0x0000, 0xA8E3,
    0xA8E3, 0xA903, 0xF345, 0xF345, 0xEB45, 0xFC6B, 0xFC6B, 0xFD0E, 0xFD0E, 0xFD0E, 0xFC4B, 0xEB45, 0xEB45, 0xF365, 0xB124, 0xB124,
    0xA0E3, 0x0000, 0x0000, 0x0001, 0x0001, 0x0001, 0x0001, 0x0001, 0x0001, 0x0001, 0x0001, 0x0001, 0x0001, 0x0001, 0x0001, 0x0001,
    0x0001, 0x0001, 0x0001, 0x0001, 0x0001, 0x0001, 0x0001, 0x0001, 0x0001, 0x0001, 0x0001, 0x0001, 0x0000, 0x0000, 0xA903, 0xF345,
    0xF345, 0xA8E3, 0xEB45, 0xEB45, 0xEB45, 0xFC6B, 0xFC6B, 0xFD0E, 0xFD0E, 0xFD0E, 0xFC4B, 0xF345, 0xF345, 0xF365, 0xA903, 0xA903,
    0xF345, 0xA903, 0xA903, 0x0000, 0x0001, 0x0001, 0x0001, 0x0001, 0x0001, 0x0001, 0x0001, 0x0001, 0x0001, 0x0001, 0x0001, 0x0001,
    0x0001, 0x0001, 0x0001, 0x0001, 0x0001, 0x0001, 0x0001, 0x0001, 0x0001, 0x0001, 0x0001, 0x0001, 0x0000, 0x0000, 0xA8E3, 0xEB65,
    0xEB65, 0xA903, 0xA8E3, 0xA8E3, 0x35A6, 0xDB45, 0xDB45, 0xFB65, 0xFD0E, 0xFD0E, 0x044A, 0xF365, 0xF365, 0xA0E3, 0xA903, 0xA903,
    0xEB65, 0xA8E3, 0xA8E3, 0x0000, 0x0001, 0x0001, 0x0001, 0x0001, 0x0001, 0x0001, 0x0001, 0x0001, 0x0001, 0x0001, 0x0001, 0x0001,
    0x0001, 0x0001, 0x0001, 0x0001, 0x0001, 0x0001, 0x0001, 0x0001, 0x0001, 0x0001, 0x0001, 0x0001, 0x0000, 0x0000, 0xA8E3, 0xEB65,
    0xEB65, 0xA903, 0xA8E3, 0xA8E3, 0x35A6, 0xDB45, 0xDB45, 0xFB65, 0xFD0E, 0xFD0E, 0x044A, 0xF365, 0xF365, 0xA0E3, 0xA903, 0xA903,
    0xEB65, 0xA8E3, 0xA8E3, 0x0000, 0x0001, 0x0001, 0x0001, 0x0001, 0x0001, 0x0001, 0x0001, 0x0001, 0x0001, 0x0001, 0x0001, 0x0001,
    0x0001, 0x0001, 0x0001, 0x0001, 0x0001, 0x0001, 0x0001, 0x0001, 0x0001, 0x0001, 0x0001, 0x0001, 0x0000, 0x0000, 0xD164, 0xEB65,
    0xEB65, 0xA8E3, 0x7884, 0x7884, 0xEB24, 0xE365, 0xE365, 0x0345, 0xFD0E, 0xFD0E, 0x044A, 0xA0C3, 0xA0C3, 0xA0E3, 0xA903, 0xA903,
    0xEB65, 0xD184, 0xD184, 0x0000, 0x0001, 0x0001, 0x0001, 0x0001, 0x0001, 0x0001, 0x0001, 0x0001, 0x0001, 0x0001, 0x0001, 0x0001,
    0x0001, 0x0001, 0x0001, 0x0001, 0x0001, 0x0001, 0x0001, 0x0001, 0x0001, 0x0001, 0x0001, 0x0000, 0xA8E3, 0xA8E3, 0xD184, 0xEB65,
    0xEB65, 0xA0C3, 0x68A6, 0x68A6, 0x52A3, 0x90C3, 0x90C3, 0xD944, 0xDB0E, 0xDB0E, 0xB1C9, 0x2905, 0x2905, 0x68A6, 0xA8E3, 0xA8E3,
    0xEB65, 0xD184, 0xD184, 0xA903, 0x0000, 0x0000, 0x0001, 0x0001, 0x0001, 0x0001, 0x0001, 0x0001, 0x0001, 0x0001, 0x0001, 0x0001,
    0x0001, 0x0001, 0x0001, 0x0001, 0x0001, 0x0001, 0x0001, 0x0001, 0x0001, 0x0001, 0x0001, 0x0000, 0xA8E3, 0xA8E3, 0xD184, 0xEB65,
    0xEB65, 0xA0C3, 0x68A6, 0x68A6, 0x52A3, 0x90C3, 0x90C3, 0xD944, 0xDB0E, 0xDB0E, 0xB1C9, 0x2905, 0x2905, 0x68A6, 0xA8E3, 0xA8E3,
    0xEB65, 0xD184, 0xD184, 0xA903, 0x0000, 0x0000, 0x0001, 0x0001, 0x0001, 0x0001, 0x0001, 0x0001, 0x0001, 0x0001, 0x0001, 0x0001,
    0x0001, 0x0001, 0x0001, 0x0001, 0x0001, 0x0001, 0x0001, 0x0001, 0x0001, 0x0001, 0x0001, 0x0000, 0xA903, 0xA903, 0xE226, 0xD164,
    0xD164, 0xA0E3, 0x0000, 0x0000, 0x4242, 0x2698, 0x2698, 0xD944, 0xDB0E, 0xDB0E, 0x477E, 0x0000, 0x0000, 0x0000, 0xA8E3, 0xA8E3,
    0xD184, 0xE226, 0xE226, 0xA8E3, 0x0000, 0x0000, 0x0001, 0x0001, 0x0001, 0x0001, 0x0001, 0x0001, 0x0001, 0x0001, 0x0001, 0x0001,
    0x0001, 0x0001, 0x0001, 0x0001, 0x0001, 0x0001, 0x0001, 0x0001, 0x0001, 0x0001, 0x0001, 0x0000, 0xA903, 0xA903, 0xD164, 0xEAA8,
    0xEAA8, 0xE226, 0xF365, 0xF365, 0xEB45, 0xEB45, 0xEB45, 0xEB45, 0xEB45, 0xEB45, 0xEB45, 0xEB45, 0xEB45, 0xF365, 0xE226, 0xE226,
    0xEAA8, 0xD164, 0xD164, 0xA8E3, 0x0000, 0x0000, 0x0001, 0x0001, 0x0001, 0x0001, 0x0001, 0x0001, 0x0001, 0x0001, 0x0001, 0x0001,
    0x0001, 0x0001, 0x0001, 0x0001, 0x0001, 0x0001, 0x0001, 0x0001, 0x0001, 0x0001, 0x0001, 0x0000, 0xA903, 0xA903, 0xD164, 0xEAA8,
    0xEAA8, 0xE226, 0xF365, 0xF365, 0xEB45, 0xEB45, 0xEB45, 0xEB45, 0xEB45, 0xEB45, 0xEB45, 0xEB45, 0xEB45, 0xF365, 0xE226, 0xE226,
    0xEAA8, 0xD164, 0xD164, 0xA8E3, 0x0000, 0x0000, 0x0001, 0x0001, 0x0001, 0x0001, 0x0001, 0x0001, 0x0001, 0x0001, 0x0001, 0x0001,
    0x0001, 0x0001, 0x0001, 0x0001, 0x0001, 0x0001, 0x0001, 0x0001, 0x0001, 0x0000, 0x0000, 0x0000, 0xA8E3, 0xA8E3, 0xD185, 0xD184,
    0xD184, 0xE226, 0xE2C5, 0xE2C5, 0x0D05, 0xEB45, 0xEB45, 0xEB45, 0xEB45, 0xEB45, 0xEB45, 0xEB45, 0xEB45, 0xD185, 0xE225, 0xE225,
    0xE204, 0xD185, 0xD185, 0xA8E3, 0x0000, 0x0000, 0x0000, 0x0001, 0x0001, 0x0001, 0x0001, 0x0001, 0x0001, 0x0001, 0x0001, 0x0001,
    0x0001, 0x0001, 0x0001, 0x0001, 0x0001, 0x0001, 0x0001, 0x0001, 0x0000, 0xF365, 0xF365, 0xA8E3, 0x0000, 0x0000, 0xA0E3, 0xD184,
    0xD184, 0xE226, 0xF367, 0xF367, 0x19C0, 0xEB45, 0xEB45, 0x1000, 0xF800, 0xF800, 0xEB45, 0x0000, 0x0000, 0xE226, 0xDA04, 0xDA04,
    0xE204, 0xA0E3, 0xA0E3, 0x0000, 0xA8E3, 0xA8E3, 0xEB65, 0x0001, 0x0001, 0x0001, 0x0001, 0x0001, 0x0001, 0x0001, 0x0001, 0x0001,
    0x0001, 0x0001, 0x0001, 0x0001, 0x0001, 0x0001, 0x0001, 0x0001, 0x0000, 0xF365, 0xF365, 0xA8E3, 0x0000, 0x0000, 0xA0E3, 0xD184,
    0xD184, 0xE226, 0xF367, 0xF367, 0x19C0, 0xEB45, 0xEB45, 0x1000, 0xF800, 0xF800, 0xEB45, 0x0000, 0x0000, 0xE226, 0xDA04, 0xDA04,
    0xE204, 0xA0E3, 0xA0E3, 0x0000, 0xA8E3, 0xA8E3, 0xEB65, 0x0001, 0x0001, 0x0001, 0x0001, 0x0001, 0x0001, 0x0001, 0x0001, 0x0001,
    0x0001, 0x0001, 0x0001, 0x0001, 0x0001, 0x0001, 0x0000, 0x0000, 0x0000, 0xC964, 0xC964, 0x0000, 0x0000, 0x0000, 0x0000, 0xA0E3,
    0xA0E3, 0xD164, 0xD184, 0xD184, 0xD185, 0x0000, 0x0000, 0x0000, 0x0000, 0x0000, 0x0000, 0xD184, 0xD184, 0xD164, 0xD164, 0xD164,
    0xA0E3, 0x0000, 0x0000, 0x0000, 0x0000, 0x0000, 0xC964, 0x4041, 0x4041, 0x0000, 0x0001, 0x0001, 0x0001, 0x0001, 0x0001, 0x0001,
    0x0001, 0x0001, 0x0001, 0x0001, 0x0001, 0x0000, 0x0000, 0x0000, 0xEB65, 0x0000, 0x0000, 0xEB65, 0xD164, 0xD164, 0xD184, 0x0000,
    0x0000, 0xA0E3, 0xA0E3, 0xA0E3, 0xA0E3, 0xA903, 0xA903, 0xA903, 0xA903, 0xA903, 0xA903, 0xA0E3, 0xA0E3, 0xA8E3, 0xA0E3, 0xA0E3,
    0x0000, 0xD164, 0xD164, 0xC964, 0xF345, 0xF345, 0x0000, 0xF365, 0xF365, 0x0000, 0x0000, 0x0000, 0x0001, 0x0001, 0x0001, 0x0001,
    0x0001, 0x0001, 0x0001, 0x0001, 0x0001, 0x0000, 0x0000, 0x0000, 0xEB65, 0x0000, 0x0000, 0xEB65, 0xD164, 0xD164, 0xD184, 0x0000,
    0x0000, 0xA0E3, 0xA0E3, 0xA0E3, 0xA0E3, 0xA903, 0xA903, 0xA903, 0xA903, 0xA903, 0xA903, 0xA0E3, 0xA0E3, 0xA8E3, 0xA0E3, 0xA0E3,
    0x0000, 0xD164, 0xD164, 0xC964, 0xF345, 0xF345, 0x0000, 0xF365, 0xF365, 0x0000, 0x0000, 0x0000, 0x0001, 0x0001, 0x0001, 0x0001,
    0x0001, 0x0001, 0x0001, 0x0001, 0x0001, 0x0000, 0xB944, 0xB944, 0xEB45, 0xF345, 0xF345, 0xF345, 0xF365, 0xF365, 0xA903, 0xA8E3,
    0xA8E3, 0x0000, 0x80C6, 0x80C6, 0xA0C3, 0x0000, 0x0000, 0x0000, 0x0000, 0x0000, 0x0000, 0x80C6, 0x80C6, 0x80C6, 0x0000, 0x0000,
    0xA8E3, 0xA0E3, 0xA0E3, 0xEB65, 0xF345, 0xF345, 0xF345, 0xEB45, 0xEB45, 0xB124, 0x0000, 0x0000, 0x0001, 0x0001, 0x0001, 0x0001,
    0x0001, 0x0001, 0x0001, 0x0000, 0x0000, 0xA0C3, 0xB944, 0xB944, 0x0000, 0xB944, 0xB944, 0xEB65, 0xC944, 0xC944, 0xA8E3, 0x0000,
    0x0000, 0x0000, 0x0000, 0x0000, 0x80C6, 0x98E3, 0x98E3, 0xB124, 0xB124, 0xB124, 0x80C6, 0x80C6, 0x80C6, 0x0000, 0x0000, 0x0000,
    0x0000, 0xA0E3, 0xA0E3, 0xC944, 0xF345, 0xF345, 0xB944, 0x0000, 0x0000, 0xB124, 0xA8E3, 0xA8E3, 0x0000, 0x0001, 0x0001, 0x0001,
    0x0001, 0x0001, 0x0001, 0x0000, 0x0000, 0xA0C3, 0xB944, 0xB944, 0x0000, 0xB944, 0xB944, 0xEB65, 0xC944, 0xC944, 0xA8E3, 0x0000,
    0x0000, 0x0000, 0x0000, 0x0000, 0x80C6, 0x98E3, 0x98E3, 0xB124, 0xB124, 0xB124, 0x80C6, 0x80C6, 0x80C6, 0x0000, 0x0000, 0x0000,
    0x0000, 0xA0E3, 0xA0E3, 0xC944, 0xF345, 0xF345, 0xB944, 0x0000, 0x0000, 0xB124, 0xA8E3, 0xA8E3, 0x0000, 0x0001, 0x0001, 0x0001,
    0x0001, 0x0001, 0x0001, 0x0000, 0x0000, 0x80C6, 0x0000, 0x0000, 0xA903, 0xEB65, 0xEB65, 0xF365, 0xF365, 0xF365, 0xB124, 0x0000,
    0x0000, 0xEAE4, 0xA0E3, 0xA0E3, 0x0000, 0x0000, 0x0000, 0xA903, 0xA903, 0xA903, 0x0000, 0x0000, 0x0000, 0xA903, 0xE264, 0xE264,
    0x0000, 0xB124, 0xB124, 0xEB65, 0xF365, 0xF365, 0xF365, 0xA903, 0xA903, 0x0000, 0x78A6, 0x78A6, 0x0000, 0x0001, 0x0001, 0x0001,
    0x0001, 0x0001, 0x0001, 0x0000, 0x0000, 0x78C7, 0xA8E3, 0xA8E3, 0xC964, 0xEB65, 0xEB65, 0xEB45, 0xEB45, 0xEB45, 0xF365, 0xC964,
    0xC964, 0xF365, 0x7086, 0x7086, 0x0000, 0xA903, 0xA903, 0x0000, 0x0000, 0x0000, 0xA903, 0x0000, 0x0000, 0x7086, 0xF365, 0xF365,
    0xC964, 0xF365, 0xF365, 0xEB45, 0xF345, 0xF345, 0xF345, 0xD164, 0xD164, 0xA8E3, 0x7086, 0x7086, 0x0000, 0x0001, 0x0001, 0x0001,
    0x0001, 0x0001, 0x0001, 0x0000, 0x0000, 0x78C7, 0xA8E3, 0xA8E3, 0xC964, 0xEB65, 0xEB65, 0xEB45, 0xEB45, 0xEB45, 0xF365, 0xC964,
    0xC964, 0xF365, 0x7086, 0x7086, 0x0000, 0xA903, 0xA903, 0x0000, 0x0000, 0x0000, 0xA903, 0x0000, 0x0000, 0x7086, 0xF365, 0xF365,
    0xC964, 0xF365, 0xF365, 0xEB45, 0xF345, 0xF345, 0xF345, 0xD164, 0xD164, 0xA8E3, 0x7086, 0x7086, 0x0000, 0x0001, 0x0001, 0x0001,
    0x0001, 0x0001, 0x0001, 0x0001, 0x0001, 0x0000, 0xA903, 0xA903, 0xD184, 0xF345, 0xF345, 0xEB45, 0xEB45, 0xEB45, 0xEB65, 0xC944,
    0xC944, 0xA8E3, 0x70A6, 0x70A6, 0x0000, 0x0000, 0x0000, 0x0000, 0x0000, 0x0000, 0x0000, 0x0000, 0x0000, 0x7086, 0xA903, 0xA903,
    0xC944, 0xEB65, 0xEB65, 0xEB45, 0xEB65, 0xEB65, 0xEB65, 0xD184, 0xD184, 0xA903, 0x0000, 0x0000, 0x0001, 0x0001, 0x0001, 0x0001,
    0x0001, 0x0001, 0x0001, 0x0001, 0x0001, 0x0000, 0xA903, 0xA903, 0xD184, 0xD184, 0xD184, 0xF345, 0x68A6, 0x68A6, 0xA0E3, 0xA903,
    0xA903, 0x68A6, 0x0000, 0x0000, 0x0001, 0x0001, 0x0001, 0x0001, 0x0001, 0x0001, 0x0001, 0x0001, 0x0001, 0x0000, 0x68A6, 0x68A6,
    0xA0E3, 0xA8E3, 0xA8E3, 0x0000, 0xF345, 0xF345, 0xD184, 0xD184, 0xD184, 0xA103, 0x0000, 0x0000, 0x0001, 0x0001, 0x0001, 0x0001,
    0x0001, 0x0001, 0x0001, 0x0001, 0x0001, 0x0000, 0xA903, 0xA903, 0xD184, 0xD184, 0xD184, 0xF345, 0x68A6, 0x68A6, 0xA0E3, 0xA903,
    0xA903, 0x68A6, 0x0000, 0x0000, 0x0001, 0x0001, 0x0001, 0x0001, 0x0001, 0x0001, 0x0001, 0x0001, 0x0001, 0x0000, 0x68A6, 0x68A6,
    0xA0E3, 0xA8E3, 0xA8E3, 0x0000, 0xF345, 0xF345, 0xD184, 0xD184, 0xD184, 0xA103, 0x0000, 0x0000, 0x0001, 0x0001, 0x0001, 0x0001,
    0x0001, 0x0001, 0x0001, 0x0001, 0x0001, 0x0000, 0xA0E3, 0xA0E3, 0xA0E3, 0xD184, 0xD184, 0xD184, 0x0000, 0x0000, 0x80C6, 0x0000,
    0x0000, 0x0001, 0x0001, 0x0001, 0x0001, 0x0001, 0x0001, 0x0001, 0x0001, 0x0001, 0x0001, 0x0001, 0x0001, 0x0001, 0x0001, 0x0001,
    0x0000, 0x80C6, 0x80C6, 0x0000, 0xD184, 0xD184, 0xD184, 0xA0E3, 0xA0E3, 0xA0E3, 0x0000, 0x0000, 0x0001, 0x0001, 0x0001, 0x0001,
    0x0001, 0x0001, 0x0001, 0x0001, 0x0001, 0x0001, 0x0000, 0x0000, 0xA0E3, 0xD184, 0xD184, 0xC944, 0x0000, 0x0000, 0x0000, 0x0001,
    0x0001, 0x0001, 0x0001, 0x0001, 0x0001, 0x0001, 0x0001, 0x0001, 0x0001, 0x0001, 0x0001, 0x0001, 0x0001, 0x0001, 0x0001, 0x0001,
    0x0001, 0x0000, 0x0000, 0x0000, 0xB124, 0xB124, 0xD184, 0xA103, 0xA103, 0x0000, 0x0001, 0x0001, 0x0001, 0x0001, 0x0001, 0x0001,
    0x0001, 0x0001, 0x0001, 0x0001, 0x0001, 0x0001, 0x0000, 0x0000, 0xA0E3, 0xD184, 0xD184, 0xC944, 0x0000, 0x0000, 0x0000, 0x0001,
    0x0001, 0x0001, 0x0001, 0x0001, 0x0001, 0x0001, 0x0001, 0x0001, 0x0001, 0x0001, 0x0001, 0x0001, 0x0001, 0x0001, 0x0001, 0x0001,
    0x0001, 0x0000, 0x0000, 0x0000, 0xB124, 0xB124, 0xD184, 0xA103, 0xA103, 0x0000, 0x0001, 0x0001, 0x0001, 0x0001, 0x0001, 0x0001,
    0x0001, 0x0001, 0x0001, 0x0001, 0x0001, 0x0001, 0x0001, 0x0001, 0x0000, 0xA8E3, 0xA8E3, 0x70A6, 0x70C7, 0x70C7, 0x0000, 0x0001,
    0x0001, 0x0001, 0x0001, 0x0001, 0x0001, 0x0001, 0x0001, 0x0001, 0x0001, 0x0001, 0x0001, 0x0001, 0x0001, 0x0001, 0x0001, 0x0001,
    0x0001, 0x0000, 0x0000, 0x78A6, 0x70A6, 0x70A6, 0xA903, 0x0000, 0x0000, 0x0001, 0x0001, 0x0001, 0x0001, 0x0001, 0x0001, 0x0001,
    0x0001, 0x0001, 0x0001, 0x0001, 0x0001, 0x0001, 0x0001, 0x0001, 0x0001, 0x0000, 0x0000, 0x78A6, 0x0000, 0x0000, 0x0001, 0x0001,
    0x0001, 0x0001, 0x0001, 0x0001, 0x0001, 0x0001, 0x0001, 0x0001, 0x0001, 0x0001, 0x0001, 0x0001, 0x0001, 0x0001, 0x0001, 0x0001,
    0x0001, 0x0001, 0x0001, 0x0000, 0x78C7, 0x78C7, 0x0000, 0x0001, 0x0001, 0x0001, 0x0001, 0x0001, 0x0001, 0x0001, 0x0001, 0x0001,
    0x0001, 0x0001, 0x0001, 0x0001, 0x0001, 0x0001, 0x0001, 0x0001, 0x0001, 0x0000, 0x0000, 0x78A6, 0x0000, 0x0000, 0x0001, 0x0001,
    0x0001, 0x0001, 0x0001, 0x0001, 0x0001, 0x0001, 0x0001, 0x0001, 0x0001, 0x0001, 0x0001, 0x0001, 0x0001, 0x0001, 0x0001, 0x0001,
    0x0001, 0x0001, 0x0001, 0x0000, 0x78C7, 0x78C7, 0x0000, 0x0001, 0x0001, 0x0001, 0x0001, 0x0001, 0x0001, 0x0001, 0x0001, 0x0001,
    0x0001, 0x0001, 0x0001, 0x0001, 0x0001, 0x0001, 0x0001, 0x0001, 0x0001, 0x0001, 0x0001, 0x0000, 0x0001, 0x0001, 0x0001, 0x0001,
    0x0001, 0x0001, 0x0001, 0x0001, 0x0001, 0x0001, 0x0001, 0x0001, 0x0001, 0x0001, 0x0001, 0x0001, 0x0001, 0x0001, 0x0001, 0x0001,
    0x0001, 0x0001, 0x0001, 0x0001, 0x0000, 0x0000, 0x0001, 0x0001, 0x0001, 0x0001, 0x0001, 0x0001, 0x0001, 0x0001, 0x0001, 0x0001,
    0x0001, 0x0001, 0x0001, 0x0001, 0x0001, 0x0001, 0x0001, 0x0001, 0x0001, 0x0001, 0x0001, 0x0001, 0x0001, 0x0001, 0x0001, 0x0001,
    0x0001, 0x0001, 0x0001, 0x0001, 0x0001, 0x0001, 0x0001, 0x0001, 0x0001, 0x0001, 0x0001, 0x0001, 0x0001, 0x0001, 0x0001, 0x0001,
    0x0001, 0x0001, 0x0001, 0x0001, 0x0001, 0x0001, 0x0001, 0x0001, 0x0001, 0x0001, 0x0001, 0x0001, 0x0001, 0x0001, 0x0001, 0x0001,
    0x0001, 0x0001, 0x0001, 0x0001, 0x0001, 0x0001, 0x0001, 0x0001, 0x0001, 0x0001, 0x0001, 0x0001, 0x0001, 0x0001, 0x0001, 0x0001,
    0x0001, 0x0001, 0x0001, 0x0001, 0x0001, 0x0001, 0x0001, 0x0001, 0x0001, 0x0001, 0x0001, 0x0001, 0x0001, 0x0001, 0x0001, 0x0001,
    0x0001, 0x0001, 0x0001, 0x0001, 0x0001, 0x0001, 0x0001, 0x0001, 0x0001, 0x0001, 0x0001, 0x0001, 0x0001, 0x0001, 0x0001, 0x0001,
    0x0001, 0x0001, 0x0001, 0x0001, 0x0001, 0x0001, 0x0001, 0x0001, 0x0001, 0x0001, 0x0001, 0x0001, 0x0001, 0x0001, 0x0001, 0x0001,
    0x0001, 0x0001, 0x0001, 0x0001, 0x0001, 0x0001, 0x0001, 0x0001, 0x0001, 0x0001, 0x0001, 0x0001, 0x0001, 0x0001, 0x0001, 0x0001,
    0x0001, 0x0001, 0x0001, 0x0001, 0x0001, 0x0001, 0x0001, 0x0001, 0x0001, 0x0001, 0x0001, 0x0001, 0x0001, 0x0001, 0x0001, 0x0001
  },
  {
    0x0001, 0x0001, 0x0001, 0x0001, 0x0001, 0x0001, 0x0001, 0x0001, 0x0001, 0x0001, 0x0001, 0x0001, 0x0001, 0x0001, 0x0001, 0x0001,
    0x0001, 0x0001, 0x0001, 0x0001, 0x0001, 0x0001, 0x0001, 0x0001, 0x0001, 0x0001, 0x0001, 0x0001, 0x0001, 0x0001, 0x0001, 0x0001,
    0x0001, 0x0001, 0x0001, 0x0001, 0x0001, 0x0001, 0x0001, 0x0001, 0x0001, 0x0001, 0x0001, 0x0001, 0x0001, 0x0001, 0x0001, 0x0001,
    0x0001, 0x0001, 0x0001, 0x0001, 0x0001, 0x0001, 0x0001, 0x0001, 0x0001, 0x0001, 0x0001, 0x0001, 0x0001, 0x0001, 0x0001, 0x0001,
    0x0001, 0x0001, 0x0001, 0x0001, 0x0001, 0x0001, 0x0001, 0x0001, 0x0001, 0x0001, 0x0001, 0x0001, 0x0001, 0x0001, 0x0001, 0x0001,
    0x0001, 0x0001, 0x0001, 0x0001, 0x0001, 0x0001, 0x0001, 0x0001, 0x0001, 0x0001, 0x0001, 0x0001, 0x0001, 0x0001, 0x0001, 0x0001,
    0x0001, 0x0001, 0x0001, 0x0001, 0x0001, 0x0001, 0x0001, 0x0001, 0x0001, 0x0001, 0x0001, 0x0001, 0x0001, 0x0001, 0x0001, 0x0001,
    0x0001, 0x0001, 0x0001, 0x0001, 0x0001, 0x0001, 0x0001, 0x0001, 0x0001, 0x0001, 0x0001, 0x0001, 0x0001, 0x0001, 0x0001, 0x0001,
    0x0001, 0x0001, 0x0001, 0x0001, 0x0001, 0x0001, 0x0001, 0x0001, 0x0001, 0x0001, 0x0001, 0x0001, 0x0001, 0x0001, 0x0001, 0x0001,
    0x0001, 0x0001, 0x0001, 0x0001, 0x0001, 0x0001, 0x0001, 0x0001, 0x0001, 0x0001, 0x0001, 0x0001, 0x0001, 0x0001, 0x0001, 0x0001,
    0x0001, 0x0001, 0x0001, 0x0001, 0x0001, 0x0001, 0x0001, 0x0001, 0x0001, 0x0001, 0x0001, 0x0001, 0x0001, 0x0001, 0x0001, 0x0001,
    0x0001, 0x0001, 0x0001, 0x0001, 0x0001, 0x0001, 0x0001, 0x0001, 0x0001, 0x0001, 0x0001, 0x0001, 0x0001, 0x0001, 0x0001, 0x0001,
    0x0001, 0x0001, 0x0001, 0x0001, 0x0001, 0x0001, 0x0001, 0x0001, 0x0001, 0x0001, 0x0001, 0x0001, 0x0001, 0x0001, 0x0001, 0x0001,
    0x0001, 0x0001, 0x0001, 0x0001, 0x0001, 0x0001, 0x0001, 0x0001, 0x0001, 0x0001, 0x0001, 0x0001, 0x0001, 0x0001, 0x0001, 0x0001,
    0x0001, 0x0001, 0x0001, 0x0001, 0x0001, 0x0001, 0x0001, 0x0001, 0x0001, 0x0001, 0x0001, 0x0001, 0x0001, 0x0001, 0x0001, 0x0001,
    0x0001, 0x0001, 0x0001, 0x0001, 0x0001, 0x0001, 0x0001, 0x0001, 0x0001, 0x0001, 0x0001, 0x0001, 0x0001, 0x0001, 0x0001, 0x0001,
    0x0001, 0x0001, 0x0001, 0x0001, 0x0001, 0x0001, 0x0001, 0x0001, 0x0001, 0x0001, 0x0001, 0x0001, 0x0001, 0x0001, 0x0001, 0x0001,
    0x0001, 0x0001, 0x0001, 0x0001, 0x0001, 0x0001, 0x0001, 0x0001, 0x0001, 0x0001, 0x0001, 0x0001, 0x0001, 0x0001, 0x0001, 0x0001,
    0x0001, 0x0001, 0x0001, 0x0001, 0x0001, 0x0001, 0x0001, 0x0001, 0x0001, 0x0001, 0x0001, 0x0001, 0x0001, 0x0001, 0x0001, 0x0000,
    0x0000, 0x0000, 0x0001, 0x0001, 0x0001, 0x0001, 0x0001, 0x0001, 0x0001, 0x0001, 0x0001, 0x0001, 0x0001, 0x0001, 0x0000, 0x0000,
    0x0000, 0x0001, 0x0001, 0x0001, 0x0001, 0x0001, 0x0001, 0x0001, 0x0001, 0x0001, 0x0001, 0x0001, 0x0001, 0x0001, 0x0001, 0x0001,
    0x0001, 0x0001, 0x0001, 0x0001, 0x0001, 0x0001, 0x0001, 0x0001, 0x0001, 0x0001, 0x0001, 0x0001, 0x0001, 0x0001, 0x0001, 0x0000,
    0x0000, 0x0000, 0x0001, 0x0001, 0x0001, 0x0001, 0x0001, 0x0001, 0x0001, 0x0001, 0x0001, 0x0001, 0x0001, 0x0001, 0x0000, 0x0000,
    0x0000, 0x0001, 0x0001, 0x0001, 0x0001, 0x0001, 0x0001, 0x0001, 0x0001, 0x0001, 0x0001, 0x0001, 0x0001, 0x0001, 0x0001, 0x0001,
    0x0001, 0x0001, 0x0001, 0x0001, 0x0001, 0x0001, 0x0001, 0x0001, 0x0001, 0x0001, 0x0001, 0x0001, 0x0001, 0x0001, 0x0000, 0xAE9F,
    0xAE9F, 0xAE9F, 0x0000, 0x0000, 0x0001, 0x0001, 0x0001, 0x0001, 0x0001, 0x0001, 0x0001, 0x0001, 0x0001, 0x0000, 0xAE9F, 0xAE9F,
    0xAE9F, 0x0000, 0x0000, 0x0001, 0x0001, 0x0001, 0x0001, 0x0001, 0x0001, 0x0001, 0x0001, 0x0001, 0x0001, 0x0001, 0x0001, 0x0001,
    0x0001, 0x0001, 0x0001, 0x0001, 0x0001, 0x0001, 0x0001, 0x0001, 0x0001, 0x0001, 0x0001, 0x0001, 0x0001, 0x0001, 0x0000, 0xAE9F,
    0xAE9F, 0x6359, 0x6379, 0x6379, 0x0000, 0x0000, 0x0000, 0x0000, 0x0000, 0x0000, 0x0000, 0x0000, 0x0000, 0x6379, 0x6359, 0x6359,
    0xAE9F, 0x0000, 0x0000, 0x0001, 0x0001, 0x0001, 0x0001, 0x0001, 0x0001, 0x0001, 0x0001, 0x0001, 0x0001, 0x0001, 0x0001, 0x0001,
    0x0001, 0x0001, 0x0001, 0x0001, 0x0001, 0x0001, 0x0001, 0x0001, 0x0001, 0x0001, 0x0001, 0x0001, 0x0001, 0x0001, 0x0000, 0xAE9F,
    0xAE9F, 0x6359, 0x6379, 0x6379, 0x0000, 0x0000, 0x0000, 0x0000, 0x0000, 0x0000, 0x0000, 0x0000, 0x0000, 0x6379, 0x6359, 0x6359,
    0xAE9F, 0x0000, 0x0000, 0x0001, 0x0001, 0x0001, 0x0001, 0x0001, 0x0001, 0x0001, 0x0001, 0x0001, 0x0001, 0x0001, 0x0001, 0x0001,
    0x0001, 0x0001, 0x0001, 0x0001, 0x0001, 0x0001, 0x0001, 0x0001, 0x0001, 0x0001, 0x0001, 0x0001, 0x0001, 0x0001, 0x0000, 0x0000,
    0x0000, 0x0000, 0x0000, 0x0000, 0xEB45, 0xF345, 0xF345, 0xEB45, 0xF345, 0xF345, 0xF345, 0xEB45, 0xEB45, 0x0000, 0x0000, 0x0000,
    0x0000, 0x0000, 0x0000, 0x0001, 0x0001, 0x0001, 0x0001, 0x0001, 0x0001, 0x0001, 0x0001, 0x0001, 0x0001, 0x0001, 0x0001, 0x0001,
    0x0001, 0x0001, 0x0001, 0x0001, 0x0001, 0x0001, 0x0001, 0x0001, 0x0001, 0x0001, 0x0001, 0x0001, 0x0001, 0x0001, 0x0001, 0x07E0,
    0x07E0, 0xD164, 0x0000, 0x0000, 0xEB45, 0xFC4B, 0xFC4B, 0xEC08, 0xF345, 0xF345, 0xF281, 0xE25F, 0xE25F, 0xD169, 0x0000, 0x0000,
    0x2E9C, 0x0001, 0x0001, 0x0001, 0x0001, 0x0001, 0x0001, 0x0001, 0x0001, 0x0001, 0x0001, 0x0001, 0x0001, 0x0001, 0x0001, 0x0001,
    0x0001, 0x0001, 0x0001, 0x0001, 0x0001, 0x0001, 0x0001, 0x0001, 0x0001, 0x0001, 0x0001, 0x0001, 0x0001, 0x0001, 0x0001, 0x07E0,
    0x07E0, 0xD164, 0x0000, 0x0000, 0xEB45, 0xFC4B, 0xFC4B, 0xEC08, 0xF345, 0xF345, 0xF281, 0xE25F, 0xE25F, 0xD169, 0x0000, 0x0000,
    0x2E9C, 0x0001, 0x0001, 0x0001, 0x0001, 0x0001, 0x0001, 0x0001, 0x0001, 0x0001, 0x0001, 0x0001, 0x0001, 0x0001, 0x0001, 0x0001,
    0x0001, 0x0001, 0x0001, 0x0001, 0x0001, 0x0001, 0x0001, 0x0001, 0x0001, 0x0001, 0x0001, 0x0001, 0x0001, 0x0001, 0x0000, 0xA0E3,
    0xA0E3, 0xA8E3, 0x21E1, 0x21E1, 0xEB45, 0xFC6B, 0xFC6B, 0xEC08, 0xF345, 0xF345, 0xF281, 0xE25F, 0xE25F, 0xF369, 0xDF9F, 0xDF9F,
    0xDF9F, 0x0000, 0x0000, 0x0001, 0x0001, 0x0001, 0x0001, 0x0001, 0x0001, 0x0001, 0x0001, 0x0001, 0x0001, 0x0001, 0x0001, 0x0001,
    0x0001, 0x0001, 0x0001, 0x0001, 0x0001, 0x0001, 0x0001, 0x0001, 0x0001, 0x0001, 0x0001, 0x0001, 0x0000, 0x0000, 0xA8E3, 0xF345,
    0xF345, 0xA8E3, 0x19C1, 0x19C1, 0xEB45, 0xEB65, 0xEB65, 0xE27F, 0xE1BB, 0xE1BB, 0xE1BB, 0xE25F, 0xE25F, 0xF369, 0xDF9F, 0xDF9F,
    0x19C0, 0xA903, 0xA903, 0x0000, 0x0001, 0x0001, 0x0001, 0x0001, 0x0001, 0x0001, 0x0001, 0x0001, 0x0001, 0x0001, 0x0001, 0x0001,
    0x0001, 0x0001, 0x0001, 0x0001, 0x0001, 0x0001, 0x0001, 0x0001, 0x0001, 0x0001, 0x0001, 0x0001, 0x0000, 0x0000, 0xA8E3, 0xF345,
    0xF345, 0xA8E3, 0x19C1, 0x19C1, 0xEB45, 0xEB65, 0xEB65, 0xE27F, 0xE1BB, 0xE1BB, 0xE1BB, 0xE25F, 0xE25F, 0xF369, 0xDF9F, 0xDF9F,
    0x19C0, 0xA903, 0xA903, 0x0000, 0x0001, 0x0001, 0x0001, 0x0001, 0x0001, 0x0001, 0x0001, 0x0001, 0x0001, 0x0001, 0x0001, 0x0001,
    0x0001, 0x0001, 0x0001, 0x0001, 0x0001, 0x0001, 0x0001, 0x0001, 0x0001, 0x0001, 0x0001, 0x0001, 0x0000, 0x0000, 0xA8E3, 0xEB45,
    0xEB45, 0xA903, 0xD79F, 0xD79F, 0xF365, 0xF365, 0xF365, 0xE25F, 0xE19B, 0xE19B, 0xE1BB, 0xE25F, 0xE25F, 0xA0E8, 0xD79F, 0xD79F,
    0x19E1, 0xA8E3, 0xA8E3, 0x0000, 0x0001, 0x0001, 0x0001, 0x0001, 0x0001, 0x0001, 0x0001, 0x0001, 0x0001, 0x0001, 0x0001, 0x0001,
    0x0001, 0x0001, 0x0001, 0x0001, 0x0001, 0x0001, 0x0001, 0x0001, 0x0001, 0x0001, 0x0001, 0x0001, 0x0000, 0x0000, 0xD184, 0xEB45,
    0xEB45, 0xA8E3, 0x9F42, 0x9F42, 0xD102, 0xEB65, 0xEB65, 0xE25F, 0xE19B, 0xE19B, 0xE1BB, 0xE27F, 0xE27F, 0x70AA, 0xD7BC, 0xD7BC,
    0x19E1, 0xD184, 0xD184, 0x0000, 0x0001, 0x0001, 0x0001, 0x0001, 0x0001, 0x0001, 0x0001, 0x0001, 0x0001, 0x0001, 0x0001, 0x0001,
    0x0001, 0x0001, 0x0001, 0x0001, 0x0001, 0x0001, 0x0001, 0x0001, 0x0001, 0x0001, 0x0001, 0x0001, 0x0000, 0x0000, 0xD184, 0xEB45,
    0xEB45, 0xA8E3, 0x9F42, 0x9F42, 0xD102, 0xEB65, 0xEB65, 0xE25F, 0xE19B, 0xE19B, 0xE1BB, 0xE27F, 0xE27F, 0x70AA, 0xD7BC, 0xD7BC,
    0x19E1, 0xD184, 0xD184, 0x0000, 0x0001, 0x0001, 0x0001, 0x0001, 0x0001, 0x0001, 0x0001, 0x0001, 0x0001, 0x0001, 0x0001, 0x0001,
    0x0001, 0x0001, 0x0001, 0x0001, 0x0001, 0x0001, 0x0001, 0x0001, 0x0001, 0x0001, 0x0001, 0x0000, 0xA8E3, 0xA8E3, 0xD184, 0xF345,
    0xF345, 0xA0E3, 0x2E9C, 0x2E9C, 0x281E, 0x78F9, 0x78F9, 0xE23F, 0xE17B, 0xE17B, 0x7730, 0x397C, 0x397C, 0x0005, 0xD7DC, 0xD7DC,
    0x19E0, 0xD184, 0xD184, 0xA903, 0x0000, 0x0000, 0x0001, 0x0001, 0x0001, 0x0001, 0x0001, 0x0001, 0x0001, 0x0001, 0x0001, 0x0001,
    0x0001, 0x0001, 0x0001, 0x0001, 0x0001, 0x0001, 0x0001, 0x0001, 0x0001, 0x0000, 0x0000, 0x0000, 0xA903, 0xA903, 0xE226, 0xD184,
    0xD184, 0xE226, 0xF345, 0xF345, 0xEB65, 0xEB45, 0xEB45, 0xEB45, 0xEB45, 0xEB45, 0xEB45, 0xEB65, 0xEB65, 0xF365, 0xE226, 0xE226,
    0xEAA8, 0xE226, 0xE226, 0xA8E3, 0x0000, 0x0000, 0x0000, 0x0001, 0x0001, 0x0001, 0x0001, 0x0001, 0x0001, 0x0001, 0x0001, 0x0001,
    0x0001, 0x0001, 0x0001, 0x0001, 0x0001, 0x0001, 0x0001, 0x0001, 0x0001, 0x0000, 0x0000, 0x0000, 0xA903, 0xA903, 0xE226, 0xD184,
    0xD184, 0xE226, 0xF345, 0xF345, 0xEB65, 0xEB45, 0xEB45, 0xEB45, 0xEB45, 0xEB45, 0xEB45, 0xEB65, 0xEB65, 0xF365, 0xE226, 0xE226,
    0xEAA8, 0xE226, 0xE226, 0xA8E3, 0x0000, 0x0000, 0x0000, 0x0001, 0x0001, 0x0001, 0x0001, 0x0001, 0x0001, 0x0001, 0x0001, 0x0001,
    0x0001, 0x0001, 0x0001, 0x0001, 0x0001, 0x0001, 0x0001, 0x0001, 0x0000, 0xF345, 0xF345, 0x0000, 0xA8E3, 0xA8E3, 0xD164, 0xEAA8,
    0xEAA8, 0xC964, 0xEB65, 0xEB65, 0xEB45, 0xEB65, 0xEB65, 0xEB65, 0xEB65, 0xEB65, 0xEB45, 0xEB45, 0xEB45, 0xD185, 0xD185, 0xD185,
    0xEAA8, 0xD164, 0xD164, 0xA8E3, 0x0000, 0x0000, 0xEB44, 0x0000, 0x0000, 0x0001, 0x0001, 0x0001, 0x0001, 0x0001, 0x0001, 0x0001,
    0x0001, 0x0001, 0x0001, 0x0001, 0x0001, 0x0001, 0x0001, 0x0001, 0x0000, 0xC944, 0xC944, 0x0000, 0xA903, 0xA903, 0xD185, 0xD184,
    0xD184, 0xE226, 0xE226, 0xE226, 0x0000, 0xEB45, 0xEB45, 0xEB45, 0xEB45, 0xEB45, 0xEB45, 0x0000, 0x0000, 0xE226, 0xE226, 0xE226,
    0xD184, 0xD185, 0xD185, 0xA903, 0x0000, 0x0000, 0xC944, 0x0000, 0x0000, 0x0001, 0x0001, 0x0001, 0x0001, 0x0001, 0x0001, 0x0001,
    0x0001, 0x0001, 0x0001, 0x0001, 0x0001, 0x0001, 0x0001, 0x0001, 0x0000, 0xC944, 0xC944, 0x0000, 0xA903, 0xA903, 0xD185, 0xD184,
    0xD184, 0xE226, 0xE226, 0xE226, 0x0000, 0xEB45, 0xEB45, 0xEB45, 0xEB45, 0xEB45, 0xEB45, 0x0000, 0x0000, 0xE226, 0xE226, 0xE226,
    0xD184, 0xD185, 0xD185, 0xA903, 0x0000, 0x0000, 0xC944, 0x0000, 0x0000, 0x0001, 0x0001, 0x0001, 0x0001, 0x0001, 0x0001, 0x0001,
    0x0001, 0x0001, 0x0001, 0x0001, 0x0001, 0x0001, 0x0000, 0x0000, 0xEAE4, 0xC944, 0xC944, 0xA0E3, 0x0000, 0x0000, 0xA0E3, 0xD184,
    0xD184, 0xD184, 0xE226, 0xE226, 0xDA26, 0x0000, 0x0000, 0x0000, 0x0000, 0x0000, 0x0000, 0xDA06, 0xDA06, 0xDA27, 0xD184, 0xD184,
    0xD184, 0xA0E3, 0xA0E3, 0x0000, 0xA0E3, 0xA0E3, 0xB944, 0xEB04, 0xEB04, 0x0000, 0x0001, 0x0001, 0x0001, 0x0001, 0x0001, 0x0001,
    0x0001, 0x0001, 0x0001, 0x0001, 0x0001, 0x0000, 0xB944, 0xB944, 0xEB45, 0xF345, 0xF345, 0x0000, 0x0000, 0x0000, 0x0000, 0xA0E3,
    0xA0E3, 0xA8E3, 0xD184, 0xD184, 0xD184, 0xD184, 0xD184, 0xD184, 0xD184, 0xD184, 0xD184, 0xD184, 0xD184, 0xD184, 0xA0E3, 0xA0E3,
    0xA0E3, 0x0000, 0x0000, 0x0000, 0x0000, 0x0000, 0xF345, 0xF345, 0xF345, 0xB124, 0x0000, 0x0000, 0x0001, 0x0001, 0x0001, 0x0001,
    0x0001, 0x0001, 0x0001, 0x0001, 0x0001, 0x0000, 0xB944, 0xB944, 0xEB45, 0xF345, 0xF345, 0x0000, 0x0000, 0x0000, 0x0000, 0xA0E3,
    0xA0E3, 0xA8E3, 0xD184, 0xD184, 0xD184, 0xD184, 0xD184, 0xD184, 0xD184, 0xD184, 0xD184, 0xD184, 0xD184, 0xD184, 0xA0E3, 0xA0E3,
    0xA0E3, 0x0000, 0x0000, 0x0000, 0x0000, 0x0000, 0xF345, 0xF345, 0xF345, 0xB124, 0x0000, 0x0000, 0x0001, 0x0001, 0x0001, 0x0001,
    0x0001, 0x0001, 0x0001, 0x0000, 0x0000, 0xA0E3, 0xC944, 0xC944, 0xB124, 0x0000, 0x0000, 0xF345, 0xEB65, 0xEB65, 0xA8E3, 0x0000,
    0x0000, 0x0000, 0xA8E3, 0xA8E3, 0xA8E3, 0xA8E3, 0xA8E3, 0xA8E3, 0xA8E3, 0xA8E3, 0xA8E3, 0xA903, 0xA903, 0xA903, 0x0000, 0x0000,
    0x0000, 0xA8E3, 0xA8E3, 0xEB45, 0xEB45, 0xEB45, 0x0000, 0xB124, 0xB124, 0xB944, 0xA0E3, 0xA0E3, 0x0000, 0x0001, 0x0001, 0x0001,
    0x0001, 0x0001, 0x0001, 0x0000, 0x0000, 0x80C6, 0x80C4, 0x80C4, 0x307E, 0xEB48, 0xEB48, 0xA0E3, 0x13C6, 0x13C6, 0xA0E5, 0x0003,
    0x0003, 0x0000, 0x0000, 0x0000, 0xA8E3, 0xA8E3, 0xA8E3, 0xA8E3, 0xA8E3, 0xA8E3, 0xA8E3, 0xA903, 0xA903, 0xA903, 0x0000, 0x0000,
    0x0000, 0xA0E3, 0xA0E3, 0xC964, 0xCAC3, 0xCAC3, 0xF345, 0xC5DF, 0xC5DF, 0x31EA, 0xA922, 0xA922, 0x001D, 0x0001, 0x0001, 0x0001,
    0x0001, 0x0001, 0x0001, 0x0000, 0x0000, 0x80C6, 0x80C4, 0x80C4, 0x307E, 0xEB48, 0xEB48, 0xA0E3, 0x13C6, 0x13C6, 0xA0E5, 0x0003,
    0x0003, 0x0000, 0x0000, 0x0000, 0xA8E3, 0xA8E3, 0xA8E3, 0xA8E3, 0xA8E3, 0xA8E3, 0xA8E3, 0xA903, 0xA903, 0xA903, 0x0000, 0x0000,
    0x0000, 0xA0E3, 0xA0E3, 0xC964, 0xCAC3, 0xCAC3, 0xF345, 0xC5DF, 0xC5DF, 0x31EA, 0xA922, 0xA922, 0x001D, 0x0001, 0x0001, 0x0001,
    0x0001, 0x0001, 0x0001, 0x0000, 0x0000, 0x78C7, 0x0FFD, 0x0FFD, 0x30DE, 0xA0E7, 0xA0E7, 0xA0E3, 0x03A5, 0x03A5, 0x78A8, 0x0002,
    0x0002, 0x0000, 0x0000, 0x0000, 0xA8E3, 0x51E6, 0x51E6, 0xA903, 0xA8E3, 0xA8E3, 0xA8E3, 0x0000, 0x0000, 0xA903, 0x0000, 0x0000,
    0x0000, 0x78A6, 0x78A6, 0xB122, 0xCAE3, 0xCAE3, 0xA0E3, 0xC35F, 0xC35F, 0xB944, 0x2209, 0x2209, 0x013D, 0x0001, 0x0001, 0x0001,
    0x0001, 0x0001, 0x0001, 0x0001, 0x0001, 0x0000, 0x0000, 0x0000, 0xA0C3, 0xEB45, 0xEB45, 0xEB45, 0xEB45, 0xEB45, 0x78A6, 0xF345,
    0xF345, 0xC964, 0xA8E3, 0xA8E3, 0x0000, 0x0000, 0x0000, 0x0000, 0x0000, 0x0000, 0x0000, 0x0000, 0x0000, 0xA8E3, 0xC944, 0xC944,
    0xEB65, 0x78A6, 0x78A6, 0xEB45, 0xEB45, 0xEB45, 0xEB65, 0xA0E3, 0xA0E3, 0x0000, 0x0000, 0x0000, 0x0001, 0x0001, 0x0001, 0x0001,
    0x0001, 0x0001, 0x0001, 0x0001, 0x0001, 0x0000, 0x0000, 0x0000, 0xA0C3, 0xEB45, 0xEB45, 0xEB45, 0xEB45, 0xEB45, 0x78A6, 0xF345,
    0xF345, 0xC964, 0xA8E3, 0xA8E3, 0x0000, 0x0000, 0x0000, 0x0000, 0x0000, 0x0000, 0x0000, 0x0000, 0x0000, 0xA8E3, 0xC944, 0xC944,
    0xEB65, 0x78A6, 0x78A6, 0xEB45, 0xEB45, 0xEB45, 0xEB65, 0xA0E3, 0xA0E3, 0x0000, 0x0000, 0x0000, 0x0001, 0x0001, 0x0001, 0x0001,
    0x0001, 0x0001, 0x0001, 0x0001, 0x0001, 0x0000, 0xA903, 0xA903, 0xC964, 0xEB65, 0xEB65, 0xEB45, 0xEB45, 0xEB45, 0xF345, 0xF345,
    0xF345, 0xF345, 0xA903, 0xA903, 0x0000, 0x0862, 0x0862, 0x0862, 0x0862, 0x0862, 0x0862, 0x0000, 0x0000, 0xA8E3, 0xF345, 0xF345,
    0xF345, 0xF365, 0xF365, 0xEB45, 0xF345, 0xF345, 0xF345, 0xC964, 0xC964, 0xA8E3, 0x0000, 0x0000, 0x0001, 0x0001, 0x0001, 0x0001,
    0x0001, 0x0001, 0x0001, 0x0001, 0x0001, 0x0000, 0xA103, 0xA103, 0xD184, 0xE264, 0xE264, 0xFC46, 0xEB45, 0xEB45, 0xF365, 0xA8E3,
    0xA8E3, 0x1BC6, 0x78A8, 0x78A8, 0x0001, 0x0000, 0x0000, 0x0862, 0x0862, 0x0862, 0x0862, 0x0000, 0x0000, 0x80C6, 0xD183, 0xD183,
    0xD2E4, 0x2D66, 0x2D66, 0xF365, 0xEB65, 0xEB65, 0xF345, 0xD184, 0xD184, 0xA103, 0x0000, 0x0000, 0x0001, 0x0001, 0x0001, 0x0001,
    0x0001, 0x0001, 0x0001, 0x0001, 0x0001, 0x0000, 0xA103, 0xA103, 0xD184, 0xE264, 0xE264, 0xFC46, 0xEB45, 0xEB45, 0xF365, 0xA8E3,
    0xA8E3, 0x1BC6, 0x78A8, 0x78A8, 0x0001, 0x0000, 0x0000, 0x0862, 0x0862, 0x0862, 0x0862, 0x0000, 0x0000, 0x80C6, 0xD183, 0xD183,
    0xD2E4, 0x2D66, 0x2D66, 0xF365, 0xEB65, 0xEB65, 0xF345, 0xD184, 0xD184, 0xA103, 0x0000, 0x0000, 0x0001, 0x0001, 0x0001, 0x0001,
    0x0001, 0x0001, 0x0001, 0x0001, 0x0001, 0x0001, 0x0000, 0x0000, 0xA8E3, 0xD184, 0xD184, 0xF345, 0xF344, 0xF344, 0xA8E3, 0xA0E3,
    0xA0E3, 0x78A6, 0x0000, 0x0000, 0x0001, 0x0001, 0x0001, 0x0001, 0x0001, 0x0001, 0x0001, 0x0001, 0x0001, 0x0000, 0x78A6, 0x78A6,
    0xA0E3, 0xA903, 0xA903, 0x0000, 0xF345, 0xF345, 0xD184, 0xA903, 0xA903, 0x0000, 0x0001, 0x0001, 0x0001, 0x0001, 0x0001, 0x0001,
    0x0001, 0x0001, 0x0001, 0x0001, 0x0001, 0x0001, 0x0000, 0x0000, 0xA903, 0xD184, 0xD184, 0xDA06, 0x115F, 0x115F, 0x21CB, 0x283C,
    0x283C, 0x78A3, 0x0001, 0x0001, 0x0001, 0x0001, 0x0001, 0x0001, 0x0001, 0x0001, 0x0001, 0x0001, 0x0001, 0x0001, 0x0000, 0x0000,
    0x78A3, 0x218A, 0x218A, 0x0100, 0xD185, 0xD185, 0xD184, 0xA103, 0xA103, 0x0000, 0x0001, 0x0001, 0x0001, 0x0001, 0x0001, 0x0001,
    0x0001, 0x0001, 0x0001, 0x0001, 0x0001, 0x0001, 0x0000, 0x0000, 0xA903, 0xD184, 0xD184, 0xDA06, 0x115F, 0x115F, 0x21CB, 0x283C,
    0x283C, 0x78A3, 0x0001, 0x0001, 0x0001, 0x0001, 0x0001, 0x0001, 0x0001, 0x0001, 0x0001, 0x0001, 0x0001, 0x0001, 0x0000, 0x0000,
    0x78A3, 0x218A, 0x218A, 0x0100, 0xD185, 0xD185, 0xD184, 0xA103, 0xA103, 0x0000, 0x0001, 0x0001, 0x0001, 0x0001, 0x0001, 0x0001,
    0x0001, 0x0001, 0x0001, 0x0001, 0x0001, 0x0001, 0x0000, 0x0000, 0xA0C3, 0xC964, 0xC964, 0xC964, 0x115F, 0x115F, 0xA8E4, 0x0001,
    0x0001, 0x78A3, 0x0001, 0x0001, 0x0001, 0x0001, 0x0001, 0x0001, 0x0001, 0x0001, 0x0001, 0x0001, 0x0001, 0x0001, 0x0000, 0x0000,
    0x78A3, 0xA0E3, 0xA0E3, 0x2100, 0xC964, 0xC964, 0xD184, 0xA0E3, 0xA0E3, 0x0000, 0x0001, 0x0001, 0x0001, 0x0001, 0x0001, 0x0001,
    0x0001, 0x0001, 0x0001, 0x0001, 0x0001, 0x0001, 0x0001, 0x0001, 0x0000, 0xA8E3, 0xA8E3, 0xC964, 0x115F, 0x115F, 0x0001, 0x0001,
    0x0001, 0x78A3, 0x0001, 0x0001, 0x0001, 0x0001, 0x0001, 0x0001, 0x0001, 0x0001, 0x0001, 0x0001, 0x0001, 0x0001, 0x0000, 0x0000,
    0x78A3, 0xA0E3, 0xA0E3, 0x2100, 0xC964, 0xC964, 0xA903, 0x0000, 0x0000, 0x0001, 0x0001, 0x0001, 0x0001, 0x0001, 0x0001, 0x0001,
    0x0001, 0x0001, 0x0001, 0x0001, 0x0001, 0x0001, 0x0001, 0x0001, 0x0000, 0xA8E3, 0xA8E3, 0xC964, 0x115F, 0x115F, 0x0001, 0x0001,
    0x0001, 0x78A3, 0x0001, 0x0001, 0x0001, 0x0001, 0x0001, 0x0001, 0x0001, 0x0001, 0x0001, 0x0001, 0x0001, 0x0001, 0x0000, 0x0000,
    0x78A3, 0xA0E3, 0xA0E3, 0x2100, 0xC964, 0xC964, 0xA903, 0x0000, 0x0000, 0x0001, 0x0001, 0x0001, 0x0001, 0x0001, 0x0001, 0x0001,
    0x0001, 0x0001, 0x0001, 0x0001, 0x0001, 0x0001, 0x0001, 0x0001, 0x0001, 0x0000, 0x0000, 0x80C6, 0x0000, 0x0000, 0x0001, 0x0001,
    0x0001, 0x0001, 0x0001, 0x0001, 0x0001, 0x0001, 0x0001, 0x0001, 0x0001, 0x0001, 0x0001, 0x0001, 0x0001, 0x0001, 0x0001, 0x0001,
    0x0001, 0x0001, 0x0001, 0x0000, 0x80C6, 0x80C6, 0x0000, 0x0001, 0x0001, 0x0001, 0x0001, 0x0001, 0x0001, 0x0001, 0x0001, 0x0001,
    0x0001, 0x0001, 0x0001, 0x0001, 0x0001, 0x0001, 0x0001, 0x0001, 0x0001, 0x0001, 0x0001, 0x0000, 0x0001, 0x0001, 0x0001, 0x0001,
    0x0001, 0x0001, 0x0001, 0x0001, 0x0001, 0x0001, 0x0001, 0x0001, 0x0001, 0x0001, 0x0001, 0x0001, 0x0001, 0x0001, 0x0001, 0x0001,
    0x0001, 0x0001, 0x0001, 0x0001, 0x0000, 0x0000, 0x0001, 0x0001, 0x0001, 0x0001, 0x0001, 0x0001, 0x0001, 0x0001, 0x0001, 0x0001,
    0x0001, 0x0001, 0x0001, 0x0001, 0x0001, 0x0001, 0x0001, 0x0001, 0x0001, 0x0001, 0x0001, 0x0000, 0x0001, 0x0001, 0x0001, 0x0001,
    0x0001, 0x0001, 0x0001, 0x0001, 0x0001, 0x0001, 0x0001, 0x0001, 0x0001, 0x0001, 0x0001, 0x0001, 0x0001, 0x0001, 0x0001, 0x0001,
    0x0001, 0x0001, 0x0001, 0x0001, 0x0000, 0x0000, 0x0001, 0x0001, 0x0001, 0x0001, 0x0001, 0x0001, 0x0001, 0x0001, 0x0001, 0x0001,
    0x0001, 0x0001, 0x0001, 0x0001, 0x0001, 0x0001, 0x0001, 0x0001, 0x0001, 0x0001, 0x0001, 0x0001, 0x0001, 0x0001, 0x0001, 0x0001,
    0x0001, 0x0001, 0x0001, 0x0001, 0x0001, 0x0001, 0x0001, 0x0001, 0x0001, 0x0001, 0x0001, 0x0001, 0x0001, 0x0001, 0x0001, 0x0001,
    0x0001, 0x0001, 0x0001, 0x0001, 0x0001, 0x0001, 0x0001, 0x0001, 0x0001, 0x0001, 0x0001, 0x0001, 0x0001, 0x0001, 0x0001, 0x0001
  },
  {
    0x0001, 0x0001, 0x0001, 0x0001, 0x0001, 0x0001, 0x0001, 0x0001, 0x0001, 0x0001, 0x0001, 0x0001, 0x0001, 0x0001, 0x0001, 0x0001,
    0x0001, 0x0001, 0x0001, 0x0001, 0x0001, 0x0001, 0x0001, 0x0001, 0x0001, 0x0001, 0x0001, 0x0001, 0x0001, 0x0001, 0x0001, 0x0001,
    0x0001, 0x0001, 0x0001, 0x0001, 0x0001, 0x0001, 0x0001, 0x0001, 0x0001, 0x0001, 0x0001, 0x0001, 0x0001, 0x0001, 0x0001, 0x0001,
    0x0001, 0x0001, 0x0001, 0x0001, 0x0001, 0x0001, 0x0001, 0x0001, 0x0001, 0x0001, 0x0001, 0x0001, 0x0001, 0x0001, 0x0001, 0x0001,
    0x0001, 0x0001, 0x0001, 0x0001, 0x0001, 0x0001, 0x0001, 0x0001, 0x0001, 0x0001, 0x0001, 0x0001, 0x0001, 0x0001, 0x0001, 0x0001,
    0x0001, 0x0001, 0x0001, 0x0001, 0x0001, 0x0001, 0x0001, 0x0001, 0x0001, 0x0001, 0x0001, 0x0001, 0x0001, 0x0001, 0x0001, 0x0001,
    0x0001, 0x0001, 0x0001, 0x0001, 0x0001, 0x0001, 0x0001, 0x0001, 0x0001, 0x0001, 0x0001, 0x0001, 0x0001, 0x0001, 0x0001, 0x0001,
    0x0001, 0x0001, 0x0001, 0x0001, 0x0001, 0x0001, 0x0001, 0x0001, 0x0001, 0x0001, 0x0001, 0x0001, 0x0001, 0x0001, 0x0001, 0x0001,
    0x0001, 0x0001, 0x0001, 0x0001, 0x0001, 0x0001, 0x0001, 0x0001, 0x0001, 0x0001, 0x0001, 0x0001, 0x0001, 0x0001, 0x0001, 0x0001,
    0x0001, 0x0001, 0x0001, 0x0001, 0x0001, 0x0001, 0x0001, 0x0001, 0x0001, 0x0001, 0x0001, 0x0001, 0x0001, 0x0001, 0x0001, 0x0001,
    0x0001, 0x0001, 0x0001, 0x0001, 0x0001, 0x0001, 0x0001, 0x0001, 0x0001, 0x0001, 0x0001, 0x0001, 0x0001, 0x0001, 0x0001, 0x0001,
    0x0001, 0x0001, 0x0001, 0x0001, 0x0001, 0x0001, 0x0001, 0x0001, 0x0001, 0x0001, 0x0001, 0x0001, 0x0001, 0x0001, 0x0001, 0x0001,
    0x0001, 0x0001, 0x0001, 0x0001, 0x0001, 0x0001, 0x0001, 0x0001, 0x0001, 0x0001, 0x0001, 0x0001, 0x0001, 0x0001, 0x0001, 0x0001,
    0x0001, 0x0001, 0x0001, 0x0001, 0x0001, 0x0001, 0x0001, 0x0001, 0x0001, 0x0001, 0x0001, 0x0001, 0x0001, 0x0001, 0x0001, 0x0001,
    0x0001, 0x0001, 0x0001, 0x0001, 0x0001, 0x0001, 0x0001, 0x0001, 0x0001, 0x0001, 0x0001, 0x0001, 0x0001, 0x0001, 0x0001, 0x0001,
    0x0001, 0x0001, 0x0001, 0x0001, 0x0001, 0x0001, 0x0001, 0x0001, 0x0001, 0x0001, 0x0001, 0x0001, 0x0001, 0x0001, 0x0001, 0x0000,
    0x0000, 0x0001, 0x0001, 0x0001, 0x0001, 0x0001, 0x0001, 0x0001, 0x0001, 0x0001, 0x0001, 0x0001, 0x0001, 0x0001, 0x0001, 0x0001,
    0x0000, 0x0001, 0x0001, 0x0001, 0x0001, 0x0001, 0x0001, 0x0001, 0x0001, 0x0001, 0x0001, 0x0001, 0x0001, 0x0001, 0x0001, 0x0001,
    0x0001, 0x0001, 0x0001, 0x0001, 0x0001, 0x0001, 0x0001, 0x0001, 0x0001, 0x0001, 0x0001, 0x0001, 0x0001, 0x0001, 0x0000, 0xAE9F,
    0xAE9F, 0x0000, 0x0001, 0x0001, 0x0001, 0x0001, 0x0001, 0x0001, 0x0001, 0x0001, 0x0001, 0x0001, 0x0001, 0x0001, 0x0000, 0x0000,
    0xAE9F, 0x0000, 0x0000, 0x0001, 0x0001, 0x0001, 0x0001, 0x0001, 0x0001, 0x0001, 0x0001, 0x0001, 0x0001, 0x0001, 0x0001, 0x0001,
    0x0001, 0x0001, 0x0001, 0x0001, 0x0001, 0x0001, 0x0001, 0x0001, 0x0001, 0x0001, 0x0001, 0x0001, 0x0001, 0x0001, 0x0000, 0xAE9F,
    0xAE9F, 0x0000, 0x0001, 0x0001, 0x0001, 0x0001, 0x0001, 0x0001, 0x0001, 0x0001, 0x0001, 0x0001, 0x0001, 0x0001, 0x0000, 0x0000,
    0xAE9F, 0x0000, 0x0000, 0x0001, 0x0001, 0x0001, 0x0001, 0x0001, 0x0001, 0x0001, 0x0001, 0x0001, 0x0001, 0x0001, 0x0001, 0x0001,
    0x0001, 0x0001, 0x0001, 0x0001, 0x0001, 0x0001, 0x0001, 0x0001, 0x0001, 0x0001, 0x0001, 0x0001, 0x0001, 0x0001, 0x0000, 0xAE9F,
    0xAE9F, 0x6359, 0x0000, 0x0000, 0x0000, 0x0000, 0x0000, 0x0000, 0x0000, 0x0000, 0x0000, 0x0000, 0x0000, 0x0000, 0x6379, 0x6379,
    0xAE9F, 0x0000, 0x0000, 0x0001, 0x0001, 0x0001, 0x0001, 0x0001, 0x0001, 0x0001, 0x0001, 0x0001, 0x0001, 0x0001, 0x0001, 0x0001,
    0x0001, 0x0001, 0x0001, 0x0001, 0x0001, 0x0001, 0x0001, 0x0001, 0x0001, 0x0001, 0x0001, 0x0001, 0x0001, 0x0001, 0x0000, 0x0000,
    0x0000, 0x0000, 0x0000, 0x0000, 0xF345, 0xEB45, 0xEB45, 0xEB24, 0xEB24, 0xEB24, 0xF345, 0xF345, 0xF345, 0x0000, 0x0000, 0x0000,
    0x0000, 0x0000, 0x0000, 0x0001, 0x0001, 0x0001, 0x0001, 0x0001, 0x0001, 0x0001, 0x0001, 0x0001, 0x0001, 0x0001, 0x0001, 0x0001,
    0x0001, 0x0001, 0x0001, 0x0001, 0x0001, 0x0001, 0x0001, 0x0001, 0x0001, 0x0001, 0x0001, 0x0001, 0x0001, 0x0001, 0x0000, 0x0000,
    0x0000, 0x0000, 0x0000, 0x0000, 0xF345, 0xEB45, 0xEB45, 0xEB24, 0xEB24, 0xEB24, 0xF345, 0xF345, 0xF345, 0x0000, 0x0000, 0x0000,
    0x0000, 0x0000, 0x0000, 0x0001, 0x0001, 0x0001, 0x0001, 0x0001, 0x0001, 0x0001, 0x0001, 0x0001, 0x0001, 0x0001, 0x0001, 0x0001,
    0x0001, 0x0001, 0x0001, 0x0001, 0x0001, 0x0001, 0x0001, 0x0001, 0x0001, 0x0001, 0x0001, 0x0001, 0x0001, 0x0001, 0x0001, 0x07E0,
    0x07E0, 0xA0C3, 0x28A1, 0x28A1, 0xEB45, 0xFC4B, 0xFC4B, 0xEC08, 0xEB24, 0xEB24, 0xF281, 0xE25F, 0xE25F, 0xD189, 0x2E7C, 0x2E7C,
    0x0000, 0x0001, 0x0001, 0x0001, 0x0001, 0x0001, 0x0001, 0x0001, 0x0001, 0x0001, 0x0001, 0x0001, 0x0001, 0x0001, 0x0001, 0x0001,
    0x0001, 0x0001, 0x0001, 0x0001, 0x0001, 0x0001, 0x0001, 0x0001, 0x0001, 0x0001, 0x0001, 0x0001, 0x0001, 0x0001, 0x0000, 0xA8E4,
    0xA8E4, 0xA0C3, 0x4A82, 0x4A82, 0xEB45, 0xFC6B, 0xFC6B, 0xEC08, 0xEB24, 0xEB24, 0xF281, 0xE25F, 0xE25F, 0xF36A, 0xDDFF, 0xDDFF,
    0x2FE0, 0x571D, 0x571D, 0x0001, 0x0001, 0x0001, 0x0001, 0x0001, 0x0001, 0x0001, 0x0001, 0x0001, 0x0001, 0x0001, 0x0001, 0x0001,
    0x0001, 0x0001, 0x0001, 0x0001, 0x0001, 0x0001, 0x0001, 0x0001, 0x0001, 0x0001, 0x0001, 0x0001, 0x0001, 0x0001, 0x0000, 0xA8E4,
    0xA8E4, 0xA0C3, 0x4A82, 0x4A82, 0xEB45, 0xFC6B, 0xFC6B, 0xEC08, 0xEB24, 0xEB24, 0xF281, 0xE25F, 0xE25F, 0xF36A, 0xDDFF, 0xDDFF,
    0x2FE0, 0x571D, 0x571D, 0x0001, 0x0001, 0x0001, 0x0001, 0x0001, 0x0001, 0x0001, 0x0001, 0x0001, 0x0001, 0x0001, 0x0001, 0x0001,
    0x0001, 0x0001, 0x0001, 0x0001, 0x0001, 0x0001, 0x0001, 0x0001, 0x0001, 0x0001, 0x0001, 0x0001, 0x0000, 0x0000, 0xA0E3, 0xF345,
    0xF345, 0xA0C3, 0x4A62, 0x4A62, 0xEB45, 0xFC6B, 0xFC6B, 0xEC08, 0xEB24, 0xEB24, 0xF281, 0xE25F, 0xE25F, 0xF36A, 0xD5DF, 0xD5DF,
    0x7242, 0x0020, 0x0020, 0x0001, 0x0001, 0x0001, 0x0001, 0x0001, 0x0001, 0x0001, 0x0001, 0x0001, 0x0001, 0x0001, 0x0001, 0x0001,
    0x0001, 0x0001, 0x0001, 0x0001, 0x0001, 0x0001, 0x0001, 0x0001, 0x0001, 0x0001, 0x0001, 0x0001, 0x0000, 0x0000, 0xA8E3, 0xEB45,
    0xEB45, 0xA0E3, 0x4A62, 0x4A62, 0xEB45, 0xEB65, 0xEB65, 0xEB02, 0xEB24, 0xEB24, 0xF281, 0xE27F, 0xE27F, 0xF36A, 0xD5DF, 0xD5DF,
    0x6A42, 0x0000, 0x0000, 0x0001, 0x0001, 0x0001, 0x0001, 0x0001, 0x0001, 0x0001, 0x0001, 0x0001, 0x0001, 0x0001, 0x0001, 0x0001,
    0x0001, 0x0001, 0x0001, 0x0001, 0x0001, 0x0001, 0x0001, 0x0001, 0x0001, 0x0001, 0x0001, 0x0001, 0x0000, 0x0000, 0xA8E3, 0xEB45,
    0xEB45, 0xA0E3, 0x4A62, 0x4A62, 0xEB45, 0xEB65, 0xEB65, 0xEB02, 0xEB24, 0xEB24, 0xF281, 0xE27F, 0xE27F, 0xF36A, 0xD5DF, 0xD5DF,
    0x6A42, 0x0000, 0x0000, 0x0001, 0x0001, 0x0001, 0x0001, 0x0001, 0x0001, 0x0001, 0x0001, 0x0001, 0x0001, 0x0001, 0x0001, 0x0001,
    0x0001, 0x0001, 0x0001, 0x0001, 0x0001, 0x0001, 0x0001, 0x0001, 0x0001, 0x0001, 0x0001, 0x0001, 0x0000, 0x0000, 0xA0C3, 0xEB45,
    0xEB45, 0xA0C3, 0x0020, 0x0020, 0xEB45, 0xF365, 0xF365, 0xEAE2, 0xF324, 0xF324, 0xF281, 0xE27F, 0xE27F, 0xA0E8, 0xD5DF, 0xD5DF,
    0x6A42, 0x2881, 0x2881, 0x0001, 0x0001, 0x0001, 0x0001, 0x0001, 0x0001, 0x0001, 0x0001, 0x0001, 0x0001, 0x0001, 0x0001, 0x0001,
    0x0001, 0x0001, 0x0001, 0x0001, 0x0001, 0x0001, 0x0001, 0x0001, 0x0001, 0x0001, 0x0001, 0x0000, 0xA0E3, 0xA0E3, 0xC944, 0xEB45,
    0xEB45, 0xA0C3, 0xCFE3, 0xCFE3, 0xF101, 0xEB45, 0xEB45, 0xF2E2, 0xF324, 0xF324, 0xF281, 0xE27F, 0xE27F, 0x70AB, 0xD61C, 0xD61C,
    0x6A42, 0x2881, 0x2881, 0x0001, 0x571D, 0x571D, 0x0001, 0x0001, 0x0001, 0x0001, 0x0001, 0x0001, 0x0001, 0x0001, 0x0001, 0x0001,
    0x0001, 0x0001, 0x0001, 0x0001, 0x0001, 0x0001, 0x0001, 0x0001, 0x0001, 0x0001, 0x0001, 0x0000, 0xA0E3, 0xA0E3, 0xC944, 0xEB45,
    0xEB45, 0xA0C3, 0xCFE3, 0xCFE3, 0xF101, 0xEB45, 0xEB45, 0xF2E2, 0xF324, 0xF324, 0xF281, 0xE27F, 0xE27F, 0x70AB, 0xD61C, 0xD61C,
    0x6A42, 0x2881, 0x2881, 0x0001, 0x571D, 0x571D, 0x0001, 0x0001, 0x0001, 0x0001, 0x0001, 0x0001, 0x0001, 0x0001, 0x0001, 0x0001,
    0x0001, 0x0001, 0x0001, 0x0001, 0x0001, 0x0001, 0x0001, 0x0001, 0x0001, 0x0001, 0x0001, 0x0000, 0xA8E3, 0xA8E3, 0xDA06, 0xC944,
    0xC944, 0xA0C3, 0x5F3D, 0x5F3D, 0x4FFE, 0x78F9, 0x78F9, 0x1B63, 0x1BA5, 0x1BA5, 0x8036, 0x397C, 0x397C, 0x0005, 0xD61C, 0xD61C,
    0x7242, 0x3943, 0x3943, 0x0001, 0x571D, 0x571D, 0x0001, 0x0001, 0x0001, 0x0001, 0x0001, 0x0001, 0x0001, 0x0001, 0x0001, 0x0001,
    0x0001, 0x0001, 0x0001, 0x0001, 0x0001, 0x0001, 0x0001, 0x0001, 0x0001, 0x0000, 0x0000, 0x0000, 0xA8E3, 0xA8E3, 0xD164, 0xEAA8,
    0xEAA8, 0xE226, 0xF345, 0xF345, 0xEB65, 0xEB45, 0xEB45, 0xEB45, 0xEB45, 0xEB45, 0xEB45, 0xEB65, 0xEB65, 0xF365, 0xE226, 0xE226,
    0xEAA8, 0xD164, 0xD164, 0xA8E3, 0x0000, 0x0000, 0x0000, 0x0001, 0x0001, 0x0001, 0x0001, 0x0001, 0x0001, 0x0001, 0x0001, 0x0001,
    0x0001, 0x0001, 0x0001, 0x0001, 0x0001, 0x0001, 0x0001, 0x0001, 0x0001, 0x0000, 0x0000, 0x0000, 0xA8E3, 0xA8E3, 0xD164, 0xEAA8,
    0xEAA8, 0xE226, 0xF345, 0xF345, 0xEB65, 0xEB45, 0xEB45, 0xEB45, 0xEB45, 0xEB45, 0xEB45, 0xEB65, 0xEB65, 0xF365, 0xE226, 0xE226,
    0xEAA8, 0xD164, 0xD164, 0xA8E3, 0x0000, 0x0000, 0x0000, 0x0001, 0x0001, 0x0001, 0x0001, 0x0001, 0x0001, 0x0001, 0x0001, 0x0001,
    0x0001, 0x0001, 0x0001, 0x0001, 0x0001, 0x0001, 0x0001, 0x0001, 0x0000, 0xEB65, 0xEB65, 0x0000, 0xA8E3, 0xA8E3, 0xD184, 0xD184,
    0xD184, 0xD164, 0xD185, 0xD185, 0xEB45, 0xEB65, 0xEB65, 0xEB65, 0xEB65, 0xEB65, 0xEB45, 0xEB45, 0xEB45, 0xD185, 0xD185, 0xD185,
    0xD184, 0xD184, 0xD184, 0xA8E3, 0x0000, 0x0000, 0xEB65, 0x0000, 0x0000, 0x0001, 0x0001, 0x0001, 0x0001, 0x0001, 0x0001, 0x0001,
    0x0001, 0x0001, 0x0001, 0x0001, 0x0001, 0x0001, 0x0001, 0x0001, 0x0000, 0xC944, 0xC944, 0xA0E3, 0x0000, 0x0000, 0xA0E3, 0xD184,
    0xD184, 0xD184, 0xE226, 0xE226, 0x0000, 0xEB45, 0xEB45, 0xEB45, 0xEB45, 0xEB45, 0xEB45, 0x0000, 0x0000, 0xE226, 0xD184, 0xD184,
    0xD184, 0xA0E3, 0xA0E3, 0x0000, 0xA0C3, 0xA0C3, 0xB944, 0x0000, 0x0000, 0x0001, 0x0001, 0x0001, 0x0001, 0x0001, 0x0001, 0x0001,
    0x0001, 0x0001, 0x0001, 0x0001, 0x0001, 0x0001, 0x0001, 0x0001, 0x0000, 0xC944, 0xC944, 0xA0E3, 0x0000, 0x0000, 0xA0E3, 0xD184,
    0xD184, 0xD184, 0xE226, 0xE226, 0x0000, 0xEB45, 0xEB45, 0xEB45, 0xEB45, 0xEB45, 0xEB45, 0x0000, 0x0000, 0xE226, 0xD184, 0xD184,
    0xD184, 0xA0E3, 0xA0E3, 0x0000, 0xA0C3, 0xA0C3, 0xB944, 0x0000, 0x0000, 0x0001, 0x0001, 0x0001, 0x0001, 0x0001, 0x0001, 0x0001,
    0x0001, 0x0001, 0x0001, 0x0001, 0x0001, 0x0001, 0x0000, 0x0000, 0xEAE4, 0xC944, 0xC944, 0xA0E3, 0x0000, 0x0000, 0x0000, 0xA0E3,
    0xA0E3, 0xC964, 0xD184, 0xD184, 0xD184, 0x0000, 0x0000, 0x0000, 0x0000, 0x0000, 0x0000, 0xD184, 0xD184, 0xD164, 0xA0E3, 0xA0E3,
    0xA0E3, 0x0000, 0x0000, 0x0000, 0xA0E3, 0xA0E3, 0xB124, 0xF345, 0xF345, 0x0000, 0x0001, 0x0001, 0x0001, 0x0001, 0x0001, 0x0001,
    0x0001, 0x0001, 0x0001, 0x0001, 0x0001, 0x0001, 0x0000, 0x0000, 0xF345, 0xF365, 0xF365, 0x0000, 0xC944, 0xC944, 0xD164, 0x0000,
    0x0000, 0x0000, 0xA8E3, 0xA8E3, 0xA8E3, 0xA0E3, 0xA0E3, 0xA0E3, 0xA8E3, 0xA8E3, 0xA8E3, 0xA8E3, 0xA8E3, 0xA8E3, 0x0000, 0x0000,
    0x0000, 0xC964, 0xC964, 0xC944, 0x0000, 0x0000, 0xEB65, 0xEB65, 0xEB65, 0x0000, 0x0001, 0x0001, 0x0001, 0x0001, 0x0001, 0x0001,
    0x0001, 0x0001, 0x0001, 0x0001, 0x0001, 0x0001, 0x0000, 0x0000, 0xF345, 0xF365, 0xF365, 0x0000, 0xC944, 0xC944, 0xD164, 0x0000,
    0x0000, 0x0000, 0xA8E3, 0xA8E3, 0xA8E3, 0xA0E3, 0xA0E3, 0xA0E3, 0xA8E3, 0xA8E3, 0xA8E3, 0xA8E3, 0xA8E3, 0xA8E3, 0x0000, 0x0000,
    0x0000, 0xC964, 0xC964, 0xC944, 0x0000, 0x0000, 0xEB65, 0xEB65, 0xEB65, 0x0000, 0x0001, 0x0001, 0x0001, 0x0001, 0x0001, 0x0001,
    0x0001, 0x0001, 0x0001, 0x0001, 0x0001, 0x0000, 0xB944, 0xB944, 0xF365, 0x0000, 0x0000, 0xF345, 0xEB65, 0xEB65, 0xA8E3, 0xA8E3,
    0xA8E3, 0x0000, 0x0000, 0x0000, 0x0000, 0x0000, 0x0000, 0x0000, 0x0000, 0x0000, 0x0000, 0x0000, 0x0000, 0x0000, 0x0000, 0x0000,
    0xA0E3, 0xA0E3, 0xA0E3, 0xF345, 0xF345, 0xF345, 0x0000, 0xF345, 0xF345, 0xB944, 0x0000, 0x0000, 0x0001, 0x0001, 0x0001, 0x0001,
    0x0001, 0x0001, 0x0001, 0x0001, 0x0001, 0x0000, 0xB944, 0xB944, 0x0000, 0xEB65, 0xEB65, 0xB924, 0x0385, 0x0385, 0xA8E3, 0x0000,
    0x0000, 0x0000, 0x0000, 0x0000, 0x0000, 0xA8E3, 0xA8E3, 0x0000, 0x0000, 0x0000, 0x0000, 0x56FD, 0x56FD, 0x0000, 0x0000, 0x0000,
    0x0000, 0x49C6, 0x49C6, 0x8164, 0xCAC4, 0xCAC4, 0xF345, 0x0000, 0x0000, 0x7267, 0x0144, 0x0144, 0x0001, 0x0001, 0x0001, 0x0001,
    0x0001, 0x0001, 0x0001, 0x0001, 0x0001, 0x0000, 0xB944, 0xB944, 0x0000, 0xEB65, 0xEB65, 0xB924, 0x0385, 0x0385, 0xA8E3, 0x0000,
    0x0000, 0x0000, 0x0000, 0x0000, 0x0000, 0xA8E3, 0xA8E3, 0x0000, 0x0000, 0x0000, 0x0000, 0x56FD, 0x56FD, 0x0000, 0x0000, 0x0000,
    0x0000, 0x49C6, 0x49C6, 0x8164, 0xCAC4, 0xCAC4, 0xF345, 0x0000, 0x0000, 0x7267, 0x0144, 0x0144, 0x0001, 0x0001, 0x0001, 0x0001,
    0x0001, 0x0001, 0x0001, 0x0001, 0x0001, 0x0000, 0x0000, 0x0000, 0x0000, 0xA0E3, 0xA0E3, 0xEB65, 0xB124, 0xB124, 0x80C6, 0x0000,
    0x0000, 0x0000, 0x0000, 0x0000, 0x0000, 0x0000, 0x0000, 0x0000, 0x0000, 0x0000, 0x0000, 0x0000, 0x0000, 0x0000, 0x0000, 0x0000,
    0x0000, 0x80C6, 0x80C6, 0xB944, 0xF345, 0xF345, 0xA0E3, 0x0000, 0x0000, 0x0000, 0x0000, 0x0000, 0x0001, 0x0001, 0x0001, 0x0001,
    0x0001, 0x0001, 0x0001, 0x0001, 0x0001, 0x0000, 0x0000, 0x0000, 0xA0E3, 0xEB45, 0xEB45, 0xEB45, 0xEB45, 0xEB45, 0xB944, 0x9083,
    0x9083, 0xD164, 0xA903, 0xA903, 0x0000, 0x0000, 0x0000, 0x0000, 0x0000, 0x0000, 0x0000, 0x0000, 0x0000, 0xA903, 0xC964, 0xC964,
    0xB124, 0xB124, 0xB124, 0xEB65, 0xEB45, 0xEB45, 0xEB65, 0xA0E3, 0xA0E3, 0x0000, 0x0000, 0x0000, 0x0001, 0x0001, 0x0001, 0x0001,
    0x0001, 0x0001, 0x0001, 0x0001, 0x0001, 0x0000, 0x0000, 0x0000, 0xA0E3, 0xEB45, 0xEB45, 0xEB45, 0xEB45, 0xEB45, 0xB944, 0x9083,
    0x9083, 0xD164, 0xA903, 0xA903, 0x0000, 0x0000, 0x0000, 0x0000, 0x0000, 0x0000, 0x0000, 0x0000, 0x0000, 0xA903, 0xC964, 0xC964,
    0xB124, 0xB124, 0xB124, 0xEB65, 0xEB45, 0xEB45, 0xEB65, 0xA0E3, 0xA0E3, 0x0000, 0x0000, 0x0000, 0x0001, 0x0001, 0x0001, 0x0001,
    0x0001, 0x0001, 0x0001, 0x0001, 0x0001, 0x0000, 0xA8E3, 0xA8E3, 0xD164, 0xEB65, 0xEB65, 0xEB45, 0xEB45, 0xEB45, 0xF345, 0xB124,
    0xB124, 0xF365, 0xA8E3, 0xA8E3, 0x0000, 0x0000, 0x0000, 0x0862, 0x0862, 0x0862, 0x0862, 0x0000, 0x0000, 0xA903, 0xF345, 0xF345,
    0xB944, 0xEB45, 0xEB45, 0xEB45, 0xF345, 0xF345, 0xF345, 0xD164, 0xD164, 0xA903, 0x0000, 0x0000, 0x0001, 0x0001, 0x0001, 0x0001,
    0x0001, 0x0001, 0x0001, 0x0001, 0x0001, 0x0000, 0xA903, 0xA903, 0xD184, 0xD185, 0xD185, 0xEB45, 0xEB65, 0xEB65, 0xF365, 0xA903,
    0xA903, 0xD184, 0x80C6, 0x80C6, 0x0000, 0x0001, 0x0001, 0x0001, 0x0001, 0x0001, 0x0001, 0x0000, 0x0000, 0x80C6, 0xD184, 0xD184,
    0xB124, 0xEB65, 0xEB65, 0xEB65, 0xEB65, 0xEB65, 0xD185, 0xD184, 0xD184, 0xA903, 0x0000, 0x0000, 0x0001, 0x0001, 0x0001, 0x0001,
    0x0001, 0x0001, 0x0001, 0x0001, 0x0001, 0x0000, 0xA903, 0xA903, 0xD184, 0xD185, 0xD185, 0xEB45, 0xEB65, 0xEB65, 0xF365, 0xA903,
    0xA903, 0xD184, 0x80C6, 0x80C6, 0x0000, 0x0001, 0x0001, 0x0001, 0x0001, 0x0001, 0x0001, 0x0000, 0x0000, 0x80C6, 0xD184, 0xD184,
    0xB124, 0xEB65, 0xEB65, 0xEB65, 0xEB65, 0xEB65, 0xD185, 0xD184, 0xD184, 0xA903, 0x0000, 0x0000, 0x0001, 0x0001, 0x0001, 0x0001,
    0x0001, 0x0001, 0x0001, 0x0001, 0x0001, 0x0001, 0x0000, 0x0000, 0xA903, 0xD184, 0xD184, 0xF345, 0x0000, 0x0000, 0xB124, 0xA8E3,
    0xA8E3, 0x70A6, 0x80C6, 0x80C6, 0x0000, 0x0001, 0x0001, 0x0001, 0x0001, 0x0001, 0x0001, 0x0000, 0x0000, 0x7086, 0x70A6, 0x70A6,
    0xA8E3, 0xA903, 0xA903, 0x0000, 0xF345, 0xF345, 0xD184, 0xA903, 0xA903, 0x0000, 0x0001, 0x0001, 0x0001, 0x0001, 0x0001, 0x0001,
    0x0001, 0x0001, 0x0001, 0x0001, 0x0001, 0x0001, 0x0000, 0x0000, 0xA903, 0xD164, 0xD164, 0xD184, 0x0000, 0x0000, 0x78C7, 0xA8E3,
    0xA8E3, 0x0000, 0x0001, 0x0001, 0x0000, 0x0001, 0x0001, 0x0001, 0x0001, 0x0001, 0x0001, 0x0001, 0x0001, 0x0000, 0x7086, 0x7086,
    0x29A9, 0xA0E4, 0xA0E4, 0x001D, 0xD184, 0xD184, 0xD1A5, 0xA103, 0xA103, 0x0000, 0x0001, 0x0001, 0x0001, 0x0001, 0x0001, 0x0001,
    0x0001, 0x0001, 0x0001, 0x0001, 0x0001, 0x0001, 0x0000, 0x0000, 0xA903, 0xD164, 0xD164, 0xD184, 0x0000, 0x0000, 0x78C7, 0xA8E3,
    0xA8E3, 0x0000, 0x0001, 0x0001, 0x0000, 0x0001, 0x0001, 0x0001, 0x0001, 0x0001, 0x0001, 0x0001, 0x0001, 0x0000, 0x7086, 0x7086,
    0x29A9, 0xA0E4, 0xA0E4, 0x001D, 0xD184, 0xD184, 0xD1A5, 0xA103, 0xA103, 0x0000, 0x0001, 0x0001, 0x0001, 0x0001, 0x0001, 0x0001,
    0x0001, 0x0001, 0x0001, 0x0001, 0x0001, 0x0001, 0x0000, 0x0000, 0x0000, 0xC964, 0xC964, 0xD184, 0x7086, 0x7086, 0x0000, 0x0001,
    0x0001, 0x0001, 0x0001, 0x0001, 0x0001, 0x0001, 0x0001, 0x0001, 0x0001, 0x0001, 0x0001, 0x0001, 0x0001, 0x0001, 0x0001, 0x0001,
    0x0001, 0x0000, 0x0000, 0x70A6, 0xC964, 0xC964, 0xC964, 0x0000, 0x0000, 0x0000, 0x0001, 0x0001, 0x0001, 0x0001, 0x0001, 0x0001,
    0x0001, 0x0001, 0x0001, 0x0001, 0x0001, 0x0001, 0x0001, 0x0001, 0x07E0, 0xA903, 0xA903, 0xC985, 0xA903, 0xA903, 0x0000, 0x0001,
    0x0001, 0x0001, 0x0001, 0x0001, 0x0001, 0x0001, 0x0001, 0x0001, 0x0001, 0x0001, 0x0001, 0x0001, 0x0001, 0x0001, 0x0001, 0x0001,
    0x0001, 0x0000, 0x0000, 0xA0E3, 0xA0E4, 0xA0E4, 0xC984, 0x0000, 0x0000, 0x0001, 0x0001, 0x0001, 0x0001, 0x0001, 0x0001, 0x0001,
    0x0001, 0x0001, 0x0001, 0x0001, 0x0001, 0x0001, 0x0001, 0x0001, 0x07E0, 0xA903, 0xA903, 0xC985, 0xA903, 0xA903, 0x0000, 0x0001,
    0x0001, 0x0001, 0x0001, 0x0001, 0x0001, 0x0001, 0x0001, 0x0001, 0x0001, 0x0001, 0x0001, 0x0001, 0x0001, 0x0001, 0x0001, 0x0001,
    0x0001, 0x0000, 0x0000, 0xA0E3, 0xA0E4, 0xA0E4, 0xC984, 0x0000, 0x0000, 0x0001, 0x0001, 0x0001, 0x0001, 0x0001, 0x0001, 0x0001,
    0x0001, 0x0001, 0x0001, 0x0001, 0x0001, 0x0001, 0x0001, 0x0001, 0x0001, 0x0000, 0x0000, 0x0000, 0x78A6, 0x78A6, 0x0000, 0x0001,
    0x0001, 0x0001, 0x0001, 0x0001, 0x0001, 0x0001, 0x0001, 0x0001, 0x0001, 0x0001, 0x0001, 0x0001, 0x0001, 0x0001, 0x0001, 0x0001,
    0x0001, 0x0000, 0x0000, 0x7086, 0x0000, 0x0000, 0x0000, 0x0001, 0x0001, 0x0001, 0x0001, 0x0001, 0x0001, 0x0001, 0x0001, 0x0001,
    0x0001, 0x0001, 0x0001, 0x0001, 0x0001, 0x0001, 0x0001, 0x0001, 0x0001, 0x0001, 0x0001, 0x0001, 0x0000, 0x0000, 0x0001, 0x0001,
    0x0001, 0x0001, 0x0001, 0x0001, 0x0001, 0x0001, 0x0001, 0x0001, 0x0001, 0x0001, 0x0001, 0x0001, 0x0001, 0x0001, 0x0001, 0x0001,
    0x0001, 0x0001, 0x0001, 0x0000, 0x0001, 0x0001, 0x0001, 0x0001, 0x0001, 0x0001, 0x0001, 0x0001, 0x0001, 0x0001, 0x0001, 0x0001,
    0x0001, 0x0001, 0x0001, 0x0001, 0x0001, 0x0001, 0x0001, 0x0001, 0x0001, 0x0001, 0x0001, 0x0001, 0x0000, 0x0000, 0x0001, 0x0001,
    0x0001, 0x0001, 0x0001, 0x0001, 0x0001, 0x0001, 0x0001, 0x0001, 0x0001, 0x0001, 0x0001, 0x0001, 0x0001, 0x0001, 0x0001, 0x0001,
    0x0001, 0x0001, 0x0001, 0x0000, 0x0001, 0x0001, 0x0001, 0x0001, 0x0001, 0x0001, 0x0001, 0x0001, 0x0001, 0x0001, 0x0001, 0x0001,
    0x0001, 0x0001, 0x0001, 0x0001, 0x0001, 0x0001, 0x0001, 0x0001, 0x0001, 0x0001, 0x0001, 0x0001, 0x0001, 0x0001, 0x0001, 0x0001,
    0x0001, 0x0001, 0x0001, 0x0001, 0x0001, 0x0001, 0x0001, 0x0001, 0x0001, 0x0001, 0x0001, 0x0001, 0x0001, 0x0001, 0x0001, 0x0001,
    0x0001, 0x0001, 0x0001, 0x0001, 0x0001, 0x0001, 0x0001, 0x0001, 0x0001, 0x0001, 0x0001, 0x0001, 0x0001, 0x0001, 0x0001, 0x0001
  }
};

static_assert(sizeof(STATUS_BUSY_FRAMES) ==
              STATUS_BUSY_FRAME_COUNT * STATUS_ICON_WIDTH * STATUS_ICON_HEIGHT * sizeof(uint16_t));

constexpr uint8_t STATUS_WARNING_FRAME_COUNT = 4;
const uint16_t STATUS_WARNING_FRAMES[STATUS_WARNING_FRAME_COUNT]
                                 [STATUS_ICON_WIDTH * STATUS_ICON_HEIGHT] PROGMEM = {
  {
    0x0001, 0x0001, 0x0001, 0x0001, 0x0001, 0x0001, 0x0001, 0x0001, 0x0001, 0x0001, 0x0001, 0x0001, 0x0001, 0x0001, 0x0001, 0x0001,
    0x0001, 0x0001, 0x0001, 0x0001, 0x0001, 0x0001, 0x0001, 0x0001, 0x0001, 0x0001, 0x0001, 0x0001, 0x0001, 0x0001, 0x0001, 0x0001,
    0x0001, 0x0001, 0x0001, 0x0001, 0x0001, 0x0001, 0x0001, 0x0001, 0x0001, 0x0001, 0x0001, 0x0001, 0x0001, 0x0001, 0x0001, 0x0001,
    0x0001, 0x0001, 0x0001, 0x0001, 0x0001, 0x0001, 0x0001, 0x0001, 0x0001, 0x0001, 0x0001, 0x0001, 0x0001, 0x0001, 0x0001, 0x0001,
    0x0001, 0x0001, 0x0001, 0x0001, 0x0001, 0x0001, 0x0001, 0x0001, 0x0001, 0x0001, 0x0001, 0x0001, 0x0001, 0x0001, 0x0001, 0x0001,
    0x0001, 0x0001, 0x0001, 0x0001, 0x0001, 0x0001, 0x0001, 0x0001, 0x0001, 0x0001, 0x0001, 0x0001, 0x0001, 0x0001, 0x0001, 0x0001,
    0x0001, 0x0001, 0x0001, 0x0001, 0x0001, 0x0001, 0x0001, 0x0001, 0x0001, 0x0001, 0x0001, 0x0001, 0x0001, 0x0001, 0x0001, 0x0000,
    0x0000, 0x0000, 0x0001, 0x0001, 0x0001, 0x0001, 0x0001, 0x0001, 0x0001, 0x0001, 0x0001, 0x0001, 0x0001, 0x0001, 0x0000, 0x0000,
    0x0000, 0x0001, 0x0001, 0x0001, 0x0001, 0x0001, 0x0001, 0x0001, 0x0001, 0x0001, 0x0001, 0x0001, 0x0001, 0x0001, 0x0001, 0x0001,
    0x0001, 0x0001, 0x0001, 0x0001, 0x0001, 0x0001, 0x0001, 0x0001, 0x0001, 0x0001, 0x0001, 0x0001, 0x0001, 0x0001, 0x0000, 0xAE9F,
    0xAE9F, 0xAE9F, 0x0000, 0x0000, 0x0001, 0x0001, 0x0001, 0x0001, 0x0001, 0x0001, 0x0001, 0x0001, 0x0001, 0x0000, 0xAE9F, 0xAE9F,
    0xAE9F, 0x0000, 0x0000, 0x0001, 0x0001, 0x0001, 0x0001, 0x0001, 0x0001, 0x0001, 0x0001, 0x0001, 0x0001, 0x0001, 0x0001, 0x0001,
    0x0001, 0x0001, 0x0001, 0x0001, 0x0001, 0x0001, 0x0001, 0x0001, 0x0001, 0x0001, 0x0001, 0x0001, 0x0001, 0x0001, 0x0000, 0xAE9F,
    0xAE9F, 0xAE9F, 0x0000, 0x0000, 0x0001, 0x0001, 0x0001, 0x0001, 0x0001, 0x0001, 0x0001, 0x0001, 0x0001, 0x0000, 0xAE9F, 0xAE9F,
    0xAE9F, 0x0000, 0x0000, 0x0001, 0x0001, 0x0001, 0x0001, 0x0001, 0x0001, 0x0001, 0x0001, 0x0001, 0x0001, 0x0001, 0x0001, 0x0001,
    0x0001, 0x0001, 0x0001, 0x0001, 0x0001, 0x0001, 0x0001, 0x0001, 0x0001, 0x0001, 0x0001, 0x0001, 0x0001, 0x0001, 0x0000, 0x496A,
    0x496A, 0xB98F, 0x0000, 0x0000, 0x0001, 0x0001, 0x0001, 0x0001, 0x0001, 0x0001, 0x0001, 0x0001, 0x0001, 0x0000, 0x6359, 0x6359,
    0x9491, 0x0000, 0x0000, 0x0001, 0x0001, 0x0001, 0x0001, 0x0001, 0x0001, 0x0001, 0x0001, 0x0001, 0x0001, 0x0001, 0x0001, 0x0001,
    0x0001, 0x0001, 0x0001, 0x0001, 0x0001, 0x0001, 0x0001, 0x0001, 0x0001, 0x0001, 0x0001, 0x0001, 0x0001, 0x0001, 0x0001, 0x0001,
    0x0001, 0x0000, 0x6379, 0x6379, 0x0000, 0x0000, 0x0000, 0x0000, 0x0000, 0x0000, 0x0000, 0x0000, 0x0000, 0x6359, 0x0000, 0x0000,
    0x0001, 0x0001, 0x0001, 0x0001, 0x0001, 0x0001, 0x0001, 0x0001, 0x0001, 0x0001, 0x0001, 0x0001, 0x0001, 0x0001, 0x0001, 0x0001,
    0x0001, 0x0001, 0x0001, 0x0001, 0x0001, 0x0001, 0x0001, 0x0001, 0x0001, 0x0001, 0x0001, 0x0001, 0x0001, 0x0001, 0x0001, 0x0001,
    0x0001, 0x0000, 0x6379, 0x6379, 0x0000, 0x0000, 0x0000, 0x0000, 0x0000, 0x0000, 0x0000, 0x0000, 0x0000, 0x6359, 0x0000, 0x0000,
    0x0001, 0x0001, 0x0001, 0x0001, 0x0001, 0x0001, 0x0001, 0x0001, 0x0001, 0x0001, 0x0001, 0x0001, 0x0001, 0x0001, 0x0001, 0x0001,
    0x0001, 0x0001, 0x0001, 0x0001, 0x0001, 0x0001, 0x0001, 0x0001, 0x0001, 0x0001, 0x0001, 0x0001, 0x0001, 0x0001, 0x0001, 0x0001,
    0x0001, 0x0000, 0x0000, 0x0000, 0xF345, 0xF344, 0xF344, 0xEB45, 0xF345, 0xF345, 0xF345, 0xF344, 0xF344, 0x0000, 0x0000, 0x0000,
    0x0001, 0x0001, 0x0001, 0x0001, 0x0001, 0x0001, 0x0001, 0x0001, 0x0001, 0x0001, 0x0001, 0x0001, 0x0001, 0x0001, 0x0001, 0x0001,
    0x0001, 0x0001, 0x0001, 0x0001, 0x0001, 0x0001, 0x0001, 0x0001, 0x0001, 0x0001, 0x0001, 0x0001, 0x0001, 0x0001, 0x0001, 0x0000,
    0x0000, 0xD164, 0x0000, 0x0000, 0xEB45, 0x046B, 0x046B, 0xEBE8, 0xEB45, 0xEB45, 0xF281, 0xE25E, 0xE25E, 0xD189, 0x07E0, 0x07E0,
    0x2E9B, 0x0001, 0x0001, 0x0001, 0x0001, 0x0001, 0x0001, 0x0001, 0x0001, 0x0001, 0x0001, 0x0001, 0x0001, 0x0001, 0x0001, 0x0001,
    0x0001, 0x0001, 0x0001, 0x0001, 0x0001, 0x0001, 0x0001, 0x0001, 0x0001, 0x0001, 0x0001, 0x0001, 0x0001, 0x0001, 0x0001, 0x0000,
    0x0000, 0xD164, 0x0000, 0x0000, 0xEB45, 0x046B, 0x046B, 0xEBE8, 0xEB45, 0xEB45, 0xF281, 0xE25E, 0xE25E, 0xD189, 0x07E0, 0x07E0,
    0x2E9B, 0x0001, 0x0001, 0x0001, 0x0001, 0x0001, 0x0001, 0x0001, 0x0001, 0x0001, 0x0001, 0x0001, 0x0001, 0x0001, 0x0001, 0x0001,
    0x0001, 0x0001, 0x0001, 0x0001, 0x0001, 0x0001, 0x0001, 0x0001, 0x0001, 0x0001, 0x0001, 0x0001, 0x0001, 0x0001, 0x0000, 0xA903,
    0xA903, 0xD184, 0x19C0, 0x19C0, 0xEB45, 0x046B, 0x046B, 0xEBE8, 0xEB45, 0xEB45, 0xF2A1, 0xE23E, 0xE23E, 0xEB49, 0x07E0, 0x07E0,
    0xD79F, 0x0001, 0x0001, 0x0001, 0x0001, 0x0001, 0x0001, 0x0001, 0x0001, 0x0001, 0x0001, 0x0001, 0x0001, 0x0001, 0x0001, 0x0001,
    0x0001, 0x0001, 0x0001, 0x0001, 0x0001, 0x0001, 0x0001, 0x0001, 0x0001, 0x0001, 0x0001, 0x0001, 0x0000, 0x0000, 0xA0E3, 0xEB45,
    0xEB45, 0xEB45, 0xA0E3, 0xA0E3, 0xF345, 0xF344, 0xF344, 0xEB45, 0xEB45, 0xEB45, 0xEB65, 0xEB45, 0xEB45, 0xA0E3, 0xEB45, 0xEB45,
    0xEB45, 0xA903, 0xA903, 0x0000, 0x0001, 0x0001, 0x0001, 0x0001, 0x0001, 0x0001, 0x0001, 0x0001, 0x0001, 0x0001, 0x0001, 0x0001,
    0x0001, 0x0001, 0x0001, 0x0001, 0x0001, 0x0001, 0x0001, 0x0001, 0x0001, 0x0001, 0x0001, 0x0001, 0x0000, 0x0000, 0xA0E3, 0xEB45,
    0xEB45, 0xEB45, 0xA0E3, 0xA0E3, 0xF345, 0xF344, 0xF344, 0xEB45, 0xEB45, 0xEB45, 0xEB65, 0xEB45, 0xEB45, 0xA0E3, 0xEB45, 0xEB45,
    0xEB45, 0xA903, 0xA903, 0x0000, 0x0001, 0x0001, 0x0001, 0x0001, 0x0001, 0x0001, 0x0001, 0x0001, 0x0001, 0x0001, 0x0001, 0x0001,
    0x0001, 0x0001, 0x0001, 0x0001, 0x0001, 0x0001, 0x0001, 0x0001, 0x0001, 0x0001, 0x0001, 0x0001, 0x0000, 0x0000, 0xA0E3, 0xEB45,
    0xEB45, 0xA103, 0x70C6, 0x70C6, 0xA0E2, 0xEB45, 0xEB45, 0x3D86, 0xEB25, 0xEB25, 0xA103, 0xF344, 0xF344, 0x68A6, 0xA902, 0xA902,
    0x35A6, 0xA344, 0xA344, 0x0100, 0x0001, 0x0001, 0x0001, 0x0001, 0x0001, 0x0001, 0x0001, 0x0001, 0x0001, 0x0001, 0x0001, 0x0001,
    0x0001, 0x0001, 0x0001, 0x0001, 0x0001, 0x0001, 0x0001, 0x0001, 0x0001, 0x0001, 0x0001, 0x0001, 0x0000, 0x0000, 0xC964, 0xEB65,
    0xEB65, 0xA0E3, 0x3698, 0x3698, 0x001E, 0x70D9, 0x70D9, 0xF324, 0xA0E3, 0xA0E3, 0x3698, 0x4A41, 0x4A41, 0x3698, 0xA902, 0xA902,
    0x35A6, 0xD3C6, 0xD3C6, 0x0100, 0x0001, 0x0001, 0x0001, 0x0001, 0x0001, 0x0001, 0x0001, 0x0001, 0x0001, 0x0001, 0x0001, 0x0001,
    0x0001, 0x0001, 0x0001, 0x0001, 0x0001, 0x0001, 0x0001, 0x0001, 0x0001, 0x0001, 0x0001, 0x0001, 0x0000, 0x0000, 0xC964, 0xEB65,
    0xEB65, 0xA0E3, 0x3698, 0x3698, 0x001E, 0x70D9, 0x70D9, 0xF324, 0xA0E3, 0xA0E3, 0x3698, 0x4A41, 0x4A41, 0x3698, 0xA902, 0xA902,
    0x35A6, 0xD3C6, 0xD3C6, 0x0100, 0x0001, 0x0001, 0x0001, 0x0001, 0x0001, 0x0001, 0x0001, 0x0001, 0x0001, 0x0001, 0x0001, 0x0001,
    0x0001, 0x0001, 0x0001, 0x0001, 0x0001, 0x0001, 0x0001, 0x0001, 0x0001, 0x0001, 0x0001, 0x0000, 0xA0E3, 0xA0E3, 0xD164, 0xD164,
    0xD164, 0xE226, 0xFFDD, 0xFFDD, 0x001E, 0xA099, 0xA099, 0x1BA5, 0xC964, 0xC964, 0x5E58, 0x4A41, 0x4A41, 0xFFDD, 0xE225, 0xE225,
    0x13C5, 0xD3C5, 0xD3C5, 0xAA03, 0x0000, 0x0000, 0x0001, 0x0001, 0x0001, 0x0001, 0x0001, 0x0001, 0x0001, 0x0001, 0x0001, 0x0001,
    0x0001, 0x0001, 0x0001, 0x0001, 0x0001, 0x0001, 0x0001, 0x0001, 0x0001, 0x0001, 0x0001, 0x0000, 0xA903, 0xA903, 0xDA26, 0xD164,
    0xD164, 0xDA26, 0xFFDD, 0xFFDD, 0x5E35, 0xA099, 0xA099, 0x3D66, 0xEB25, 0xEB25, 0x5E37, 0xA078, 0xA078, 0xFFBD, 0xDA25, 0xDA25,
    0x13C5, 0xE468, 0xE468, 0xAA03, 0x0000, 0x0000, 0x0001, 0x0001, 0x0001, 0x0001, 0x0001, 0x0001, 0x0001, 0x0001, 0x0001, 0x0001,
    0x0001, 0x0001, 0x0001, 0x0001, 0x0001, 0x0001, 0x0001, 0x0001, 0x0001, 0x0001, 0x0001, 0x0000, 0xA903, 0xA903, 0xDA26, 0xD164,
    0xD164, 0xDA26, 0xFFDD, 0xFFDD, 0x5E35, 0xA099, 0xA099, 0x3D66, 0xEB25, 0xEB25, 0x5E37, 0xA078, 0xA078, 0xFFBD, 0xDA25, 0xDA25,
    0x13C5, 0xE468, 0xE468, 0xAA03, 0x0000, 0x0000, 0x0001, 0x0001, 0x0001, 0x0001, 0x0001, 0x0001, 0x0001, 0x0001, 0x0001, 0x0001,
    0x0001, 0x0001, 0x0001, 0x0001, 0x0001, 0x0001, 0x0001, 0x0001, 0x0001, 0x0001, 0x0001, 0x0000, 0xA903, 0xA903, 0xD164, 0xEAA8,
    0xEAA8, 0xC964, 0xC964, 0xC964, 0xEB45, 0xF344, 0xF344, 0xEB45, 0xEB45, 0xEB45, 0xEB45, 0xEB45, 0xEB45, 0xC964, 0xC964, 0xC964,
    0xEAA8, 0xD164, 0xD164, 0xA903, 0x0000, 0x0000, 0x0001, 0x0001, 0x0001, 0x0001, 0x0001, 0x0001, 0x0001, 0x0001, 0x0001, 0x0001,
    0x0001, 0x0001, 0x0001, 0x0001, 0x0001, 0x0001, 0x0001, 0x0001, 0x0001, 0x0001, 0x0001, 0x0000, 0xA903, 0xA903, 0xD164, 0xD164,
    0xD164, 0xE226, 0xDA26, 0xDA26, 0x0000, 0xEB45, 0xEB45, 0xEB45, 0xEB45, 0xEB45, 0xEB45, 0x0000, 0x0000, 0xDA26, 0xE226, 0xE226,
    0xD164, 0xD164, 0xD164, 0xA0E3, 0x0000, 0x0000, 0x0001, 0x0001, 0x0001, 0x0001, 0x0001, 0x0001, 0x0001, 0x0001, 0x0001, 0x0001,
    0x0001, 0x0001, 0x0001, 0x0001, 0x0001, 0x0001, 0x0001, 0x0001, 0x0001, 0x0001, 0x0001, 0x0000, 0xA903, 0xA903, 0xD164, 0xD164,
    0xD164, 0xE226, 0xDA26, 0xDA26, 0x0000, 0xEB45, 0xEB45, 0xEB45, 0xEB45, 0xEB45, 0xEB45, 0x0000, 0x0000, 0xDA26, 0xE226, 0xE226,
    0xD164, 0xD164, 0xD164, 0xA0E3, 0x0000, 0x0000, 0x0001, 0x0001, 0x0001, 0x0001, 0x0001, 0x0001, 0x0001, 0x0001, 0x0001, 0x0001,
    0x0001, 0x0001, 0x0001, 0x0001, 0x0001, 0x0001, 0x0001, 0x0001, 0x0001, 0x0000, 0x0000, 0x0000, 0x0000, 0x0000, 0xA0E3, 0xD164,
    0xD164, 0xD164, 0xDA26, 0xDA26, 0xDA06, 0x0000, 0x0000, 0x0000, 0x0000, 0x0000, 0x0000, 0xDA06, 0xDA06, 0xDA26, 0xD164, 0xD164,
    0xD164, 0xA103, 0xA103, 0x0000, 0x0000, 0x0000, 0x0000, 0x0001, 0x0001, 0x0001, 0x0001, 0x0001, 0x0001, 0x0001, 0x0001, 0x0001,
    0x0001, 0x0001, 0x0001, 0x0001, 0x0001, 0x0001, 0x0000, 0x0000, 0xA0E3, 0xEB45, 0xEB45, 0xA0E3, 0x0000, 0x0000, 0x0000, 0xA0E3,
    0xA0E3, 0xA0E3, 0xD164, 0xD164, 0xD164, 0xD184, 0xD184, 0xD164, 0xD184, 0xD184, 0xD184, 0xD164, 0xD164, 0xD164, 0xA0E3, 0xA0E3,
    0xA0E3, 0x0000, 0x0000, 0x0000, 0xA0E3, 0xA0E3, 0xEB65, 0xA0E3, 0xA0E3, 0x0000, 0x0001, 0x0001, 0x0001, 0x0001, 0x0001, 0x0001,
    0x0001, 0x0001, 0x0001, 0x0001, 0x0001, 0x0001, 0x0000, 0x0000, 0xA0E3, 0xEB45, 0xEB45, 0xA0E3, 0x0000, 0x0000, 0x0000, 0xA0E3,
    0xA0E3, 0xA0E3, 0xD164, 0xD164, 0xD164, 0xD184, 0xD184, 0xD164, 0xD184, 0xD184, 0xD184, 0xD164, 0xD164, 0xD164, 0xA0E3, 0xA0E3,
    0xA0E3, 0x0000, 0x0000, 0x0000, 0xA0E3, 0xA0E3, 0xEB65, 0xA0E3, 0xA0E3, 0x0000, 0x0001, 0x0001, 0x0001, 0x0001, 0x0001, 0x0001,
    0x0001, 0x0001, 0x0001, 0x0001, 0x0001, 0x0001, 0x0000, 0x0000, 0x70C7, 0xA901, 0xA901, 0x0000, 0xA0E3, 0xA0E3, 0x2061, 0xDF9F,
    0xDF9F, 0xA0E3, 0x7987, 0x7987, 0xC964, 0xD184, 0xD184, 0xD164, 0xD184, 0xD184, 0xD184, 0xD164, 0xD164, 0xD164, 0x0000, 0x0000,
    0xA0E3, 0xC964, 0xC964, 0xDF9F, 0x07E0, 0x07E0, 0x5103, 0x7086, 0x7086, 0x0000, 0x0001, 0x0001, 0x0001, 0x0001, 0x0001, 0x0001,
    0x0001, 0x0001, 0x0001, 0x0001, 0x0001, 0x0000, 0xA103, 0xA103, 0xA0E3, 0x0000, 0x0000, 0xEB65, 0xEB65, 0xEB65, 0xA903, 0xA0E3,
    0xA0E3, 0x0000, 0x0000, 0x0000, 0x0000, 0x0000, 0x0000, 0x0000, 0x0000, 0x0000, 0x0000, 0x0000, 0x0000, 0x0000, 0x0000, 0x0000,
    0xA0E3, 0xA0E3, 0xA0E3, 0xEB65, 0xEB45, 0xEB45, 0x0000, 0xB124, 0xB124, 0xA103, 0x0000, 0x0000, 0x0001, 0x0001, 0x0001, 0x0001,
    0x0001, 0x0001, 0x0001, 0x0001, 0x0001, 0x0000, 0xA103, 0xA103, 0xA0E3, 0x0000, 0x0000, 0xEB65, 0xEB65, 0xEB65, 0xA903, 0xA0E3,
    0xA0E3, 0x0000, 0x0000, 0x0000, 0x0000, 0x0000, 0x0000, 0x0000, 0x0000, 0x0000, 0x0000, 0x0000, 0x0000, 0x0000, 0x0000, 0x0000,
    0xA0E3, 0xA0E3, 0xA0E3, 0xEB65, 0xEB45, 0xEB45, 0x0000, 0xB124, 0xB124, 0xA103, 0x0000, 0x0000, 0x0001, 0x0001, 0x0001, 0x0001,
    0x0001, 0x0001, 0x0001, 0x0001, 0x0001, 0x0000, 0xA0E3, 0xA0E3, 0x0000, 0xEB45, 0xEB45, 0xA103, 0xA0E3, 0xA0E3, 0xA0E3, 0x0000,
    0x0000, 0x0000, 0x0000, 0x0000, 0x0000, 0xA903, 0xA903, 0xA903, 0xA903, 0xA903, 0xA903, 0x0000, 0x0000, 0x0000, 0x0000, 0x0000,
    0x0000, 0xA0E3, 0xA0E3, 0xA0E3, 0xA0E3, 0xA0E3, 0xEB45, 0x0000, 0x0000, 0xA903, 0x0000, 0x0000, 0x0001, 0x0001, 0x0001, 0x0001,
    0x0001, 0x0001, 0x0001, 0x0000, 0x0000, 0x78C7, 0x0000, 0x0000, 0x0000, 0xA0E3, 0xA0E3, 0xA0E3, 0xEB45, 0xEB45, 0x7884, 0x0000,
    0x0000, 0x0001, 0x0000, 0x0000, 0x0000, 0x0000, 0x0000, 0x0000, 0x0000, 0x0000, 0x0000, 0x0000, 0x0000, 0x0000, 0x0001, 0x0001,
    0x0000, 0x78A5, 0x78A5, 0xEB04, 0xA903, 0xA903, 0xA8E3, 0x0000, 0x0000, 0x0000, 0x78C7, 0x78C7, 0x0000, 0x0001, 0x0001, 0x0001,
    0x0001, 0x0001, 0x0001, 0x0000, 0x0000, 0x78C7, 0x0000, 0x0000, 0x0000, 0xA0E3, 0xA0E3, 0xA0E3, 0xEB45, 0xEB45, 0x7884, 0x0000,
    0x0000, 0x0001, 0x0000, 0x0000, 0x0000, 0x0000, 0x0000, 0x0000, 0x0000, 0x0000, 0x0000, 0x0000, 0x0000, 0x0000, 0x0001, 0x0001,
    0x0000, 0x78A5, 0x78A5, 0xEB04, 0xA903, 0xA903, 0xA8E3, 0x0000, 0x0000, 0x0000, 0x78C7, 0x78C7, 0x0000, 0x0001, 0x0001, 0x0001,
    0x0001, 0x0001, 0x0001, 0x0000, 0x0000, 0xA103, 0x0000, 0x0000, 0xA0E3, 0xEB45, 0xEB45, 0xA0E3, 0xF345, 0xF345, 0xF345, 0xA643,
    0xA643, 0x5F1D, 0x78C7, 0x78C7, 0xFFE0, 0x0000, 0x0000, 0x0000, 0xF800, 0xF800, 0x0000, 0x0000, 0x0000, 0xFFC0, 0x8F7A, 0x8F7A,
    0xA0E3, 0xC305, 0xC305, 0xEB04, 0xF344, 0xF344, 0xA903, 0xADA3, 0xADA3, 0x5F1D, 0xA103, 0xA103, 0x0000, 0x0001, 0x0001, 0x0001,
    0x0001, 0x0001, 0x0001, 0x0000, 0x0000, 0xA903, 0x0000, 0x0000, 0xC964, 0xEB45, 0xEB45, 0xA0E3, 0xEB45, 0xEB45, 0xA0E3, 0xF084,
    0xF084, 0x0000, 0x0000, 0x0000, 0xFFE0, 0x285D, 0x285D, 0x285D, 0x305D, 0x305D, 0x305D, 0x0000, 0x0000, 0x8F59, 0x307D, 0x307D,
    0xF344, 0x80C3, 0x80C3, 0xEB25, 0xF344, 0xF344, 0xA904, 0xCE24, 0xCE24, 0x5F1D, 0xA103, 0xA103, 0x0000, 0x0001, 0x0001, 0x0001,
    0x0001, 0x0001, 0x0001, 0x0000, 0x0000, 0xA903, 0x0000, 0x0000, 0xC964, 0xEB45, 0xEB45, 0xA0E3, 0xEB45, 0xEB45, 0xA0E3, 0xF084,
    0xF084, 0x0000, 0x0000, 0x0000, 0xFFE0, 0x285D, 0x285D, 0x285D, 0x305D, 0x305D, 0x305D, 0x0000, 0x0000, 0x8F59, 0x307D, 0x307D,
    0xF344, 0x80C3, 0x80C3, 0xEB25, 0xF344, 0xF344, 0xA904, 0xCE24, 0xCE24, 0x5F1D, 0xA103, 0xA103, 0x0000, 0x0001, 0x0001, 0x0001,
    0x0001, 0x0001, 0x0001, 0x0000, 0x0000, 0x0000, 0xA0E3, 0xA0E3, 0xD164, 0xEB45, 0xEB45, 0xA903, 0xEB45, 0xEB45, 0xA903, 0xF085,
    0xF085, 0x2881, 0x0700, 0x0700, 0x0001, 0x285D, 0x285D, 0x285D, 0x305D, 0x305D, 0x305D, 0x0001, 0x0001, 0x8F5A, 0x58FE, 0x58FE,
    0xF344, 0x4866, 0x4866, 0x3323, 0xEB44, 0xEB44, 0xA903, 0xD624, 0xD624, 0xF800, 0x0000, 0x0000, 0x0000, 0x0001, 0x0001, 0x0001,
    0x0001, 0x0001, 0x0001, 0x0000, 0x0000, 0x0000, 0xA103, 0xA103, 0xD184, 0xD164, 0xD164, 0xA903, 0xFFE0, 0xFFE0, 0x78C7, 0xD6C4,
    0xD6C4, 0x2881, 0xA003, 0xA003, 0x8739, 0x285D, 0x285D, 0x0001, 0x0001, 0x0001, 0x0001, 0x001D, 0x001D, 0x283D, 0x58FE, 0x58FE,
    0xD184, 0x5087, 0x5087, 0x47DE, 0xEB45, 0xEB45, 0x8F43, 0xD644, 0xD644, 0xF800, 0x0000, 0x0000, 0x0000, 0x0001, 0x0001, 0x0001,
    0x0001, 0x0001, 0x0001, 0x0000, 0x0000, 0x0000, 0xA103, 0xA103, 0xD184, 0xD164, 0xD164, 0xA903, 0xFFE0, 0xFFE0, 0x78C7, 0xD6C4,
    0xD6C4, 0x2881, 0xA003, 0xA003, 0x8739, 0x285D, 0x285D, 0x0001, 0x0001, 0x0001, 0x0001, 0x001D, 0x001D, 0x283D, 0x58FE, 0x58FE,
    0xD184, 0x5087, 0x5087, 0x47DE, 0xEB45, 0xEB45, 0x8F43, 0xD644, 0xD644, 0xF800, 0x0000, 0x0000, 0x0000, 0x0001, 0x0001, 0x0001,
    0x0001, 0x0001, 0x0001, 0x0001, 0x0001, 0x0000, 0xA103, 0xA103, 0xA103, 0xD164, 0xD164, 0x8F43, 0x7086, 0x7086, 0x0000, 0xA643,
    0xA643, 0x2881, 0xA003, 0xA003, 0x8739, 0x285D, 0x285D, 0x0001, 0x0001, 0x0001, 0x0001, 0x001D, 0x001D, 0x285D, 0x58FE, 0x58FE,
    0xA103, 0xDFC0, 0xDFC0, 0xB884, 0xC984, 0xC984, 0x8F43, 0xA5A3, 0xA5A3, 0xF820, 0x0000, 0x0000, 0x0001, 0x0001, 0x0001, 0x0001,
    0x0001, 0x0001, 0x0001, 0x0001, 0x0001, 0x0001, 0x0000, 0x0000, 0xA103, 0xC964, 0xC964, 0x8723, 0x80A6, 0x80A6, 0x0000, 0x0540,
    0x0540, 0x0000, 0xA003, 0xA003, 0x8739, 0x285D, 0x285D, 0x0001, 0x0001, 0x0001, 0x0001, 0x001D, 0x001D, 0x283D, 0x307D, 0x307D,
    0x0000, 0xDFC0, 0xDFC0, 0xB864, 0xC984, 0xC984, 0x7703, 0xA5A3, 0xA5A3, 0x5F1D, 0x0001, 0x0001, 0x0001, 0x0001, 0x0001, 0x0001,
    0x0001, 0x0001, 0x0001, 0x0001, 0x0001, 0x0001, 0x0000, 0x0000, 0xA103, 0xC964, 0xC964, 0x8723, 0x80A6, 0x80A6, 0x0000, 0x0540,
    0x0540, 0x0000, 0xA003, 0xA003, 0x8739, 0x285D, 0x285D, 0x0001, 0x0001, 0x0001, 0x0001, 0x001D, 0x001D, 0x283D, 0x307D, 0x307D,
    0x0000, 0xDFC0, 0xDFC0, 0xB864, 0xC984, 0xC984, 0x7703, 0xA5A3, 0xA5A3, 0x5F1D, 0x0001, 0x0001, 0x0001, 0x0001, 0x0001, 0x0001,
    0x0001, 0x0001, 0x0001, 0x0001, 0x0001, 0x0001, 0x0001, 0x0001, 0x0000, 0xA0E3, 0xA0E3, 0xA103, 0xA903, 0xA903, 0x98E3, 0x0000,
    0x0000, 0x0000, 0x0000, 0x0000, 0x0001, 0x0001, 0x0001, 0x0001, 0x0001, 0x0001, 0x0001, 0x0001, 0x0001, 0x0000, 0x0000, 0x0000,
    0x0001, 0x78C7, 0x78C7, 0xA0E3, 0xA103, 0xA103, 0xA903, 0x0000, 0x0000, 0x0001, 0x0001, 0x0001, 0x0001, 0x0001, 0x0001, 0x0001,
    0x0001, 0x0001, 0x0001, 0x0001, 0x0001, 0x0001, 0x0001, 0x0001, 0x0001, 0x0000, 0x0000, 0x0000, 0x0000, 0x0000, 0x0000, 0x0001,
    0x0001, 0x0001, 0x0001, 0x0001, 0x0001, 0x0001, 0x0001, 0x0001, 0x0001, 0x0001, 0x0001, 0x0001, 0x0001, 0x0001, 0x0001, 0x0001,
    0x0001, 0x0000, 0x0000, 0x0000, 0x0000, 0x0000, 0x0000, 0x0001, 0x0001, 0x0001, 0x0001, 0x0001, 0x0001, 0x0001, 0x0001, 0x0001,
    0x0001, 0x0001, 0x0001, 0x0001, 0x0001, 0x0001, 0x0001, 0x0001, 0x0001, 0x0000, 0x0000, 0x0000, 0x0000, 0x0000, 0x0000, 0x0001,
    0x0001, 0x0001, 0x0001, 0x0001, 0x0001, 0x0001, 0x0001, 0x0001, 0x0001, 0x0001, 0x0001, 0x0001, 0x0001, 0x0001, 0x0001, 0x0001,
    0x0001, 0x0000, 0x0000, 0x0000, 0x0000, 0x0000, 0x0000, 0x0001, 0x0001, 0x0001, 0x0001, 0x0001, 0x0001, 0x0001, 0x0001, 0x0001,
    0x0001, 0x0001, 0x0001, 0x0001, 0x0001, 0x0001, 0x0001, 0x0001, 0x0001, 0x0001, 0x0001, 0x0001, 0x0001, 0x0001, 0x0001, 0x0001,
    0x0001, 0x0001, 0x0001, 0x0001, 0x0001, 0x0001, 0x0001, 0x0001, 0x0001, 0x0001, 0x0001, 0x0001, 0x0001, 0x0001, 0x0001, 0x0001,
    0x0001, 0x0001, 0x0001, 0x0001, 0x0001, 0x0001, 0x0001, 0x0001, 0x0001, 0x0001, 0x0001, 0x0001, 0x0001, 0x0001, 0x0001, 0x0001,
    0x0001, 0x0001, 0x0001, 0x0001, 0x0001, 0x0001, 0x0001, 0x0001, 0x0001, 0x0001, 0x0001, 0x0001, 0x0001, 0x0001, 0x0001, 0x0001,
    0x0001, 0x0001, 0x0001, 0x0001, 0x0001, 0x0001, 0x0001, 0x0001, 0x0001, 0x0001, 0x0001, 0x0001, 0x0001, 0x0001, 0x0001, 0x0001,
    0x0001, 0x0001, 0x0001, 0x0001, 0x0001, 0x0001, 0x0001, 0x0001, 0x0001, 0x0001, 0x0001, 0x0001, 0x0001, 0x0001, 0x0001, 0x0001,
    0x0001, 0x0001, 0x0001, 0x0001, 0x0001, 0x0001, 0x0001, 0x0001, 0x0001, 0x0001, 0x0001, 0x0001, 0x0001, 0x0001, 0x0001, 0x0001,
    0x0001, 0x0001, 0x0001, 0x0001, 0x0001, 0x0001, 0x0001, 0x0001, 0x0001, 0x0001, 0x0001, 0x0001, 0x0001, 0x0001, 0x0001, 0x0001,
    0x0001, 0x0001, 0x0001, 0x0001, 0x0001, 0x0001, 0x0001, 0x0001, 0x0001, 0x0001, 0x0001, 0x0001, 0x0001, 0x0001, 0x0001, 0x0001,
    0x0001, 0x0001, 0x0001, 0x0001, 0x0001, 0x0001, 0x0001, 0x0001, 0x0001, 0x0001, 0x0001, 0x0001, 0x0001, 0x0001, 0x0001, 0x0001,
    0x0001, 0x0001, 0x0001, 0x0001, 0x0001, 0x0001, 0x0001, 0x0001, 0x0001, 0x0001, 0x0001, 0x0001, 0x0001, 0x0001, 0x0001, 0x0001,
    0x0001, 0x0001, 0x0001, 0x0001, 0x0001, 0x0001, 0x0001, 0x0001, 0x0001, 0x0001, 0x0001, 0x0001, 0x0001, 0x0001, 0x0001, 0x0001
  },
  {
    0x0001, 0x0001, 0x0001, 0x0001, 0x0001, 0x0001, 0x0001, 0x0001, 0x0001, 0x0001, 0x0001, 0x0001, 0x0001, 0x0001, 0x0001, 0x0001,
    0x0001, 0x0001, 0x0001, 0x0001, 0x0001, 0x0001, 0x0001, 0x0001, 0x0001, 0x0001, 0x0001, 0x0001, 0x0001, 0x0001, 0x0001, 0x0001,
    0x0001, 0x0001, 0x0001, 0x0001, 0x0001, 0x0001, 0x0001, 0x0001, 0x0001, 0x0001, 0x0001, 0x0001, 0x0001, 0x0001, 0x0001, 0x0001,
    0x0001, 0x0001, 0x0001, 0x0001, 0x0001, 0x0001, 0x0001, 0x0001, 0x0001, 0x0001, 0x0001, 0x0001, 0x0001, 0x0001, 0x0001, 0x0001,
    0x0001, 0x0001, 0x0001, 0x0001, 0x0001, 0x0001, 0x0001, 0x0001, 0x0001, 0x0001, 0x0001, 0x0001, 0x0001, 0x0001, 0x0001, 0x0001,
    0x0001, 0x0001, 0x0001, 0x0001, 0x0001, 0x0001, 0x0001, 0x0001, 0x0001, 0x0001, 0x0001, 0x0001, 0x0001, 0x0001, 0x0001, 0x0001,
    0x0001, 0x0001, 0x0001, 0x0001, 0x0001, 0x0001, 0x0001, 0x0001, 0x0001, 0x0001, 0x0001, 0x0001, 0x0001, 0x0001, 0x0001, 0x0001,
    0x0001, 0x0001, 0x0001, 0x0001, 0x0001, 0x0001, 0x0001, 0x0001, 0x0001, 0x0001, 0x0001, 0x0001, 0x0001, 0x0001, 0x0001, 0x0001,
    0x0001, 0x0001, 0x0001, 0x0001, 0x0001, 0x0001, 0x0001, 0x0001, 0x0001, 0x0001, 0x0001, 0x0001, 0x0001, 0x0001, 0x0001, 0x0001,
    0x0001, 0x0001, 0x0001, 0x0001, 0x0001, 0x0001, 0x0001, 0x0001, 0x0001, 0x0001, 0x0001, 0x0001, 0x0001, 0x0001, 0x0001, 0x0000,
    0x0000, 0x0000, 0x0001, 0x0001, 0x0001, 0x0001, 0x0001, 0x0001, 0x0001, 0x0001, 0x0001, 0x0001, 0x0001, 0x0001, 0x0000, 0x0000,
    0x0000, 0x0001, 0x0001, 0x0001, 0x0001, 0x0001, 0x0001, 0x0001, 0x0001, 0x0001, 0x0001, 0x0001, 0x0001, 0x0001, 0x0001, 0x0001,
    0x0001, 0x0001, 0x0001, 0x0001, 0x0001, 0x0001, 0x0001, 0x0001, 0x0001, 0x0001, 0x0001, 0x0001, 0x0001, 0x0001, 0x0001, 0x0000,
    0x0000, 0x0000, 0x0001, 0x0001, 0x0001, 0x0001, 0x0001, 0x0001, 0x0001, 0x0001, 0x0001, 0x0001, 0x0001, 0x0001, 0x0000, 0x0000,
    0x0000, 0x0001, 0x0001, 0x0001, 0x0001, 0x0001, 0x0001, 0x0001, 0x0001, 0x0001, 0x0001, 0x0001, 0x0001, 0x0001, 0x0001, 0x0001,
    0x0001, 0x0001, 0x0001, 0x0001, 0x0001, 0x0001, 0x0001, 0x0001, 0x0001, 0x0001, 0x0001, 0x0001, 0x0001, 0x0001, 0x0000, 0xAE9F,
    0xAE9F, 0xAE9F, 0x0000, 0x0000, 0x0001, 0x0001, 0x0001, 0x0001, 0x0001, 0x0001, 0x0001, 0x0001, 0x0001, 0x0000, 0xAE9F, 0xAE9F,
    0xAE9F, 0x0000, 0x0000, 0x0001, 0x0001, 0x0001, 0x0001, 0x0001, 0x0001, 0x0001, 0x0001, 0x0001, 0x0001, 0x0001, 0x0001, 0x0001,
    0x0001, 0x0001, 0x0001, 0x0001, 0x0001, 0x0001, 0x0001, 0x0001, 0x0001, 0x0001, 0x0001, 0x0001, 0x0001, 0x0001, 0x0000, 0x496A,
    0x496A, 0x0000, 0x6379, 0x6379, 0x0000, 0x0000, 0x0000, 0x0000, 0x0000, 0x0000, 0x0000, 0x0000, 0x0000, 0x6379, 0x0000, 0x0000,
    0x496A, 0x0000, 0x0000, 0x0001, 0x0001, 0x0001, 0x0001, 0x0001, 0x0001, 0x0001, 0x0001, 0x0001, 0x0001, 0x0001, 0x0001, 0x0001,
    0x0001, 0x0001, 0x0001, 0x0001, 0x0001, 0x0001, 0x0001, 0x0001, 0x0001, 0x0001, 0x0001, 0x0001, 0x0001, 0x0001, 0x0000, 0x496A,
    0x496A, 0x0000, 0x6379, 0x6379, 0x0000, 0x0000, 0x0000, 0x0000, 0x0000, 0x0000, 0x0000, 0x0000, 0x0000, 0x6379, 0x0000, 0x0000,
    0x496A, 0x0000, 0x0000, 0x0001, 0x0001, 0x0001, 0x0001, 0x0001, 0x0001, 0x0001, 0x0001, 0x0001, 0x0001, 0x0001, 0x0001, 0x0001,
    0x0001, 0x0001, 0x0001, 0x0001, 0x0001, 0x0001, 0x0001, 0x0001, 0x0001, 0x0001, 0x0001, 0x0001, 0x0001, 0x0001, 0x0001, 0x0001,
    0x0001, 0x0000, 0x0000, 0x0000, 0xEB65, 0xEB65, 0xEB65, 0xF345, 0xEB65, 0xEB65, 0xEB65, 0xEB65, 0xEB65, 0x0000, 0x0000, 0x0000,
    0x0001, 0x0001, 0x0001, 0x0001, 0x0001, 0x0001, 0x0001, 0x0001, 0x0001, 0x0001, 0x0001, 0x0001, 0x0001, 0x0001, 0x0001, 0x0001,
    0x0001, 0x0001, 0x0001, 0x0001, 0x0001, 0x0001, 0x0001, 0x0001, 0x0001, 0x0001, 0x0001, 0x0001, 0x0001, 0x0001, 0x0001, 0x0000,
    0x0000, 0xD164, 0x0020, 0x0020, 0xEB45, 0xFC6B, 0xFC6B, 0xEC08, 0xEB65, 0xEB65, 0xF2A1, 0xDA7F, 0xDA7F, 0xD169, 0x0020, 0x0020,
    0x2E7B, 0x0001, 0x0001, 0x0001, 0x0001, 0x0001, 0x0001, 0x0001, 0x0001, 0x0001, 0x0001, 0x0001, 0x0001, 0x0001, 0x0001, 0x0001,
    0x0001, 0x0001, 0x0001, 0x0001, 0x0001, 0x0001, 0x0001, 0x0001, 0x0001, 0x0001, 0x0001, 0x0001, 0x0001, 0x0001, 0x0001, 0x0000,
    0x0000, 0xD164, 0x0020, 0x0020, 0xEB45, 0xFC6B, 0xFC6B, 0xEC08, 0xEB65, 0xEB65, 0xF2A1, 0xDA7F, 0xDA7F, 0xD169, 0x0020, 0x0020,
    0x2E7B, 0x0001, 0x0001, 0x0001, 0x0001, 0x0001, 0x0001, 0x0001, 0x0001, 0x0001, 0x0001, 0x0001, 0x0001, 0x0001, 0x0001, 0x0001,
    0x0001, 0x0001, 0x0001, 0x0001, 0x0001, 0x0001, 0x0001, 0x0001, 0x0001, 0x0001, 0x0001, 0x0001, 0x0001, 0x0001, 0x0000, 0xA8E3,
    0xA8E3, 0xD184, 0x19C0, 0x19C0, 0xEB45, 0xFC6B, 0xFC6B, 0xECAB, 0xEC07, 0xEC07, 0xF2C1, 0xDA5F, 0xDA5F, 0xEB49, 0x0000, 0x0000,
    0xDF7E, 0x0001, 0x0001, 0x0001, 0x0001, 0x0001, 0x0001, 0x0001, 0x0001, 0x0001, 0x0001, 0x0001, 0x0001, 0x0001, 0x0001, 0x0001,
    0x0001, 0x0001, 0x0001, 0x0001, 0x0001, 0x0001, 0x0001, 0x0001, 0x0001, 0x0001, 0x0001, 0x0001, 0x0000, 0x0000, 0xA8E3, 0xEB45,
    0xEB45, 0xEB45, 0xEB45, 0xEB45, 0xEB45, 0xEB45, 0xEB45, 0xEB65, 0xEB45, 0xEB45, 0xEB65, 0xEB45, 0xEB45, 0xEB45, 0xEB45, 0xEB45,
    0xEB45, 0xA8E3, 0xA8E3, 0x0000, 0x0001, 0x0001, 0x0001, 0x0001, 0x0001, 0x0001, 0x0001, 0x0001, 0x0001, 0x0001, 0x0001, 0x0001,
    0x0001, 0x0001, 0x0001, 0x0001, 0x0001, 0x0001, 0x0001, 0x0001, 0x0001, 0x0001, 0x0001, 0x0001, 0x0000, 0x0000, 0xA8E3, 0xEB45,
    0xEB45, 0xEB45, 0xEB45, 0xEB45, 0xEB45, 0xEB45, 0xEB45, 0xEB65, 0xEB45, 0xEB45, 0xEB65, 0xEB45, 0xEB45, 0xEB45, 0xEB45, 0xEB45,
    0xEB45, 0xA8E3, 0xA8E3, 0x0000, 0x0001, 0x0001, 0x0001, 0x0001, 0x0001, 0x0001, 0x0001, 0x0001, 0x0001, 0x0001, 0x0001, 0x0001,
    0x0001, 0x0001, 0x0001, 0x0001, 0x0001, 0x0001, 0x0001, 0x0001, 0x0001, 0x0001, 0x0001, 0x0001, 0x0000, 0x0000, 0xA0E3, 0xEB45,
    0xEB45, 0xA903, 0xEB44, 0xEB44, 0x3586, 0xEB45, 0xEB45, 0xEB45, 0xEB45, 0xEB45, 0xEB65, 0xEB65, 0xEB65, 0xA103, 0xEB24, 0xEB24,
    0x35A6, 0xAB45, 0xAB45, 0x00E3, 0x0001, 0x0001, 0x0001, 0x0001, 0x0001, 0x0001, 0x0001, 0x0001, 0x0001, 0x0001, 0x0001, 0x0001,
    0x0001, 0x0001, 0x0001, 0x0001, 0x0001, 0x0001, 0x0001, 0x0001, 0x0001, 0x0001, 0x0001, 0x0001, 0x0000, 0x0000, 0xC944, 0xEB65,
    0xEB65, 0xA903, 0x78FA, 0x78FA, 0x3DB1, 0xEB26, 0xEB26, 0xF345, 0xEB45, 0xEB45, 0xEB65, 0xEB65, 0xEB65, 0x36B8, 0x1D8F, 0x1D8F,
    0x35C7, 0xD3E6, 0xD3E6, 0x0005, 0x0001, 0x0001, 0x0001, 0x0001, 0x0001, 0x0001, 0x0001, 0x0001, 0x0001, 0x0001, 0x0001, 0x0001,
    0x0001, 0x0001, 0x0001, 0x0001, 0x0001, 0x0001, 0x0001, 0x0001, 0x0001, 0x0001, 0x0001, 0x0001, 0x0000, 0x0000, 0xC944, 0xEB65,
    0xEB65, 0xA903, 0x78FA, 0x78FA, 0x3DB1, 0xEB26, 0xEB26, 0xF345, 0xEB45, 0xEB45, 0xEB65, 0xEB65, 0xEB65, 0x36B8, 0x1D8F, 0x1D8F,
    0x35C7, 0xD3E6, 0xD3E6, 0x0005, 0x0001, 0x0001, 0x0001, 0x0001, 0x0001, 0x0001, 0x0001, 0x0001, 0x0001, 0x0001, 0x0001, 0x0001,
    0x0001, 0x0001, 0x0001, 0x0001, 0x0001, 0x0001, 0x0001, 0x0001, 0x0001, 0x0001, 0x0001, 0x0000, 0xA903, 0xA903, 0xC964, 0xD164,
    0xD164, 0xD1A4, 0x421E, 0x421E, 0x94AE, 0x78DB, 0x78DB, 0x13A6, 0x13A6, 0x13A6, 0x711A, 0x4282, 0x4282, 0xFFDD, 0x1D6F, 0x1D6F,
    0x1BE6, 0xD3E6, 0xD3E6, 0xA908, 0x0003, 0x0003, 0x0001, 0x0001, 0x0001, 0x0001, 0x0001, 0x0001, 0x0001, 0x0001, 0x0001, 0x0001,
    0x0001, 0x0001, 0x0001, 0x0001, 0x0001, 0x0001, 0x0001, 0x0001, 0x0001, 0x0001, 0x0001, 0x0000, 0xA903, 0xA903, 0xE226, 0xD164,
    0xD164, 0xE226, 0x421E, 0x421E, 0xEAC5, 0xA0BB, 0xA0BB, 0x1BE6, 0x1BE6, 0x1BE6, 0x98DA, 0x98D9, 0x98D9, 0xFFDD, 0x56D2, 0x56D2,
    0x1BE6, 0xE468, 0xE468, 0xA8E8, 0x0003, 0x0003, 0x0001, 0x0001, 0x0001, 0x0001, 0x0001, 0x0001, 0x0001, 0x0001, 0x0001, 0x0001,
    0x0001, 0x0001, 0x0001, 0x0001, 0x0001, 0x0001, 0x0001, 0x0001, 0x0001, 0x0001, 0x0001, 0x0000, 0xA903, 0xA903, 0xE226, 0xD164,
    0xD164, 0xE226, 0x421E, 0x421E, 0xEAC5, 0xA0BB, 0xA0BB, 0x1BE6, 0x1BE6, 0x1BE6, 0x98DA, 0x98D9, 0x98D9, 0xFFDD, 0x56D2, 0x56D2,
    0x1BE6, 0xE468, 0xE468, 0xA8E8, 0x0003, 0x0003, 0x0001, 0x0001, 0x0001, 0x0001, 0x0001, 0x0001, 0x0001, 0x0001, 0x0001, 0x0001,
    0x0001, 0x0001, 0x0001, 0x0001, 0x0001, 0x0001, 0x0001, 0x0001, 0x0001, 0x0001, 0x0001, 0x0000, 0xA8E3, 0xA8E3, 0xD164, 0xEAA8,
    0xEAA8, 0xC964, 0xC964, 0xC964, 0xEB45, 0xF344, 0xF344, 0xEB45, 0xEB45, 0xEB45, 0xEB45, 0xEB45, 0xEB45, 0xC964, 0xC964, 0xC964,
    0xEAA8, 0xD164, 0xD164, 0xA8E3, 0x0000, 0x0000, 0x0001, 0x0001, 0x0001, 0x0001, 0x0001, 0x0001, 0x0001, 0x0001, 0x0001, 0x0001,
    0x0001, 0x0001, 0x0001, 0x0001, 0x0001, 0x0001, 0x0001, 0x0001, 0x0001, 0x0001, 0x0001, 0x0000, 0xA8E3, 0xA8E3, 0xD164, 0xD164,
    0xD164, 0xE226, 0xDA26, 0xDA26, 0x0000, 0xEB45, 0xEB45, 0xEB45, 0xEB45, 0xEB45, 0xEB45, 0x0000, 0x0000, 0xDA26, 0xE226, 0xE226,
    0xD164, 0xD164, 0xD164, 0xA8E3, 0x0000, 0x0000, 0x0001, 0x0001, 0x0001, 0x0001, 0x0001, 0x0001, 0x0001, 0x0001, 0x0001, 0x0001,
    0x0001, 0x0001, 0x0001, 0x0001, 0x0001, 0x0001, 0x0001, 0x0001, 0x0001, 0x0001, 0x0001, 0x0000, 0xA8E3, 0xA8E3, 0xD164, 0xD164,
    0xD164, 0xE226, 0xDA26, 0xDA26, 0x0000, 0xEB45, 0xEB45, 0xEB45, 0xEB45, 0xEB45, 0xEB45, 0x0000, 0x0000, 0xDA26, 0xE226, 0xE226,
    0xD164, 0xD164, 0xD164, 0xA8E3, 0x0000, 0x0000, 0x0001, 0x0001, 0x0001, 0x0001, 0x0001, 0x0001, 0x0001, 0x0001, 0x0001, 0x0001,
    0x0001, 0x0001, 0x0001, 0x0001, 0x0001, 0x0001, 0x0001, 0x0001, 0x0001, 0x0000, 0x0000, 0x0000, 0x0000, 0x0000, 0xA0E3, 0xD164,
    0xD164, 0xD164, 0xDA26, 0xDA26, 0xDA06, 0x0000, 0x0000, 0x0000, 0x0000, 0x0000, 0x0000, 0xDA06, 0xDA06, 0xDA26, 0xD164, 0xD164,
    0xD164, 0xA103, 0xA103, 0x0000, 0x0000, 0x0000, 0x0000, 0x0001, 0x0001, 0x0001, 0x0001, 0x0001, 0x0001, 0x0001, 0x0001, 0x0001,
    0x0001, 0x0001, 0x0001, 0x0001, 0x0001, 0x0001, 0x0000, 0x0000, 0xA903, 0xEB65, 0xEB65, 0xA903, 0x0000, 0x0000, 0x0000, 0xA0E3,
    0xA0E3, 0xA0E3, 0xD164, 0xD164, 0xD164, 0xD184, 0xD184, 0xD164, 0xD184, 0xD184, 0xD184, 0xD164, 0xD164, 0xD164, 0xA0E3, 0xA0E3,
    0xA0E3, 0x0000, 0x0000, 0x0000, 0xA0E3, 0xA0E3, 0xF345, 0xA903, 0xA903, 0x0000, 0x0001, 0x0001, 0x0001, 0x0001, 0x0001, 0x0001,
    0x0001, 0x0001, 0x0001, 0x0001, 0x0001, 0x0001, 0x0000, 0x0000, 0xA903, 0xEB65, 0xEB65, 0xA903, 0x0000, 0x0000, 0x0000, 0xA0E3,
    0xA0E3, 0xA0E3, 0xD164, 0xD164, 0xD164, 0xD184, 0xD184, 0xD164, 0xD184, 0xD184, 0xD184, 0xD164, 0xD164, 0xD164, 0xA0E3, 0xA0E3,
    0xA0E3, 0x0000, 0x0000, 0x0000, 0xA0E3, 0xA0E3, 0xF345, 0xA903, 0xA903, 0x0000, 0x0001, 0x0001, 0x0001, 0x0001, 0x0001, 0x0001,
    0x0001, 0x0001, 0x0001, 0x0001, 0x0001, 0x0001, 0x0000, 0x0000, 0x78C7, 0xA901, 0xA901, 0x0000, 0xA0E3, 0xA0E3, 0x2061, 0xDF9F,
    0xDF9F, 0xA0E3, 0x7987, 0x7987, 0xC964, 0xD184, 0xD184, 0xD164, 0xD184, 0xD184, 0xD184, 0xD164, 0xD164, 0xD164, 0x0000, 0x0000,
    0xA0E3, 0xC964, 0xC964, 0xDF9F, 0x07E0, 0x07E0, 0x5103, 0x70A6, 0x70A6, 0x0000, 0x0001, 0x0001, 0x0001, 0x0001, 0x0001, 0x0001,
    0x0001, 0x0001, 0x0001, 0x0001, 0x0001, 0x0000, 0xA103, 0xA103, 0xA903, 0x0000, 0x0000, 0xEB65, 0xEB65, 0xEB65, 0xA8E3, 0xA0E3,
    0xA0E3, 0x0000, 0x0000, 0x0000, 0x0000, 0x0000, 0x0000, 0x0000, 0x0000, 0x0000, 0x0000, 0x0000, 0x0000, 0x0000, 0x0000, 0x0000,
    0xA0E3, 0xA103, 0xA103, 0xEB65, 0xEB45, 0xEB45, 0x0000, 0xB124, 0xB124, 0xA103, 0x0000, 0x0000, 0x0001, 0x0001, 0x0001, 0x0001,
    0x0001, 0x0001, 0x0001, 0x0001, 0x0001, 0x0000, 0xA103, 0xA103, 0xA903, 0x0000, 0x0000, 0xEB65, 0xEB65, 0xEB65, 0xA8E3, 0xA0E3,
    0xA0E3, 0x0000, 0x0000, 0x0000, 0x0000, 0x0000, 0x0000, 0x0000, 0x0000, 0x0000, 0x0000, 0x0000, 0x0000, 0x0000, 0x0000, 0x0000,
    0xA0E3, 0xA103, 0xA103, 0xEB65, 0xEB45, 0xEB45, 0x0000, 0xB124, 0xB124, 0xA103, 0x0000, 0x0000, 0x0001, 0x0001, 0x0001, 0x0001,
    0x0001, 0x0001, 0x0001, 0x0000, 0x0000, 0x78A6, 0xA8E3, 0xA8E3, 0x0000, 0xEB45, 0xEB45, 0xA103, 0xA0E3, 0xA0E3, 0xA0E3, 0x0000,
    0x0000, 0x0000, 0x0000, 0x0000, 0x0000, 0xA903, 0xA903, 0xA903, 0xA903, 0xA903, 0xA903, 0x0000, 0x0000, 0x0000, 0x0000, 0x0000,
    0x0000, 0x98E3, 0x98E3, 0xA0E3, 0xA0E3, 0xA0E3, 0xEB45, 0x0000, 0x0000, 0xA903, 0x80C6, 0x80C6, 0x0000, 0x0001, 0x0001, 0x0001,
    0x0001, 0x0001, 0x0001, 0x0000, 0x0000, 0xA903, 0xA8E3, 0xA8E3, 0x0000, 0xA0E3, 0xA0E3, 0xA903, 0xEB45, 0xEB45, 0x3643, 0x00E0,
    0x00E0, 0x0001, 0x0000, 0x0000, 0x0000, 0x0000, 0x0000, 0xA903, 0xA903, 0xA903, 0xA903, 0x0000, 0x0000, 0x0000, 0x0001, 0x0001,
    0x07E0, 0x7884, 0x7884, 0x0B63, 0x66E2, 0x66E2, 0x60E2, 0x0000, 0x0000, 0xA8E3, 0xA903, 0xA903, 0x0000, 0x0001, 0x0001, 0x0001,
    0x0001, 0x0001, 0x0001, 0x0000, 0x0000, 0xA903, 0xA8E3, 0xA8E3, 0x0000, 0xA0E3, 0xA0E3, 0xA903, 0xEB45, 0xEB45, 0x3643, 0x00E0,
    0x00E0, 0x0001, 0x0000, 0x0000, 0x0000, 0x0000, 0x0000, 0xA903, 0xA903, 0xA903, 0xA903, 0x0000, 0x0000, 0x0000, 0x0001, 0x0001,
    0x07E0, 0x7884, 0x7884, 0x0B63, 0x66E2, 0x66E2, 0x60E2, 0x0000, 0x0000, 0xA8E3, 0xA903, 0xA903, 0x0000, 0x0001, 0x0001, 0x0001,
    0x0001, 0x0001, 0x0001, 0x0000, 0x0000, 0xA903, 0x0000, 0x0000, 0xA0E3, 0xEB45, 0xEB45, 0xEB45, 0xF345, 0xF345, 0xEB45, 0xA0E3,
    0xA0E3, 0x0000, 0x78C7, 0x78C7, 0x78C7, 0x78C7, 0x78C7, 0x78C7, 0x78C7, 0x78C7, 0x78C7, 0x78C7, 0x78C7, 0x78C7, 0x0000, 0x0000,
    0xA0E3, 0xEB45, 0xEB45, 0xF344, 0xF344, 0xF344, 0xEB45, 0xA8E3, 0xA8E3, 0x0000, 0xA903, 0xA903, 0x0000, 0x0001, 0x0001, 0x0001,
    0x0001, 0x0001, 0x0001, 0x0000, 0x0000, 0xA903, 0x0000, 0x0000, 0xC964, 0xEB45, 0xEB45, 0xEB45, 0xEB45, 0xEB45, 0xA0E3, 0xEB45,
    0xEB45, 0xA8E3, 0x0000, 0x0000, 0x70A6, 0xA103, 0xA103, 0xA103, 0xA103, 0xA103, 0xA103, 0x78C7, 0x78C7, 0x0000, 0xA0E3, 0xA0E3,
    0xEB45, 0xA8E3, 0xA8E3, 0xEB45, 0xF344, 0xF344, 0xF345, 0xC964, 0xC964, 0x0000, 0xA103, 0xA103, 0x0000, 0x0001, 0x0001, 0x0001,
    0x0001, 0x0001, 0x0001, 0x0000, 0x0000, 0xA903, 0x0000, 0x0000, 0xC964, 0xEB45, 0xEB45, 0xEB45, 0xEB45, 0xEB45, 0xA0E3, 0xEB45,
    0xEB45, 0xA8E3, 0x0000, 0x0000, 0x70A6, 0xA103, 0xA103, 0xA103, 0xA103, 0xA103, 0xA103, 0x78C7, 0x78C7, 0x0000, 0xA0E3, 0xA0E3,
    0xEB45, 0xA8E3, 0xA8E3, 0xEB45, 0xF344, 0xF344, 0xF345, 0xC964, 0xC964, 0x0000, 0xA103, 0xA103, 0x0000, 0x0001, 0x0001, 0x0001,
    0x0001, 0x0001, 0x0001, 0x0000, 0x0000, 0x0000, 0xA903, 0xA903, 0xD164, 0xEB45, 0xEB45, 0xF345, 0xEB45, 0xEB45, 0xA903, 0xF345,
    0xF345, 0xD184, 0x0000, 0x0000, 0x0001, 0x70A4, 0x70A4, 0xA103, 0xA103, 0xA103, 0xA103, 0x0001, 0x0001, 0x0000, 0xD164, 0xD164,
    0xF345, 0x70A6, 0x70A6, 0xEB43, 0xF344, 0xF344, 0xEB45, 0xD184, 0xD184, 0xA903, 0xFFE0, 0xFFE0, 0xA100, 0x0001, 0x0001, 0x0001,
    0x0001, 0x0001, 0x0001, 0x0001, 0x0001, 0x0000, 0xA103, 0xA103, 0xD184, 0xD164, 0xD164, 0xF345, 0xFFE0, 0xFFE0, 0x78C7, 0xD164,
    0xD164, 0xD184, 0xA8E3, 0xA8E3, 0x0000, 0x70A3, 0x70A3, 0x0001, 0x0001, 0x0001, 0x0001, 0x78C3, 0x78C3, 0xA903, 0xD184, 0xD184,
    0xD184, 0x78C7, 0x78C7, 0x001E, 0xEB45, 0xEB45, 0xD184, 0xD184, 0xD184, 0xA103, 0xFFE0, 0xFFE0, 0x0001, 0x0001, 0x0001, 0x0001,
    0x0001, 0x0001, 0x0001, 0x0001, 0x0001, 0x0000, 0xA103, 0xA103, 0xD184, 0xD164, 0xD164, 0xF345, 0xFFE0, 0xFFE0, 0x78C7, 0xD164,
    0xD164, 0xD184, 0xA8E3, 0xA8E3, 0x0000, 0x70A3, 0x70A3, 0x0001, 0x0001, 0x0001, 0x0001, 0x78C3, 0x78C3, 0xA903, 0xD184, 0xD184,
    0xD184, 0x78C7, 0x78C7, 0x001E, 0xEB45, 0xEB45, 0xD184, 0xD184, 0xD184, 0xA103, 0xFFE0, 0xFFE0, 0x0001, 0x0001, 0x0001, 0x0001,
    0x0001, 0x0001, 0x0001, 0x0001, 0x0001, 0x0000, 0xA103, 0xA103, 0xA103, 0xD184, 0xD184, 0xD1A4, 0x70A6, 0x70A6, 0x0000, 0xA103,
    0xA103, 0xD184, 0xA903, 0xA903, 0x0000, 0x70A3, 0x70A3, 0x0001, 0x0001, 0x0001, 0x0001, 0x78C3, 0x78C3, 0xA904, 0xD184, 0xD184,
    0xA103, 0x0000, 0x0000, 0x78A5, 0xD184, 0xD184, 0xD184, 0xA103, 0xA103, 0xA103, 0xFFE0, 0xFFE0, 0x0001, 0x0001, 0x0001, 0x0001,
    0x0001, 0x0001, 0x0001, 0x0001, 0x0001, 0x0001, 0x0000, 0x0000, 0xA103, 0xB944, 0xB944, 0xC964, 0x80A6, 0x80A6, 0x0000, 0x0000,
    0x0000, 0xA103, 0xA103, 0xA103, 0x0000, 0x70A3, 0x70A3, 0x0001, 0x0001, 0x0001, 0x0001, 0x78C3, 0x78C3, 0xA103, 0xA903, 0xA903,
    0x0000, 0x0000, 0x0000, 0x80C4, 0xC964, 0xC964, 0xB944, 0xA103, 0xA103, 0x0000, 0x0001, 0x0001, 0x0001, 0x0001, 0x0001, 0x0001,
    0x0001, 0x0001, 0x0001, 0x0001, 0x0001, 0x0001, 0x0000, 0x0000, 0xA103, 0xB944, 0xB944, 0xC964, 0x80A6, 0x80A6, 0x0000, 0x0000,
    0x0000, 0xA103, 0xA103, 0xA103, 0x0000, 0x70A3, 0x70A3, 0x0001, 0x0001, 0x0001, 0x0001, 0x78C3, 0x78C3, 0xA103, 0xA903, 0xA903,
    0x0000, 0x0000, 0x0000, 0x80C4, 0xC964, 0xC964, 0xB944, 0xA103, 0xA103, 0x0000, 0x0001, 0x0001, 0x0001, 0x0001, 0x0001, 0x0001,
    0x0001, 0x0001, 0x0001, 0x0001, 0x0001, 0x0001, 0x0001, 0x0001, 0x0000, 0xA103, 0xA103, 0xA103, 0xA103, 0xA103, 0x98E3, 0x0001,
    0x0001, 0x0000, 0x0000, 0x0000, 0x0001, 0x0001, 0x0001, 0x0001, 0x0001, 0x0001, 0x0001, 0x0001, 0x0001, 0x0000, 0x0000, 0x0000,
    0x0001, 0x80C6, 0x80C6, 0xA103, 0xA103, 0xA103, 0xA903, 0x0000, 0x0000, 0x0001, 0x0001, 0x0001, 0x0001, 0x0001, 0x0001, 0x0001,
    0x0001, 0x0001, 0x0001, 0x0001, 0x0001, 0x0001, 0x0001, 0x0001, 0x0001, 0x0000, 0x0000, 0x0000, 0x0000, 0x0000, 0x0000, 0x0001,
    0x0001, 0x0001, 0x0001, 0x0001, 0x0001, 0x0001, 0x0001, 0x0001, 0x0001, 0x0001, 0x0001, 0x0001, 0x0001, 0x0001, 0x0001, 0x0001,
    0x0001, 0x0000, 0x0000, 0x0000, 0x0000, 0x0000, 0x0000, 0x0001, 0x0001, 0x0001, 0x0001, 0x0001, 0x0001, 0x0001, 0x0001, 0x0001,
    0x0001, 0x0001, 0x0001, 0x0001, 0x0001, 0x0001, 0x0001, 0x0001, 0x0001, 0x0000, 0x0000, 0x0000, 0x0000, 0x0000, 0x0000, 0x0001,
    0x0001, 0x0001, 0x0001, 0x0001, 0x0001, 0x0001, 0x0001, 0x0001, 0x0001, 0x0001, 0x0001, 0x0001, 0x0001, 0x0001, 0x0001, 0x0001,
    0x0001, 0x0000, 0x0000, 0x0000, 0x0000, 0x0000, 0x0000, 0x0001, 0x0001, 0x0001, 0x0001, 0x0001, 0x0001, 0x0001, 0x0001, 0x0001,
    0x0001, 0x0001, 0x0001, 0x0001, 0x0001, 0x0001, 0x0001, 0x0001, 0x0001, 0x0001, 0x0001, 0x0001, 0x0001, 0x0001, 0x0001, 0x0001,
    0x0001, 0x0001, 0x0001, 0x0001, 0x0001, 0x0001, 0x0001, 0x0001, 0x0001, 0x0001, 0x0001, 0x0001, 0x0001, 0x0001, 0x0001, 0x0001,
    0x0001, 0x0001, 0x0001, 0x0001, 0x0001, 0x0001, 0x0001, 0x0001, 0x0001, 0x0001, 0x0001, 0x0001, 0x0001, 0x0001, 0x0001, 0x0001,
    0x0001, 0x0001, 0x0001, 0x0001, 0x0001, 0x0001, 0x0001, 0x0001, 0x0001, 0x0001, 0x0001, 0x0001, 0x0001, 0x0001, 0x0001, 0x0001,
    0x0001, 0x0001, 0x0001, 0x0001, 0x0001, 0x0001, 0x0001, 0x0001, 0x0001, 0x0001, 0x0001, 0x0001, 0x0001, 0x0001, 0x0001, 0x0001,
    0x0001, 0x0001, 0x0001, 0x0001, 0x0001, 0x0001, 0x0001, 0x0001, 0x0001, 0x0001, 0x0001, 0x0001, 0x0001, 0x0001, 0x0001, 0x0001,
    0x0001, 0x0001, 0x0001, 0x0001, 0x0001, 0x0001, 0x0001, 0x0001, 0x0001, 0x0001, 0x0001, 0x0001, 0x0001, 0x0001, 0x0001, 0x0001,
    0x0001, 0x0001, 0x0001, 0x0001, 0x0001, 0x0001, 0x0001, 0x0001, 0x0001, 0x0001, 0x0001, 0x0001, 0x0001, 0x0001, 0x0001, 0x0001,
    0x0001, 0x0001, 0x0001, 0x0001, 0x0001, 0x0001, 0x0001, 0x0001, 0x0001, 0x0001, 0x0001, 0x0001, 0x0001, 0x0001, 0x0001, 0x0001,
    0x0001, 0x0001, 0x0001, 0x0001, 0x0001, 0x0001, 0x0001, 0x0001, 0x0001, 0x0001, 0x0001, 0x0001, 0x0001, 0x0001, 0x0001, 0x0001,
    0x0001, 0x0001, 0x0001, 0x0001, 0x0001, 0x0001, 0x0001, 0x0001, 0x0001, 0x0001, 0x0001, 0x0001, 0x0001, 0x0001, 0x0001, 0x0001,
    0x0001, 0x0001, 0x0001, 0x0001, 0x0001, 0x0001, 0x0001, 0x0001, 0x0001, 0x0001, 0x0001, 0x0001, 0x0001, 0x0001, 0x0001, 0x0001
  },
  {
    0x0001, 0x0001, 0x0001, 0x0001, 0x0001, 0x0001, 0x0001, 0x0001, 0x0001, 0x0001, 0x0001, 0x0001, 0x0001, 0x0001, 0x0001, 0x0001,
    0x0001, 0x0001, 0x0001, 0x0001, 0x0001, 0x0001, 0x0001, 0x0001, 0x0001, 0x0001, 0x0001, 0x0001, 0x0001, 0x0001, 0x0001, 0x0001,
    0x0001, 0x0001, 0x0001, 0x0001, 0x0001, 0x0001, 0x0001, 0x0001, 0x0001, 0x0001, 0x0001, 0x0001, 0x0001, 0x0001, 0x0001, 0x0001,
    0x0001, 0x0001, 0x0001, 0x0001, 0x0001, 0x0001, 0x0001, 0x0001, 0x0001, 0x0001, 0x0001, 0x0001, 0x0001, 0x0001, 0x0001, 0x0001,
    0x0001, 0x0001, 0x0001, 0x0001, 0x0001, 0x0001, 0x0001, 0x0001, 0x0001, 0x0001, 0x0001, 0x0001, 0x0001, 0x0001, 0x0001, 0x0001,
    0x0001, 0x0001, 0x0001, 0x0001, 0x0001, 0x0001, 0x0001, 0x0001, 0x0001, 0x0001, 0x0001, 0x0001, 0x0001, 0x0001, 0x0001, 0x0001,
    0x0001, 0x0001, 0x0001, 0x0001, 0x0001, 0x0001, 0x0001, 0x0001, 0x0001, 0x0001, 0x0001, 0x0001, 0x0001, 0x0001, 0x0001, 0x0001,
    0x0001, 0x0001, 0x0001, 0x0001, 0x0001, 0x0001, 0x0001, 0x0001, 0x0001, 0x0001, 0x0001, 0x0001, 0x0001, 0x0001, 0x0001, 0x0001,
    0x0001, 0x0001, 0x0001, 0x0001, 0x0001, 0x0001, 0x0001, 0x0001, 0x0001, 0x0001, 0x0001, 0x0001, 0x0001, 0x0001, 0x0001, 0x0001,
    0x0001, 0x0001, 0x0001, 0x0001, 0x0001, 0x0001, 0x0001, 0x0001, 0x0001, 0x0001, 0x0001, 0x0001, 0x0001, 0x0001, 0x0001, 0x0001,
    0x0001, 0x0001, 0x0001, 0x0001, 0x0001, 0x0001, 0x0001, 0x0001, 0x0001, 0x0001, 0x0001, 0x0001, 0x0001, 0x0001, 0x0001, 0x0001,
    0x0001, 0x0001, 0x0001, 0x0001, 0x0001, 0x0001, 0x0001, 0x0001, 0x0001, 0x0001, 0x0001, 0x0001, 0x0001, 0x0001, 0x0001, 0x0001,
    0x0001, 0x0001, 0x0001, 0x0001, 0x0001, 0x0001, 0x0001, 0x0001, 0x0001, 0x0001, 0x0001, 0x0001, 0x0001, 0x0001, 0x0001, 0x0001,
    0x0001, 0x0001, 0x0001, 0x0001, 0x0001, 0x0001, 0x0001, 0x0001, 0x0001, 0x0001, 0x0001, 0x0001, 0x0001, 0x0001, 0x0001, 0x0001,
    0x0001, 0x0001, 0x0001, 0x0001, 0x0001, 0x0001, 0x0001, 0x0001, 0x0001, 0x0001, 0x0001, 0x0001, 0x0001, 0x0001, 0x0001, 0x0001,
    0x0001, 0x0001, 0x0001, 0x0001, 0x0001, 0x0001, 0x0001, 0x0001, 0x0001, 0x0001, 0x0001, 0x0001, 0x0001, 0x0001, 0x0001, 0x0000,
    0x0000, 0x0000, 0x0001, 0x0001, 0x0001, 0x0001, 0x0001, 0x0001, 0x0001, 0x0001, 0x0001, 0x0001, 0x0001, 0x0001, 0x0000, 0x0000,
    0x0000, 0x0001, 0x0001, 0x0001, 0x0001, 0x0001, 0x0001, 0x0001, 0x0001, 0x0001, 0x0001, 0x0001, 0x0001, 0x0001, 0x0001, 0x0001,
    0x0001, 0x0001, 0x0001, 0x0001, 0x0001, 0x0001, 0x0001, 0x0001, 0x0001, 0x0001, 0x0001, 0x0001, 0x0001, 0x0001, 0x0000, 0xAE9F,
    0xAE9F, 0xAE9F, 0x0000, 0x0000, 0x0001, 0x0001, 0x0001, 0x0001, 0x0001, 0x0001, 0x0001, 0x0001, 0x0001, 0x0000, 0xAE9F, 0xAE9F,
    0xAE9F, 0x0000, 0x0000, 0x0001, 0x0001, 0x0001, 0x0001, 0x0001, 0x0001, 0x0001, 0x0001, 0x0001, 0x0001, 0x0001, 0x0001, 0x0001,
    0x0001, 0x0001, 0x0001, 0x0001, 0x0001, 0x0001, 0x0001, 0x0001, 0x0001, 0x0001, 0x0001, 0x0001, 0x0001, 0x0001, 0x0000, 0xAE9F,
    0xAE9F, 0xAE9F, 0x0000, 0x0000, 0x0001, 0x0001, 0x0001, 0x0001, 0x0001, 0x0001, 0x0001, 0x0001, 0x0001, 0x0000, 0xAE9F, 0xAE9F,
    0xAE9F, 0x0000, 0x0000, 0x0001, 0x0001, 0x0001, 0x0001, 0x0001, 0x0001, 0x0001, 0x0001, 0x0001, 0x0001, 0x0001, 0x0001, 0x0001,
    0x0001, 0x0001, 0x0001, 0x0001, 0x0001, 0x0001, 0x0001, 0x0001, 0x0001, 0x0001, 0x0001, 0x0001, 0x0001, 0x0001, 0x0000, 0x496A,
    0x496A, 0x0000, 0x6379, 0x6379, 0x0000, 0x0000, 0x0000, 0x0000, 0x0000, 0x0000, 0x0000, 0x0000, 0x0000, 0x6379, 0x0000, 0x0000,
    0x496A, 0x0000, 0x0000, 0x0001, 0x0001, 0x0001, 0x0001, 0x0001, 0x0001, 0x0001, 0x0001, 0x0001, 0x0001, 0x0001, 0x0001, 0x0001,
    0x0001, 0x0001, 0x0001, 0x0001, 0x0001, 0x0001, 0x0001, 0x0001, 0x0001, 0x0001, 0x0001, 0x0001, 0x0001, 0x0001, 0x0001, 0x0001,
    0x0001, 0x0000, 0x0000, 0x0000, 0xEB45, 0xF345, 0xF345, 0xEB45, 0xF345, 0xF345, 0xF345, 0xEB45, 0xEB45, 0x0000, 0x0000, 0x0000,
    0x0001, 0x0001, 0x0001, 0x0001, 0x0001, 0x0001, 0x0001, 0x0001, 0x0001, 0x0001, 0x0001, 0x0001, 0x0001, 0x0001, 0x0001, 0x0001,
    0x0001, 0x0001, 0x0001, 0x0001, 0x0001, 0x0001, 0x0001, 0x0001, 0x0001, 0x0001, 0x0001, 0x0001, 0x0001, 0x0001, 0x0001, 0x0001,
    0x0001, 0x0000, 0x0000, 0x0000, 0xEB45, 0xF345, 0xF345, 0xEB45, 0xF345, 0xF345, 0xF345, 0xEB45, 0xEB45, 0x0000, 0x0000, 0x0000,
    0x0001, 0x0001, 0x0001, 0x0001, 0x0001, 0x0001, 0x0001, 0x0001, 0x0001, 0x0001, 0x0001, 0x0001, 0x0001, 0x0001, 0x0001, 0x0001,
    0x0001, 0x0001, 0x0001, 0x0001, 0x0001, 0x0001, 0x0001, 0x0001, 0x0001, 0x0001, 0x0001, 0x0001, 0x0001, 0x0001, 0x0001, 0x0000,
    0x0000, 0xD184, 0x0000, 0x0000, 0xEB45, 0xFC6B, 0xFC6B, 0xEBE8, 0xEB45, 0xEB45, 0xF281, 0xE25F, 0xE25F, 0xD189, 0x0000, 0x0000,
    0x2E9B, 0x0001, 0x0001, 0x0001, 0x0001, 0x0001, 0x0001, 0x0001, 0x0001, 0x0001, 0x0001, 0x0001, 0x0001, 0x0001, 0x0001, 0x0001,
    0x0001, 0x0001, 0x0001, 0x0001, 0x0001, 0x0001, 0x0001, 0x0001, 0x0001, 0x0001, 0x0001, 0x0001, 0x0001, 0x0001, 0x0000, 0xA0E3,
    0xA0E3, 0xD184, 0x19C0, 0x19C0, 0xEB45, 0xFC6B, 0xFC6B, 0xEC8A, 0xEBE7, 0xEBE7, 0xF2A1, 0xE23F, 0xE23F, 0xEB49, 0x0000, 0x0000,
    0xD77E, 0x0001, 0x0001, 0x0001, 0x0001, 0x0001, 0x0001, 0x0001, 0x0001, 0x0001, 0x0001, 0x0001, 0x0001, 0x0001, 0x0001, 0x0001,
    0x0001, 0x0001, 0x0001, 0x0001, 0x0001, 0x0001, 0x0001, 0x0001, 0x0001, 0x0001, 0x0001, 0x0001, 0x0001, 0x0001, 0x0000, 0xA0E3,
    0xA0E3, 0xD184, 0x19C0, 0x19C0, 0xEB45, 0xFC6B, 0xFC6B, 0xEC8A, 0xEBE7, 0xEBE7, 0xF2A1, 0xE23F, 0xE23F, 0xEB49, 0x0000, 0x0000,
    0xD77E, 0x0001, 0x0001, 0x0001, 0x0001, 0x0001, 0x0001, 0x0001, 0x0001, 0x0001, 0x0001, 0x0001, 0x0001, 0x0001, 0x0001, 0x0001,
    0x0001, 0x0001, 0x0001, 0x0001, 0x0001, 0x0001, 0x0001, 0x0001, 0x0001, 0x0001, 0x0001, 0x0001, 0x0000, 0x0000, 0xA903, 0xEB45,
    0xEB45, 0xF345, 0xEB45, 0xEB45, 0xEB45, 0xFD0E, 0xFD0E, 0xFD0E, 0xFD0E, 0xFD0E, 0xFD0E, 0xEB45, 0xEB45, 0xEB45, 0xF345, 0xF345,
    0xEB45, 0xA8E3, 0xA8E3, 0x0000, 0x0001, 0x0001, 0x0001, 0x0001, 0x0001, 0x0001, 0x0001, 0x0001, 0x0001, 0x0001, 0x0001, 0x0001,
    0x0001, 0x0001, 0x0001, 0x0001, 0x0001, 0x0001, 0x0001, 0x0001, 0x0001, 0x0001, 0x0001, 0x0001, 0x0000, 0x0000, 0xA903, 0xEB45,
    0xEB45, 0xA103, 0xEB44, 0xEB44, 0x3586, 0xE345, 0xE345, 0xFD0E, 0xFD0E, 0xFD0E, 0xFD0E, 0xEB45, 0xEB45, 0xA103, 0xEB25, 0xEB25,
    0x35A6, 0xAB45, 0xAB45, 0x00E3, 0x0001, 0x0001, 0x0001, 0x0001, 0x0001, 0x0001, 0x0001, 0x0001, 0x0001, 0x0001, 0x0001, 0x0001,
    0x0001, 0x0001, 0x0001, 0x0001, 0x0001, 0x0001, 0x0001, 0x0001, 0x0001, 0x0001, 0x0001, 0x0001, 0x0000, 0x0000, 0xA903, 0xEB45,
    0xEB45, 0xA103, 0xEB44, 0xEB44, 0x3586, 0xE345, 0xE345, 0xFD0E, 0xFD0E, 0xFD0E, 0xFD0E, 0xEB45, 0xEB45, 0xA103, 0xEB25, 0xEB25,
    0x35A6, 0xAB45, 0xAB45, 0x00E3, 0x0001, 0x0001, 0x0001, 0x0001, 0x0001, 0x0001, 0x0001, 0x0001, 0x0001, 0x0001, 0x0001, 0x0001,
    0x0001, 0x0001, 0x0001, 0x0001, 0x0001, 0x0001, 0x0001, 0x0001, 0x0001, 0x0001, 0x0001, 0x0001, 0x0000, 0x0000, 0xC964, 0xEB65,
    0xEB65, 0xA0E3, 0x78DA, 0x78DA, 0xF345, 0x9103, 0x9103, 0xFD0E, 0xFD0F, 0xFD0F, 0xB2CD, 0xA903, 0xA903, 0x3698, 0xEB45, 0xEB45,
    0x35C7, 0xD3C6, 0xD3C6, 0x00E3, 0x0001, 0x0001, 0x0001, 0x0001, 0x0001, 0x0001, 0x0001, 0x0001, 0x0001, 0x0001, 0x0001, 0x0001,
    0x0001, 0x0001, 0x0001, 0x0001, 0x0001, 0x0001, 0x0001, 0x0001, 0x0001, 0x0001, 0x0001, 0x0000, 0xA903, 0xA903, 0xD184, 0xD164,
    0xD164, 0xA0E3, 0x41FE, 0x41FE, 0xFA42, 0xC7BB, 0xC7BB, 0x079A, 0xFD0F, 0xFD0F, 0x4042, 0x726B, 0x726B, 0x2FBD, 0x9B25, 0x9B25,
    0x1BE6, 0xD3C6, 0xD3C6, 0xAA06, 0x57E0, 0x57E0, 0x0001, 0x0001, 0x0001, 0x0001, 0x0001, 0x0001, 0x0001, 0x0001, 0x0001, 0x0001,
    0x0001, 0x0001, 0x0001, 0x0001, 0x0001, 0x0001, 0x0001, 0x0001, 0x0001, 0x0001, 0x0001, 0x0000, 0xA903, 0xA903, 0xD184, 0xD164,
    0xD164, 0xA0E3, 0x41FE, 0x41FE, 0xFA42, 0xC7BB, 0xC7BB, 0x079A, 0xFD0F, 0xFD0F, 0x4042, 0x726B, 0x726B, 0x2FBD, 0x9B25, 0x9B25,
    0x1BE6, 0xD3C6, 0xD3C6, 0xAA06, 0x57E0, 0x57E0, 0x0001, 0x0001, 0x0001, 0x0001, 0x0001, 0x0001, 0x0001, 0x0001, 0x0001, 0x0001,
    0x0001, 0x0001, 0x0001, 0x0001, 0x0001, 0x0001, 0x0001, 0x0001, 0x0001, 0x0001, 0x0001, 0x0000, 0xA903, 0xA903, 0xE226, 0xD164,
    0xD164, 0xD184, 0xD184, 0xD184, 0xA0C3, 0xA0C3, 0xA0C3, 0xC964, 0xC964, 0xC964, 0xA0C3, 0xA0C3, 0xA0C3, 0xD184, 0xD184, 0xD184,
    0xD164, 0xE226, 0xE226, 0xA903, 0x0000, 0x0000, 0x0001, 0x0001, 0x0001, 0x0001, 0x0001, 0x0001, 0x0001, 0x0001, 0x0001, 0x0001,
    0x0001, 0x0001, 0x0001, 0x0001, 0x0001, 0x0001, 0x0001, 0x0001, 0x0001, 0x0000, 0x0000, 0x0000, 0xA903, 0xA903, 0xD164, 0xEAA8,
    0xEAA8, 0xB020, 0xE247, 0xE247, 0xDA26, 0xA0C3, 0xA0C3, 0xC964, 0xC964, 0xC964, 0xD965, 0xA8E4, 0xA8E4, 0xC985, 0xC0C2, 0xC0C2,
    0xEAA8, 0xC0E2, 0xC0E2, 0xA8E3, 0x0000, 0x0000, 0x0000, 0x0001, 0x0001, 0x0001, 0x0001, 0x0001, 0x0001, 0x0001, 0x0001, 0x0001,
    0x0001, 0x0001, 0x0001, 0x0001, 0x0001, 0x0001, 0x0001, 0x0001, 0x0001, 0x0000, 0x0000, 0x0000, 0xA903, 0xA903, 0xD164, 0xEAA8,
    0xEAA8, 0xB020, 0xE247, 0xE247, 0xDA26, 0xA0C3, 0xA0C3, 0xC964, 0xC964, 0xC964, 0xD965, 0xA8E4, 0xA8E4, 0xC985, 0xC0C2, 0xC0C2,
    0xEAA8, 0xC0E2, 0xC0E2, 0xA8E3, 0x0000, 0x0000, 0x0000, 0x0001, 0x0001, 0x0001, 0x0001, 0x0001, 0x0001, 0x0001, 0x0001, 0x0001,
    0x0001, 0x0001, 0x0001, 0x0001, 0x0001, 0x0001, 0x0001, 0x0001, 0x0000, 0xA0C3, 0xA0C3, 0x0000, 0xA903, 0xA903, 0xD184, 0xD184,
    0xD184, 0xC0E3, 0xE247, 0xE247, 0xF365, 0xC6BD, 0xC6BD, 0xE2A3, 0xE2A3, 0xE2A3, 0x077F, 0xA8E4, 0xA8E4, 0xD184, 0xD164, 0xD164,
    0xD184, 0xC0E2, 0xC0E2, 0xA903, 0x0000, 0x0000, 0xA0E3, 0x0001, 0x0001, 0x0001, 0x0001, 0x0001, 0x0001, 0x0001, 0x0001, 0x0001,
    0x0001, 0x0001, 0x0001, 0x0001, 0x0001, 0x0001, 0x0001, 0x0001, 0x0000, 0xB124, 0xB124, 0x0000, 0x0000, 0x0000, 0xA903, 0xD184,
    0xD184, 0xB041, 0xE247, 0xE247, 0xDA06, 0xC6BD, 0xC6BD, 0xF75E, 0xF77F, 0xF77F, 0xD965, 0xA8E4, 0xA8E4, 0xD184, 0xC0C2, 0xC0C2,
    0xD184, 0x9861, 0x9861, 0x0000, 0x0000, 0x0000, 0xB124, 0x0001, 0x0001, 0x0001, 0x0001, 0x0001, 0x0001, 0x0001, 0x0001, 0x0001,
    0x0001, 0x0001, 0x0001, 0x0001, 0x0001, 0x0001, 0x0001, 0x0001, 0x0000, 0xB124, 0xB124, 0x0000, 0x0000, 0x0000, 0xA903, 0xD184,
    0xD184, 0xB041, 0xE247, 0xE247, 0xDA06, 0xC6BD, 0xC6BD, 0xF75E, 0xF77F, 0xF77F, 0xD965, 0xA8E4, 0xA8E4, 0xD184, 0xC0C2, 0xC0C2,
    0xD184, 0x9861, 0x9861, 0x0000, 0x0000, 0x0000, 0xB124, 0x0001, 0x0001, 0x0001, 0x0001, 0x0001, 0x0001, 0x0001, 0x0001, 0x0001,
    0x0001, 0x0001, 0x0001, 0x0001, 0x0001, 0x0001, 0x0000, 0x0000, 0x78C7, 0x0000, 0x0000, 0xF365, 0xEB65, 0xEB65, 0x0000, 0xA8E3,
    0xA8E3, 0xA8E3, 0xD185, 0xD185, 0xD184, 0xD184, 0xD184, 0xD184, 0xD184, 0xD184, 0xD164, 0xD184, 0xD184, 0xD184, 0xA8E3, 0xA8E3,
    0xA8E3, 0x0000, 0x0000, 0xF345, 0xF365, 0xF365, 0x0000, 0x78A6, 0x78A6, 0x0000, 0x0001, 0x0001, 0x0001, 0x0001, 0x0001, 0x0001,
    0x0001, 0x0001, 0x0001, 0x0000, 0x0000, 0x78C7, 0x78C7, 0x78C7, 0x0000, 0xF345, 0xF345, 0xA8E3, 0xA8E3, 0xA8E3, 0xA903, 0x0000,
    0x0000, 0x0000, 0xA903, 0xA903, 0xA0E3, 0xA903, 0xA903, 0xA903, 0xA903, 0xA903, 0xA903, 0xA903, 0xA903, 0xA903, 0x0000, 0x0000,
    0x0000, 0xA8E3, 0xA8E3, 0xA8E3, 0xA8E3, 0xA8E3, 0xF365, 0x0000, 0x0000, 0x80C6, 0x0000, 0x0000, 0x0001, 0x0001, 0x0001, 0x0001,
    0x0001, 0x0001, 0x0001, 0x0000, 0x0000, 0x78C7, 0x78C7, 0x78C7, 0x0000, 0xF345, 0xF345, 0xA8E3, 0xA8E3, 0xA8E3, 0xA903, 0x0000,
    0x0000, 0x0000, 0xA903, 0xA903, 0xA0E3, 0xA903, 0xA903, 0xA903, 0xA903, 0xA903, 0xA903, 0xA903, 0xA903, 0xA903, 0x0000, 0x0000,
    0x0000, 0xA8E3, 0xA8E3, 0xA8E3, 0xA8E3, 0xA8E3, 0xF365, 0x0000, 0x0000, 0x80C6, 0x0000, 0x0000, 0x0001, 0x0001, 0x0001, 0x0001,
    0x0001, 0x0001, 0x0001, 0x0000, 0x0000, 0xA903, 0xD7A3, 0xD7A3, 0x78C0, 0xA0E3, 0xA0E3, 0xA8E3, 0xF345, 0xF345, 0x3E63, 0x0100,
    0x0100, 0x0000, 0x0000, 0x0000, 0xA0E3, 0xA903, 0xA903, 0xA903, 0xA903, 0xA903, 0xA903, 0xA903, 0xA903, 0xA903, 0x0000, 0x0000,
    0x0000, 0x78A5, 0x78A5, 0x1363, 0x6682, 0x6682, 0x58E2, 0x0000, 0x0000, 0xA903, 0xA104, 0xA104, 0x5F1D, 0x0001, 0x0001, 0x0001,
    0x0001, 0x0001, 0x0001, 0x0000, 0x0000, 0xA903, 0xD7A3, 0xD7A3, 0x21A3, 0xA8E3, 0xA8E3, 0xF345, 0xF345, 0xF345, 0xA903, 0xA9E3,
    0xA9E3, 0x0000, 0x0000, 0x0000, 0xA0E3, 0x5206, 0x5206, 0x5207, 0x5207, 0x5207, 0x5207, 0xA903, 0xA903, 0xA903, 0x0000, 0x0000,
    0xA8E3, 0xEB65, 0xEB65, 0x1B83, 0xA903, 0xA903, 0x58E2, 0xA8E3, 0xA8E3, 0x0000, 0xA903, 0xA903, 0x5F1D, 0x0001, 0x0001, 0x0001,
    0x0001, 0x0001, 0x0001, 0x0000, 0x0000, 0xA903, 0xD7A3, 0xD7A3, 0x21A3, 0xA8E3, 0xA8E3, 0xF345, 0xF345, 0xF345, 0xA903, 0xA9E3,
    0xA9E3, 0x0000, 0x0000, 0x0000, 0xA0E3, 0x5206, 0x5206, 0x5207, 0x5207, 0x5207, 0x5207, 0xA903, 0xA903, 0xA903, 0x0000, 0x0000,
    0xA8E3, 0xEB65, 0xEB65, 0x1B83, 0xA903, 0xA903, 0x58E2, 0xA8E3, 0xA8E3, 0x0000, 0xA903, 0xA903, 0x5F1D, 0x0001, 0x0001, 0x0001,
    0x0001, 0x0001, 0x0001, 0x0000, 0x0000, 0x0000, 0x0000, 0x0000, 0xD164, 0xEB45, 0xEB45, 0xEB45, 0xEB45, 0xEB45, 0xA903, 0xF345,
    0xF345, 0xA903, 0x0000, 0x0000, 0x0000, 0x0000, 0x0000, 0x0000, 0x0000, 0x0000, 0x0000, 0x0000, 0x0000, 0x0000, 0xA903, 0xA903,
    0xF345, 0xA903, 0xA903, 0xEB65, 0xEB45, 0xEB45, 0xF345, 0xD184, 0xD184, 0x0000, 0x0000, 0x0000, 0x0000, 0x0001, 0x0001, 0x0001,
    0x0001, 0x0001, 0x0001, 0x0000, 0x0000, 0x0000, 0xA903, 0xA903, 0xD184, 0xD164, 0xD164, 0xEB45, 0x0000, 0x0000, 0x78C7, 0xD164,
    0xD164, 0xD184, 0x0000, 0x0000, 0x78C7, 0x78C7, 0x78C7, 0x78C7, 0x78C7, 0x78C7, 0x78A6, 0x78C7, 0x78C7, 0x0000, 0xD164, 0xD164,
    0xD184, 0x78A6, 0x78A6, 0x0000, 0xF365, 0xF365, 0xD164, 0xD184, 0xD184, 0xA903, 0x0000, 0x0000, 0x0000, 0x0001, 0x0001, 0x0001,
    0x0001, 0x0001, 0x0001, 0x0000, 0x0000, 0x0000, 0xA903, 0xA903, 0xD184, 0xD164, 0xD164, 0xEB45, 0x0000, 0x0000, 0x78C7, 0xD164,
    0xD164, 0xD184, 0x0000, 0x0000, 0x78C7, 0x78C7, 0x78C7, 0x78C7, 0x78C7, 0x78C7, 0x78A6, 0x78C7, 0x78C7, 0x0000, 0xD164, 0xD164,
    0xD184, 0x78A6, 0x78A6, 0x0000, 0xF365, 0xF365, 0xD164, 0xD184, 0xD184, 0xA903, 0x0000, 0x0000, 0x0000, 0x0001, 0x0001, 0x0001,
    0x0001, 0x0001, 0x0001, 0x0001, 0x0001, 0x07E0, 0xA103, 0xA103, 0xD184, 0xC964, 0xC964, 0xD164, 0x0000, 0x0000, 0x0000, 0xA8E7,
    0xA8E7, 0xFA05, 0xB944, 0xB944, 0xBF80, 0x21CA, 0x21CA, 0x70C7, 0x78C7, 0x78C7, 0x78A6, 0xD7A3, 0xD7A3, 0x3A04, 0xC964, 0xC964,
    0xA8E3, 0x0000, 0x0000, 0x0000, 0xD164, 0xD164, 0xD184, 0xD185, 0xD185, 0xA903, 0x0000, 0x0000, 0x0001, 0x0001, 0x0001, 0x0001,
    0x0001, 0x0001, 0x0001, 0x0001, 0x0001, 0x07E0, 0xA103, 0xA103, 0xD184, 0xC964, 0xC964, 0xD164, 0x78C7, 0x78C7, 0x875A, 0x0004,
    0x0004, 0x7989, 0xB945, 0xB945, 0xBF80, 0x78C7, 0x78C7, 0x70C7, 0x78C7, 0x78C7, 0x78A6, 0xD7A3, 0xD7A3, 0x4A24, 0xC964, 0xC964,
    0x0000, 0x0000, 0x0000, 0x78C7, 0xD182, 0xD182, 0xD184, 0xD184, 0xD184, 0xA103, 0x0000, 0x0000, 0x0001, 0x0001, 0x0001, 0x0001,
    0x0001, 0x0001, 0x0001, 0x0001, 0x0001, 0x07E0, 0xA103, 0xA103, 0xD184, 0xC964, 0xC964, 0xD164, 0x78C7, 0x78C7, 0x875A, 0x0004,
    0x0004, 0x7989, 0xB945, 0xB945, 0xBF80, 0x78C7, 0x78C7, 0x70C7, 0x78C7, 0x78C7, 0x78A6, 0xD7A3, 0xD7A3, 0x4A24, 0xC964, 0xC964,
    0x0000, 0x0000, 0x0000, 0x78C7, 0xD182, 0xD182, 0xD184, 0xD184, 0xD184, 0xA103, 0x0000, 0x0000, 0x0001, 0x0001, 0x0001, 0x0001,
    0x0001, 0x0001, 0x0001, 0x0001, 0x0001, 0x07E0, 0xA103, 0xA103, 0xD185, 0xC964, 0xC964, 0xA8E3, 0x0000, 0x0000, 0x875A, 0x0004,
    0x0004, 0x28CB, 0x0002, 0x0002, 0x0001, 0x0001, 0x0001, 0x0001, 0x0001, 0x0001, 0x0001, 0x0001, 0x0001, 0x78C0, 0x80C6, 0x80C6,
    0x0000, 0x0000, 0x0000, 0x0000, 0xA901, 0xA901, 0xD164, 0xD185, 0xD185, 0xA103, 0x0000, 0x0000, 0x0001, 0x0001, 0x0001, 0x0001,
    0x0001, 0x0001, 0x0001, 0x0001, 0x0001, 0x07E0, 0xA903, 0xA903, 0xA903, 0xD164, 0xD164, 0xA8E3, 0x0000, 0x0000, 0x0001, 0x0004,
    0x0004, 0xA805, 0x2802, 0x2802, 0x0001, 0x0001, 0x0001, 0x0001, 0x0001, 0x0001, 0x0001, 0x0001, 0x0001, 0x78C0, 0x0000, 0x0000,
    0x0001, 0x0000, 0x0000, 0x0000, 0xA901, 0xA901, 0xA8E3, 0xD164, 0xD164, 0xA903, 0x0000, 0x0000, 0x0001, 0x0001, 0x0001, 0x0001,
    0x0001, 0x0001, 0x0001, 0x0001, 0x0001, 0x07E0, 0xA903, 0xA903, 0xA903, 0xD164, 0xD164, 0xA8E3, 0x0000, 0x0000, 0x0001, 0x0004,
    0x0004, 0xA805, 0x2802, 0x2802, 0x0001, 0x0001, 0x0001, 0x0001, 0x0001, 0x0001, 0x0001, 0x0001, 0x0001, 0x78C0, 0x0000, 0x0000,
    0x0001, 0x0000, 0x0000, 0x0000, 0xA901, 0xA901, 0xA8E3, 0xD164, 0xD164, 0xA903, 0x0000, 0x0000, 0x0001, 0x0001, 0x0001, 0x0001,
    0x0001, 0x0001, 0x0001, 0x0001, 0x0001, 0x0001, 0x0000, 0x0000, 0x0000, 0x0000, 0x0000, 0x0000, 0x0001, 0x0001, 0x0001, 0x0001,
    0x0001, 0x0001, 0x0001, 0x0001, 0x0001, 0x0001, 0x0001, 0x0001, 0x0001, 0x0001, 0x0001, 0x0001, 0x0001, 0x0001, 0x0001, 0x0001,
    0x0001, 0x0001, 0x0001, 0x0001, 0x0000, 0x0000, 0x0000, 0x0000, 0x0000, 0x0000, 0x0001, 0x0001, 0x0001, 0x0001, 0x0001, 0x0001,
    0x0001, 0x0001, 0x0001, 0x0001, 0x0001, 0x0001, 0x0001, 0x0001, 0x0001, 0x0001, 0x0001, 0x0001, 0x0001, 0x0001, 0x0001, 0x0001,
    0x0001, 0x0001, 0x0001, 0x0001, 0x0001, 0x0001, 0x0001, 0x0001, 0x0001, 0x0001, 0x0001, 0x0001, 0x0001, 0x0001, 0x0001, 0x0001,
    0x0001, 0x0001, 0x0001, 0x0001, 0x0001, 0x0001, 0x0001, 0x0001, 0x0001, 0x0001, 0x0001, 0x0001, 0x0001, 0x0001, 0x0001, 0x0001,
    0x0001, 0x0001, 0x0001, 0x0001, 0x0001, 0x0001, 0x0001, 0x0001, 0x0001, 0x0001, 0x0001, 0x0001, 0x0001, 0x0001, 0x0001, 0x0001,
    0x0001, 0x0001, 0x0001, 0x0001, 0x0001, 0x0001, 0x0001, 0x0001, 0x0001, 0x0001, 0x0001, 0x0001, 0x0001, 0x0001, 0x0001, 0x0001,
    0x0001, 0x0001, 0x0001, 0x0001, 0x0001, 0x0001, 0x0001, 0x0001, 0x0001, 0x0001, 0x0001, 0x0001, 0x0001, 0x0001, 0x0001, 0x0001,
    0x0001, 0x0001, 0x0001, 0x0001, 0x0001, 0x0001, 0x0001, 0x0001, 0x0001, 0x0001, 0x0001, 0x0001, 0x0001, 0x0001, 0x0001, 0x0001,
    0x0001, 0x0001, 0x0001, 0x0001, 0x0001, 0x0001, 0x0001, 0x0001, 0x0001, 0x0001, 0x0001, 0x0001, 0x0001, 0x0001, 0x0001, 0x0001,
    0x0001, 0x0001, 0x0001, 0x0001, 0x0001, 0x0001, 0x0001, 0x0001, 0x0001, 0x0001, 0x0001, 0x0001, 0x0001, 0x0001, 0x0001, 0x0001,
    0x0001, 0x0001, 0x0001, 0x0001, 0x0001, 0x0001, 0x0001, 0x0001, 0x0001, 0x0001, 0x0001, 0x0001, 0x0001, 0x0001, 0x0001, 0x0001,
    0x0001, 0x0001, 0x0001, 0x0001, 0x0001, 0x0001, 0x0001, 0x0001, 0x0001, 0x0001, 0x0001, 0x0001, 0x0001, 0x0001, 0x0001, 0x0001,
    0x0001, 0x0001, 0x0001, 0x0001, 0x0001, 0x0001, 0x0001, 0x0001, 0x0001, 0x0001, 0x0001, 0x0001, 0x0001, 0x0001, 0x0001, 0x0001,
    0x0001, 0x0001, 0x0001, 0x0001, 0x0001, 0x0001, 0x0001, 0x0001, 0x0001, 0x0001, 0x0001, 0x0001, 0x0001, 0x0001, 0x0001, 0x0001,
    0x0001, 0x0001, 0x0001, 0x0001, 0x0001, 0x0001, 0x0001, 0x0001, 0x0001, 0x0001, 0x0001, 0x0001, 0x0001, 0x0001, 0x0001, 0x0001,
    0x0001, 0x0001, 0x0001, 0x0001, 0x0001, 0x0001, 0x0001, 0x0001, 0x0001, 0x0001, 0x0001, 0x0001, 0x0001, 0x0001, 0x0001, 0x0001,
    0x0001, 0x0001, 0x0001, 0x0001, 0x0001, 0x0001, 0x0001, 0x0001, 0x0001, 0x0001, 0x0001, 0x0001, 0x0001, 0x0001, 0x0001, 0x0001,
    0x0001, 0x0001, 0x0001, 0x0001, 0x0001, 0x0001, 0x0001, 0x0001, 0x0001, 0x0001, 0x0001, 0x0001, 0x0001, 0x0001, 0x0001, 0x0001,
    0x0001, 0x0001, 0x0001, 0x0001, 0x0001, 0x0001, 0x0001, 0x0001, 0x0001, 0x0001, 0x0001, 0x0001, 0x0001, 0x0001, 0x0001, 0x0001
  },
  {
    0x0001, 0x0001, 0x0001, 0x0001, 0x0001, 0x0001, 0x0001, 0x0001, 0x0001, 0x0001, 0x0001, 0x0001, 0x0001, 0x0001, 0x0001, 0x0001,
    0x0001, 0x0001, 0x0001, 0x0001, 0x0001, 0x0001, 0x0001, 0x0001, 0x0001, 0x0001, 0x0001, 0x0001, 0x0001, 0x0001, 0x0001, 0x0001,
    0x0001, 0x0001, 0x0001, 0x0001, 0x0001, 0x0001, 0x0001, 0x0001, 0x0001, 0x0001, 0x0001, 0x0001, 0x0001, 0x0001, 0x0001, 0x0001,
    0x0001, 0x0001, 0x0001, 0x0001, 0x0001, 0x0001, 0x0001, 0x0001, 0x0001, 0x0001, 0x0001, 0x0001, 0x0001, 0x0001, 0x0001, 0x0001,
    0x0001, 0x0001, 0x0001, 0x0001, 0x0001, 0x0001, 0x0001, 0x0001, 0x0001, 0x0001, 0x0001, 0x0001, 0x0001, 0x0001, 0x0001, 0x0001,
    0x0001, 0x0001, 0x0001, 0x0001, 0x0001, 0x0001, 0x0001, 0x0001, 0x0001, 0x0001, 0x0001, 0x0001, 0x0001, 0x0001, 0x0001, 0x0001,
    0x0001, 0x0001, 0x0001, 0x0001, 0x0001, 0x0001, 0x0001, 0x0001, 0x0001, 0x0001, 0x0001, 0x0001, 0x0001, 0x0001, 0x0001, 0x0001,
    0x0001, 0x0001, 0x0001, 0x0001, 0x0001, 0x0001, 0x0001, 0x0001, 0x0001, 0x0001, 0x0001, 0x0001, 0x0001, 0x0001, 0x0001, 0x0001,
    0x0001, 0x0001, 0x0001, 0x0001, 0x0001, 0x0001, 0x0001, 0x0001, 0x0001, 0x0001, 0x0001, 0x0001, 0x0001, 0x0001, 0x0001, 0x0001,
    0x0001, 0x0001, 0x0001, 0x0001, 0x0001, 0x0001, 0x0001, 0x0001, 0x0001, 0x0001, 0x0001, 0x0001, 0x0001, 0x0001, 0x0001, 0x0001,
    0x0001, 0x0001, 0x0001, 0x0001, 0x0001, 0x0001, 0x0001, 0x0001, 0x0001, 0x0001, 0x0001, 0x0001, 0x0001, 0x0001, 0x0001, 0x0001,
    0x0001, 0x0001, 0x0001, 0x0001, 0x0001, 0x0001, 0x0001, 0x0001, 0x0001, 0x0001, 0x0001, 0x0001, 0x0001, 0x0001, 0x0001, 0x0001,
    0x0001, 0x0001, 0x0001, 0x0001, 0x0001, 0x0001, 0x0001, 0x0001, 0x0001, 0x0001, 0x0001, 0x0001, 0x0001, 0x0001, 0x0001, 0x0001,
    0x0001, 0x0001, 0x0001, 0x0001, 0x0001, 0x0001, 0x0001, 0x0001, 0x0001, 0x0001, 0x0001, 0x0001, 0x0001, 0x0001, 0x0001, 0x0001,
    0x0001, 0x0001, 0x0001, 0x0001, 0x0001, 0x0001, 0x0001, 0x0001, 0x0001, 0x0001, 0x0001, 0x0001, 0x0001, 0x0001, 0x0001, 0x0001,
    0x0001, 0x0001, 0x0001, 0x0001, 0x0001, 0x0001, 0x0001, 0x0001, 0x0001, 0x0001, 0x0001, 0x0001, 0x0001, 0x0001, 0x0000, 0x0001,
    0x0001, 0x0001, 0x0001, 0x0001, 0x0001, 0x0001, 0x0001, 0x0001, 0x0001, 0x0001, 0x0001, 0x0001, 0x0001, 0x0001, 0x0000, 0x0000,
    0x0001, 0x0001, 0x0001, 0x0001, 0x0001, 0x0001, 0x0001, 0x0001, 0x0001, 0x0001, 0x0001, 0x0001, 0x0001, 0x0001, 0x0001, 0x0001,
    0x0001, 0x0001, 0x0001, 0x0001, 0x0001, 0x0001, 0x0001, 0x0001, 0x0001, 0x0001, 0x0001, 0xFD47, 0x0001, 0x0001, 0xFD47, 0x0001,
    0x0001, 0x0001, 0x0001, 0x0001, 0x0001, 0x0001, 0x0001, 0x0001, 0x0001, 0x0001, 0x0001, 0x0001, 0x0001, 0x0000, 0x5C7A, 0x5C7A,
    0x0001, 0x0001, 0x0001, 0x0001, 0xFD47, 0xFD47, 0x0001, 0x0001, 0x0001, 0x0001, 0x0001, 0x0001, 0x0001, 0x0001, 0x0001, 0x0001,
    0x0001, 0x0001, 0x0001, 0x0001, 0x0001, 0x0001, 0x0001, 0x0001, 0x0001, 0x0001, 0x0001, 0xFD47, 0x0001, 0x0001, 0xFD47, 0x0001,
    0x0001, 0x0001, 0x0001, 0x0001, 0x0001, 0x0001, 0x0001, 0x0001, 0x0001, 0x0001, 0x0001, 0x0001, 0x0001, 0x0000, 0x5C7A, 0x5C7A,
    0x0001, 0x0001, 0x0001, 0x0001, 0xFD47, 0xFD47, 0x0001, 0x0001, 0x0001, 0x0001, 0x0001, 0x0001, 0x0001, 0x0001, 0x0001, 0x0001,
    0x0001, 0x0001, 0x0001, 0x0001, 0x0001, 0x0001, 0x0001, 0x0001, 0x0001, 0x0001, 0x0001, 0xFD47, 0xFD47, 0xFD47, 0xFD47, 0x0001,
    0x0001, 0x0001, 0x0001, 0x0001, 0x0000, 0x0000, 0x0000, 0x0000, 0x0000, 0x0000, 0x0000, 0x0000, 0x0000, 0x6379, 0xFD47, 0xFD47,
    0x0001, 0x0001, 0x0001, 0x0001, 0xFD47, 0xFD47, 0x0001, 0x0001, 0x0001, 0x0001, 0x0001, 0x0001, 0x0001, 0x0001, 0x0001, 0x0001,
    0x0001, 0x0001, 0x0001, 0x0001, 0x0001, 0x0001, 0x0001, 0x0001, 0x0001, 0x0001, 0x0001, 0x0001, 0x0001, 0x0001, 0x0000, 0xFD47,
    0xFD47, 0x0000, 0x0000, 0x0000, 0xEB45, 0xEB45, 0xEB45, 0xEB45, 0xEB45, 0xEB45, 0xEB45, 0xEB45, 0xEB45, 0x0000, 0xFD47, 0xFD47,
    0xFD47, 0x0000, 0x0000, 0x0001, 0x0001, 0x0001, 0x0001, 0x0001, 0x0001, 0x0001, 0x0001, 0x0001, 0x0001, 0x0001, 0x0001, 0x0001,
    0x0001, 0x0001, 0x0001, 0x0001, 0x0001, 0x0001, 0x0001, 0x0001, 0x0001, 0x0001, 0x0001, 0x0001, 0x0001, 0x0001, 0x0000, 0xFD47,
    0xFD47, 0x0000, 0x0000, 0x0000, 0xEB45, 0xEB45, 0xEB45, 0xEB45, 0xEB45, 0xEB45, 0xEB45, 0xEB45, 0xEB45, 0x0000, 0xFD47, 0xFD47,
    0xFD47, 0x0000, 0x0000, 0x0001, 0x0001, 0x0001, 0x0001, 0x0001, 0x0001, 0x0001, 0x0001, 0x0001, 0x0001, 0x0001, 0x0001, 0x0001,
    0x0001, 0x0001, 0x0001, 0x0001, 0x0001, 0x0001, 0x0001, 0x0001, 0x0001, 0x0001, 0x0001, 0x0001, 0x0001, 0x0001, 0x0001, 0x0000,
    0x0000, 0xD184, 0xD184, 0xD184, 0xEB45, 0xFC6B, 0xFC6B, 0xFD0E, 0xFD0E, 0xFD0E, 0xFC4B, 0xEB45, 0xEB45, 0xD184, 0xD184, 0xD184,
    0x0000, 0x0001, 0x0001, 0x0001, 0x0001, 0x0001, 0x0001, 0x0001, 0x0001, 0x0001, 0x0001, 0x0001, 0x0001, 0x0001, 0x0001, 0x0001,
    0x0001, 0x0001, 0x0001, 0x0001, 0x0001, 0x0001, 0x0001, 0x0001, 0x0001, 0x0001, 0x0001, 0x0001, 0x0001, 0x0001, 0x0000, 0xA103,
    0xA103, 0xD184, 0xEB45, 0xEB45, 0xEB45, 0xFC6B, 0xFC6B, 0xFDB1, 0xFDB1, 0xFDB1, 0xFC6B, 0xEB45, 0xEB45, 0xEB45, 0xD184, 0xD184,
    0xA103, 0x0000, 0x0000, 0x0001, 0x0001, 0x0001, 0x0001, 0x0001, 0x0001, 0x0001, 0x0001, 0x0001, 0x0001, 0x0001, 0x0001, 0x0001,
    0x0001, 0x0001, 0x0001, 0x0001, 0x0001, 0x0001, 0x0001, 0x0001, 0x0001, 0x0001, 0x0001, 0x0001, 0x0001, 0x0001, 0x0000, 0xA103,
    0xA103, 0xD184, 0xEB45, 0xEB45, 0xEB45, 0xFC6B, 0xFC6B, 0xFDB1, 0xFDB1, 0xFDB1, 0xFC6B, 0xEB45, 0xEB45, 0xEB45, 0xD184, 0xD184,
    0xA103, 0x0000, 0x0000, 0x0001, 0x0001, 0x0001, 0x0001, 0x0001, 0x0001, 0x0001, 0x0001, 0x0001, 0x0001, 0x0001, 0x0001, 0x0001,
    0x0001, 0x0001, 0x0001, 0x0001, 0x0001, 0x0001, 0x0001, 0x0001, 0x0001, 0x0001, 0x0001, 0x0001, 0x0000, 0x0000, 0xA903, 0xEB45,
    0xEB45, 0xEB45, 0xEB45, 0xEB45, 0xEB45, 0xFD0E, 0xFD0E, 0xFD0E, 0xFD0E, 0xFD0E, 0xFD0E, 0xEB45, 0xEB45, 0xEB45, 0xEB45, 0xEB45,
    0xEB45, 0xA8E3, 0xA8E3, 0x0000, 0x0001, 0x0001, 0x0001, 0x0001, 0x0001, 0x0001, 0x0001, 0x0001, 0x0001, 0x0001, 0x0001, 0x0001,
    0x0001, 0x0001, 0x0001, 0x0001, 0x0001, 0x0001, 0x0001, 0x0001, 0x0001, 0x0001, 0x0001, 0x0001, 0x0000, 0x0000, 0xA8E3, 0xEB65,
    0xEB65, 0xA0E3, 0xEB44, 0xEB44, 0x3586, 0xE345, 0xE345, 0xFD0E, 0xFD0E, 0xFD0E, 0xFD0E, 0xEB45, 0xEB45, 0xA103, 0xEB24, 0xEB24,
    0x35A6, 0xAB45, 0xAB45, 0x00E0, 0x0001, 0x0001, 0x0001, 0x0001, 0x0001, 0x0001, 0x0001, 0x0001, 0x0001, 0x0001, 0x0001, 0x0001,
    0x0001, 0x0001, 0x0001, 0x0001, 0x0001, 0x0001, 0x0001, 0x0001, 0x0001, 0x0001, 0x0001, 0x0001, 0x0000, 0x0000, 0xA8E3, 0xEB65,
    0xEB65, 0xA0E3, 0xEB44, 0xEB44, 0x3586, 0xE345, 0xE345, 0xFD0E, 0xFD0E, 0xFD0E, 0xFD0E, 0xEB45, 0xEB45, 0xA103, 0xEB24, 0xEB24,
    0x35A6, 0xAB45, 0xAB45, 0x00E0, 0x0001, 0x0001, 0x0001, 0x0001, 0x0001, 0x0001, 0x0001, 0x0001, 0x0001, 0x0001, 0x0001, 0x0001,
    0x0001, 0x0001, 0x0001, 0x0001, 0x0001, 0x0001, 0x0001, 0x0001, 0x0001, 0x0001, 0x0001, 0x0001, 0x0000, 0x0000, 0xC964, 0xEB65,
    0xEB65, 0xA0E3, 0x78DA, 0x78DA, 0xF345, 0x9103, 0x9103, 0xFD0E, 0xFD0F, 0xFD0F, 0xB2CD, 0xA903, 0xA903, 0x3698, 0xEB45, 0xEB45,
    0x35C7, 0xD3E6, 0xD3E6, 0x00E0, 0x0001, 0x0001, 0x0001, 0x0001, 0x0001, 0x0001, 0x0001, 0x0001, 0x0001, 0x0001, 0x0001, 0x0001,
    0x0001, 0x0001, 0x0001, 0x0001, 0x0001, 0x0001, 0x0001, 0x0001, 0x0001, 0x0001, 0x0001, 0x0000, 0xA903, 0xA903, 0xD184, 0xD164,
    0xD164, 0xA0E3, 0x70DA, 0x70DA, 0x4A42, 0xC7BB, 0xC7BB, 0x079A, 0xFD0F, 0xFD0F, 0x4042, 0x726B, 0x726B, 0x6698, 0xEB25, 0xEB25,
    0x1BE6, 0xD3E6, 0xD3E6, 0xA9E3, 0x57FD, 0x57FD, 0x0001, 0x0001, 0x0001, 0x0001, 0x0001, 0x0001, 0x0001, 0x0001, 0x0001, 0x0001,
    0x0001, 0x0001, 0x0001, 0x0001, 0x0001, 0x0001, 0x0001, 0x0001, 0x0001, 0x0001, 0x0001, 0x0000, 0xA903, 0xA903, 0xD184, 0xD164,
    0xD164, 0xA0E3, 0x70DA, 0x70DA, 0x4A42, 0xC7BB, 0xC7BB, 0x079A, 0xFD0F, 0xFD0F, 0x4042, 0x726B, 0x726B, 0x6698, 0xEB25, 0xEB25,
    0x1BE6, 0xD3E6, 0xD3E6, 0xA9E3, 0x57FD, 0x57FD, 0x0001, 0x0001, 0x0001, 0x0001, 0x0001, 0x0001, 0x0001, 0x0001, 0x0001, 0x0001,
    0x0001, 0x0001, 0x0001, 0x0001, 0x0001, 0x0001, 0x0001, 0x0001, 0x0001, 0x0001, 0x0001, 0x0000, 0xA903, 0xA903, 0xE226, 0xD164,
    0xD164, 0xD184, 0xD184, 0xD184, 0xA0C3, 0xA0C3, 0xA0C3, 0xC964, 0xC964, 0xC964, 0xA0C3, 0xA0C3, 0xA0C3, 0xD184, 0xD184, 0xD184,
    0xD164, 0xE226, 0xE226, 0xA903, 0x0000, 0x0000, 0x0001, 0x0001, 0x0001, 0x0001, 0x0001, 0x0001, 0x0001, 0x0001, 0x0001, 0x0001,
    0x0001, 0x0001, 0x0001, 0x0001, 0x0001, 0x0001, 0x0001, 0x0001, 0x0001, 0x0000, 0x0000, 0x0000, 0xA903, 0xA903, 0xD164, 0xEAA8,
    0xEAA8, 0xB020, 0xE247, 0xE247, 0xDA26, 0xA0C3, 0xA0C3, 0xC964, 0xC964, 0xC964, 0xD985, 0xA0C3, 0xA0C3, 0xD185, 0xC0C2, 0xC0C2,
    0xEAA8, 0xC0E2, 0xC0E2, 0xA8E3, 0x0000, 0x0000, 0x0000, 0x0001, 0x0001, 0x0001, 0x0001, 0x0001, 0x0001, 0x0001, 0x0001, 0x0001,
    0x0001, 0x0001, 0x0001, 0x0001, 0x0001, 0x0001, 0x0001, 0x0001, 0x0001, 0x0000, 0x0000, 0x0000, 0xA903, 0xA903, 0xD164, 0xEAA8,
    0xEAA8, 0xB020, 0xE247, 0xE247, 0xDA26, 0xA0C3, 0xA0C3, 0xC964, 0xC964, 0xC964, 0xD985, 0xA0C3, 0xA0C3, 0xD185, 0xC0C2, 0xC0C2,
    0xEAA8, 0xC0E2, 0xC0E2, 0xA8E3, 0x0000, 0x0000, 0x0000, 0x0001, 0x0001, 0x0001, 0x0001, 0x0001, 0x0001, 0x0001, 0x0001, 0x0001,
    0x0001, 0x0001, 0x0001, 0x0001, 0x0001, 0x0001, 0x0001, 0x0001, 0x0000, 0xA0C3, 0xA0C3, 0x0000, 0xA8E3, 0xA8E3, 0xD184, 0xD184,
    0xD184, 0xC0E3, 0xE247, 0xE247, 0xEB65, 0xB202, 0xB202, 0xDA83, 0xE2A3, 0xE2A3, 0xEAA3, 0xB202, 0xB202, 0xD185, 0xD164, 0xD164,
    0xD184, 0xC0E2, 0xC0E2, 0xA8E3, 0x0000, 0x0000, 0xA0E3, 0x0001, 0x0001, 0x0001, 0x0001, 0x0001, 0x0001, 0x0001, 0x0001, 0x0001,
    0x0001, 0x0001, 0x0001, 0x0001, 0x0001, 0x0001, 0x0001, 0x0001, 0x0000, 0xB124, 0xB124, 0x0000, 0x0000, 0x0000, 0xA903, 0xD184,
    0xD184, 0xB041, 0xE247, 0xE247, 0x1800, 0xF71E, 0xF71E, 0xDAA3, 0xE2A3, 0xE2A3, 0x077F, 0x9041, 0x9041, 0xD185, 0xC0C2, 0xC0C2,
    0xD184, 0x9861, 0x9861, 0x0000, 0x0000, 0x0000, 0xB124, 0x0001, 0x0001, 0x0001, 0x0001, 0x0001, 0x0001, 0x0001, 0x0001, 0x0001,
    0x0001, 0x0001, 0x0001, 0x0001, 0x0001, 0x0001, 0x0001, 0x0001, 0x0000, 0xB124, 0xB124, 0x0000, 0x0000, 0x0000, 0xA903, 0xD184,
    0xD184, 0xB041, 0xE247, 0xE247, 0x1800, 0xF71E, 0xF71E, 0xDAA3, 0xE2A3, 0xE2A3, 0x077F, 0x9041, 0x9041, 0xD185, 0xC0C2, 0xC0C2,
    0xD184, 0x9861, 0x9861, 0x0000, 0x0000, 0x0000, 0xB124, 0x0001, 0x0001, 0x0001, 0x0001, 0x0001, 0x0001, 0x0001, 0x0001, 0x0001,
    0x0001, 0x0001, 0x0001, 0x0001, 0x0001, 0x0000, 0x0000, 0x0000, 0x78C7, 0x0000, 0x0000, 0xF365, 0xEB65, 0xEB65, 0x0000, 0xA8E3,
    0xA8E3, 0xA8E3, 0xD184, 0xD184, 0xD184, 0x0000, 0x0000, 0x0000, 0x0000, 0x0000, 0xD184, 0xD184, 0xD184, 0xD184, 0xA8E3, 0xA8E3,
    0xA8E3, 0x0000, 0x0000, 0xF345, 0xF365, 0xF365, 0x0000, 0x78A6, 0x78A6, 0x0000, 0x0000, 0x0000, 0x0001, 0x0001, 0x0001, 0x0001,
    0x0001, 0x0001, 0x0001, 0x0000, 0x0000, 0x78C7, 0x78C7, 0x78C7, 0x0000, 0xEB65, 0xEB65, 0xA8E3, 0xA8E3, 0xA8E3, 0xA903, 0x0000,
    0x0000, 0x0000, 0xA903, 0xA903, 0xA8E3, 0xA903, 0xA903, 0xA903, 0xA903, 0xA903, 0xA903, 0xA903, 0xA903, 0xA903, 0x0000, 0x0000,
    0x0000, 0xA8E3, 0xA8E3, 0xA8E3, 0xA8E3, 0xA8E3, 0xF365, 0x0000, 0x0000, 0x78C7, 0x78A6, 0x78A6, 0x0000, 0x0001, 0x0001, 0x0001,
    0x0001, 0x0001, 0x0001, 0x0000, 0x0000, 0x78C7, 0x78C7, 0x78C7, 0x0000, 0xEB65, 0xEB65, 0xA8E3, 0xA8E3, 0xA8E3, 0xA903, 0x0000,
    0x0000, 0x0000, 0xA903, 0xA903, 0xA8E3, 0xA903, 0xA903, 0xA903, 0xA903, 0xA903, 0xA903, 0xA903, 0xA903, 0xA903, 0x0000, 0x0000,
    0x0000, 0xA8E3, 0xA8E3, 0xA8E3, 0xA8E3, 0xA8E3, 0xF365, 0x0000, 0x0000, 0x78C7, 0x78A6, 0x78A6, 0x0000, 0x0001, 0x0001, 0x0001,
    0x0001, 0x0001, 0x0001, 0x0000, 0x0000, 0xA903, 0xD7A3, 0xD7A3, 0x78C0, 0xA0E3, 0xA0E3, 0xA8E3, 0xF345, 0xF345, 0x3E63, 0x0100,
    0x0100, 0x0000, 0x0000, 0x0000, 0xA8E3, 0xA8E3, 0xA8E3, 0xA903, 0xA903, 0xA903, 0xA903, 0xA903, 0xA903, 0xA903, 0x0000, 0x0000,
    0x0000, 0x78A5, 0x78A5, 0x1363, 0x6682, 0x6682, 0x58E2, 0x0000, 0x0000, 0xA903, 0x78C6, 0x78C6, 0x0740, 0x0001, 0x0001, 0x0001,
    0x0001, 0x0001, 0x0001, 0x0000, 0x0000, 0xA903, 0xD7A3, 0xD7A3, 0x21A3, 0xA0E3, 0xA0E3, 0xF345, 0xF325, 0xF325, 0xA903, 0xA9E3,
    0xA9E3, 0x0000, 0x0000, 0x0000, 0xA8E3, 0x51E7, 0x51E7, 0x5206, 0x5207, 0x5207, 0x5207, 0xA903, 0xA903, 0xA903, 0x0000, 0x0000,
    0xA8E3, 0xEB65, 0xEB65, 0x1B83, 0xA8E3, 0xA8E3, 0x58E2, 0xA8E3, 0xA8E3, 0x0000, 0x78C6, 0x78C6, 0x0740, 0x0001, 0x0001, 0x0001,
    0x0001, 0x0001, 0x0001, 0x0000, 0x0000, 0xA903, 0xD7A3, 0xD7A3, 0x21A3, 0xA0E3, 0xA0E3, 0xF345, 0xF325, 0xF325, 0xA903, 0xA9E3,
    0xA9E3, 0x0000, 0x0000, 0x0000, 0xA8E3, 0x51E7, 0x51E7, 0x5206, 0x5207, 0x5207, 0x5207, 0xA903, 0xA903, 0xA903, 0x0000, 0x0000,
    0xA8E3, 0xEB65, 0xEB65, 0x1B83, 0xA8E3, 0xA8E3, 0x58E2, 0xA8E3, 0xA8E3, 0x0000, 0x78C6, 0x78C6, 0x0740, 0x0001, 0x0001, 0x0001,
    0x0001, 0x0001, 0x0001, 0x0000, 0x0000, 0x0000, 0x0000, 0x0000, 0xD164, 0xEB45, 0xEB45, 0xEB45, 0xEB45, 0xEB45, 0xA903, 0xF365,
    0xF365, 0xA8E3, 0x0000, 0x0000, 0x0000, 0x0000, 0x0000, 0x0000, 0x0000, 0x0000, 0x0000, 0x0000, 0x0000, 0x0000, 0xA903, 0xA903,
    0xEB65, 0xA903, 0xA903, 0xEB65, 0xEB45, 0xEB45, 0xF345, 0xD184, 0xD184, 0x0000, 0x0000, 0x0000, 0x0000, 0x0001, 0x0001, 0x0001,
    0x0001, 0x0001, 0x0001, 0x0000, 0x0000, 0x0000, 0xA903, 0xA903, 0xD184, 0xEB45, 0xEB45, 0xEB45, 0xEB45, 0xEB45, 0xA903, 0xEB65,
    0xEB65, 0xD184, 0x0000, 0x0000, 0x78C7, 0xF800, 0xF800, 0x0000, 0x0000, 0x0000, 0x07E0, 0x0000, 0x0000, 0x875A, 0xD184, 0xD184,
    0xF365, 0xA8E3, 0xA8E3, 0xEB45, 0xF345, 0xF345, 0xF365, 0xD184, 0xD184, 0xA903, 0x56FD, 0x56FD, 0x0000, 0x0001, 0x0001, 0x0001,
    0x0001, 0x0001, 0x0001, 0x0000, 0x0000, 0x0000, 0xA903, 0xA903, 0xD184, 0xEB45, 0xEB45, 0xEB45, 0xEB45, 0xEB45, 0xA903, 0xEB65,
    0xEB65, 0xD184, 0x0000, 0x0000, 0x78C7, 0xF800, 0xF800, 0x0000, 0x0000, 0x0000, 0x07E0, 0x0000, 0x0000, 0x875A, 0xD184, 0xD184,
    0xF365, 0xA8E3, 0xA8E3, 0xEB45, 0xF345, 0xF345, 0xF365, 0xD184, 0xD184, 0xA903, 0x56FD, 0x56FD, 0x0000, 0x0001, 0x0001, 0x0001,
    0x0001, 0x0001, 0x0001, 0x0001, 0x0001, 0x0000, 0xA903, 0xA903, 0xD184, 0xD164, 0xD164, 0xEB45, 0x0000, 0x0000, 0x7086, 0xD184,
    0xD184, 0xD184, 0xA8E3, 0xA8E3, 0x0000, 0x285D, 0x285D, 0x285D, 0x285D, 0x285D, 0x285D, 0x875A, 0x875A, 0x283C, 0xD184, 0xD184,
    0xD164, 0x78A6, 0x78A6, 0x0000, 0xF365, 0xF365, 0xD164, 0xD185, 0xD185, 0xA903, 0x571D, 0x571D, 0x0001, 0x0001, 0x0001, 0x0001,
    0x0001, 0x0001, 0x0001, 0x0001, 0x0001, 0x0000, 0xA103, 0xA103, 0xD184, 0xD184, 0xD184, 0xD164, 0x0000, 0x0000, 0x0000, 0xA0C7,
    0xA0C7, 0xFA26, 0xD185, 0xD185, 0x00E0, 0x8759, 0x8759, 0x285D, 0x285D, 0x285D, 0x285D, 0x875A, 0x875A, 0x285D, 0xD184, 0xD184,
    0xA0E3, 0x0000, 0x0000, 0x0000, 0xD164, 0xD164, 0xD184, 0xD184, 0xD184, 0xA103, 0x56FD, 0x56FD, 0x0001, 0x0001, 0x0001, 0x0001,
    0x0001, 0x0001, 0x0001, 0x0001, 0x0001, 0x0000, 0xA103, 0xA103, 0xD184, 0xD184, 0xD184, 0xD164, 0x0000, 0x0000, 0x0000, 0xA0C7,
    0xA0C7, 0xFA26, 0xD185, 0xD185, 0x00E0, 0x8759, 0x8759, 0x285D, 0x285D, 0x285D, 0x285D, 0x875A, 0x875A, 0x285D, 0xD184, 0xD184,
    0xA0E3, 0x0000, 0x0000, 0x0000, 0xD164, 0xD164, 0xD184, 0xD184, 0xD184, 0xA103, 0x56FD, 0x56FD, 0x0001, 0x0001, 0x0001, 0x0001,
    0x0001, 0x0001, 0x0001, 0x0001, 0x0001, 0x0000, 0xA103, 0xA103, 0xD184, 0xD184, 0xD184, 0xB124, 0x7086, 0x7086, 0x0000, 0x0004,
    0x0004, 0xD184, 0xD185, 0xD185, 0x00E0, 0x0001, 0x0001, 0x0001, 0x0001, 0x0001, 0x0001, 0x875A, 0x875A, 0x203D, 0xA0E3, 0xA0E3,
    0xF800, 0x0000, 0x0000, 0x7086, 0xB924, 0xB924, 0xD184, 0xD184, 0xD184, 0xA103, 0x56FD, 0x56FD, 0x0001, 0x0001, 0x0001, 0x0001,
    0x0001, 0x0001, 0x0001, 0x0001, 0x0001, 0x0000, 0xA103, 0xA103, 0xC964, 0xD184, 0xD184, 0xB124, 0x70A6, 0x70A6, 0x0000, 0x0001,
    0x0001, 0x28A1, 0xD184, 0xD184, 0x0001, 0x0001, 0x0001, 0x0001, 0x0001, 0x0001, 0x0001, 0x0001, 0x0001, 0x8759, 0xA0E3, 0xA0E3,
    0x0001, 0x07E0, 0x07E0, 0x78A6, 0xB924, 0xB924, 0xD184, 0xD184, 0xD184, 0xA103, 0x56FD, 0x56FD, 0x0001, 0x0001, 0x0001, 0x0001,
    0x0001, 0x0001, 0x0001, 0x0001, 0x0001, 0x0000, 0xA103, 0xA103, 0xC964, 0xD184, 0xD184, 0xB124, 0x70A6, 0x70A6, 0x0000, 0x0001,
    0x0001, 0x28A1, 0xD184, 0xD184, 0x0001, 0x0001, 0x0001, 0x0001, 0x0001, 0x0001, 0x0001, 0x0001, 0x0001, 0x8759, 0xA0E3, 0xA0E3,
    0x0001, 0x07E0, 0x07E0, 0x78A6, 0xB924, 0xB924, 0xD184, 0xD184, 0xD184, 0xA103, 0x56FD, 0x56FD, 0x0001, 0x0001, 0x0001, 0x0001,
    0x0001, 0x0001, 0x0001, 0x0001, 0x0001, 0x0001, 0x0000, 0x0000, 0xA0E3, 0xC964, 0xC964, 0x5A27, 0x7126, 0x7126, 0x00A0, 0x0001,
    0x0001, 0x28A1, 0xD184, 0xD184, 0x0001, 0x0001, 0x0001, 0x0001, 0x0001, 0x0001, 0x0001, 0x0001, 0x0001, 0x8759, 0xA0E3, 0xA0E3,
    0x0001, 0x0000, 0x0000, 0x70A6, 0xA8E3, 0xA8E3, 0x0000, 0xD184, 0xD184, 0xA103, 0x0001, 0x0001, 0x0001, 0x0001, 0x0001, 0x0001,
    0x0001, 0x0001, 0x0001, 0x0001, 0x0001, 0x0001, 0x0001, 0x0001, 0x0000, 0x0000, 0x0000, 0x0000, 0x0000, 0x0000, 0x0001, 0x0001,
    0x0001, 0x0001, 0x0001, 0x0001, 0x0001, 0x0001, 0x0001, 0x0001, 0x0001, 0x0001, 0x0001, 0x0001, 0x0001, 0x0001, 0x0001, 0x0001,
    0x0001, 0x0001, 0x0001, 0x0000, 0x0000, 0x0000, 0x0000, 0x0000, 0x0000, 0x0001, 0x0001, 0x0001, 0x0001, 0x0001, 0x0001, 0x0001,
    0x0001, 0x0001, 0x0001, 0x0001, 0x0001, 0x0001, 0x0001, 0x0001, 0x0000, 0x0000, 0x0000, 0x0000, 0x0000, 0x0000, 0x0001, 0x0001,
    0x0001, 0x0001, 0x0001, 0x0001, 0x0001, 0x0001, 0x0001, 0x0001, 0x0001, 0x0001, 0x0001, 0x0001, 0x0001, 0x0001, 0x0001, 0x0001,
    0x0001, 0x0001, 0x0001, 0x0000, 0x0000, 0x0000, 0x0000, 0x0000, 0x0000, 0x0001, 0x0001, 0x0001, 0x0001, 0x0001, 0x0001, 0x0001,
    0x0001, 0x0001, 0x0001, 0x0001, 0x0001, 0x0001, 0x0001, 0x0001, 0x0001, 0x0001, 0x0001, 0x0001, 0x0001, 0x0001, 0x0001, 0x0001,
    0x0001, 0x0001, 0x0001, 0x0001, 0x0001, 0x0001, 0x0001, 0x0001, 0x0001, 0x0001, 0x0001, 0x0001, 0x0001, 0x0001, 0x0001, 0x0001,
    0x0001, 0x0001, 0x0001, 0x0001, 0x0001, 0x0001, 0x0001, 0x0001, 0x0001, 0x0001, 0x0001, 0x0001, 0x0001, 0x0001, 0x0001, 0x0001,
    0x0001, 0x0001, 0x0001, 0x0001, 0x0001, 0x0001, 0x0001, 0x0001, 0x0001, 0x0001, 0x0001, 0x0001, 0x0001, 0x0001, 0x0001, 0x0001,
    0x0001, 0x0001, 0x0001, 0x0001, 0x0001, 0x0001, 0x0001, 0x0001, 0x0001, 0x0001, 0x0001, 0x0001, 0x0001, 0x0001, 0x0001, 0x0001,
    0x0001, 0x0001, 0x0001, 0x0001, 0x0001, 0x0001, 0x0001, 0x0001, 0x0001, 0x0001, 0x0001, 0x0001, 0x0001, 0x0001, 0x0001, 0x0001,
    0x0001, 0x0001, 0x0001, 0x0001, 0x0001, 0x0001, 0x0001, 0x0001, 0x0001, 0x0001, 0x0001, 0x0001, 0x0001, 0x0001, 0x0001, 0x0001,
    0x0001, 0x0001, 0x0001, 0x0001, 0x0001, 0x0001, 0x0001, 0x0001, 0x0001, 0x0001, 0x0001, 0x0001, 0x0001, 0x0001, 0x0001, 0x0001,
    0x0001, 0x0001, 0x0001, 0x0001, 0x0001, 0x0001, 0x0001, 0x0001, 0x0001, 0x0001, 0x0001, 0x0001, 0x0001, 0x0001, 0x0001, 0x0001,
    0x0001, 0x0001, 0x0001, 0x0001, 0x0001, 0x0001, 0x0001, 0x0001, 0x0001, 0x0001, 0x0001, 0x0001, 0x0001, 0x0001, 0x0001, 0x0001,
    0x0001, 0x0001, 0x0001, 0x0001, 0x0001, 0x0001, 0x0001, 0x0001, 0x0001, 0x0001, 0x0001, 0x0001, 0x0001, 0x0001, 0x0001, 0x0001,
    0x0001, 0x0001, 0x0001, 0x0001, 0x0001, 0x0001, 0x0001, 0x0001, 0x0001, 0x0001, 0x0001, 0x0001, 0x0001, 0x0001, 0x0001, 0x0001
  }
};

static_assert(sizeof(STATUS_WARNING_FRAMES) ==
              STATUS_WARNING_FRAME_COUNT * STATUS_ICON_WIDTH * STATUS_ICON_HEIGHT * sizeof(uint16_t));

constexpr uint8_t STATUS_STALE_FRAME_COUNT = 4;
const uint16_t STATUS_STALE_FRAMES[STATUS_STALE_FRAME_COUNT]
                                 [STATUS_ICON_WIDTH * STATUS_ICON_HEIGHT] PROGMEM = {
  {
    0x0001, 0x0001, 0x0001, 0x0001, 0x0001, 0x0001, 0x0001, 0x0001, 0x0001, 0x0001, 0x0001, 0x0001, 0x0001, 0x0001, 0x0001, 0x0001,
    0x0001, 0x0001, 0x0001, 0x0001, 0x0001, 0x0001, 0x0001, 0x0001, 0x0001, 0x0001, 0x0001, 0x0001, 0x0001, 0x0001, 0x0001, 0x0001,
    0x0001, 0x0001, 0x0001, 0x0001, 0x0001, 0x0001, 0x0001, 0x0001, 0x0001, 0x0001, 0x0001, 0x0001, 0x0001, 0x0001, 0x0001, 0x0001,
    0x0001, 0x0001, 0x0001, 0x0001, 0x0001, 0x0001, 0x0001, 0x0001, 0x0001, 0x0001, 0x0001, 0x0001, 0x0001, 0x0001, 0x0001, 0x0001,
    0x0001, 0x0001, 0x0001, 0x0001, 0x0001, 0x0001, 0x0001, 0x0001, 0x0001, 0x0001, 0x0001, 0x0001, 0x0001, 0x0001, 0x0001, 0x0001,
    0x0001, 0x0001, 0x0001, 0x0001, 0x0001, 0x0001, 0x0001, 0x0001, 0x0001, 0x0001, 0x0001, 0x0001, 0x0001, 0x0001, 0x0001, 0x0001,
    0x0001, 0x0001, 0x0001, 0x0001, 0x0001, 0x0001, 0x0001, 0x0001, 0x0001, 0x0001, 0x0001, 0x0001, 0x0001, 0x0001, 0x0001, 0x0000,
    0x0000, 0x0000, 0x0001, 0x0001, 0x0001, 0x0001, 0x0001, 0x0001, 0x0001, 0x0001, 0x0001, 0x0001, 0x0001, 0x0001, 0x0000, 0x0000,
    0x0000, 0x0001, 0x0001, 0x0001, 0x0001, 0x0001, 0x0001, 0x0001, 0x0001, 0x0001, 0x0001, 0x0001, 0x0001, 0x0001, 0x0001, 0x0001,
    0x0001, 0x0001, 0x0001, 0x0001, 0x0001, 0x0001, 0x0001, 0x0001, 0x0001, 0x0001, 0x0001, 0x0001, 0x0001, 0x0001, 0x0000, 0xAE9F,
    0xAE9F, 0xAE9F, 0x0000, 0x0000, 0x0001, 0x0001, 0x0001, 0x0001, 0x0001, 0x0001, 0x0001, 0x0001, 0x0001, 0x0000, 0xAE9F, 0xAE9F,
    0xAE9F, 0x0000, 0x0000, 0x0001, 0x0001, 0x0001, 0x0001, 0x0001, 0x0001, 0x0001, 0x0001, 0x0001, 0x0001, 0x0001, 0x0001, 0x0001,
    0x0001, 0x0001, 0x0001, 0x0001, 0x0001, 0x0001, 0x0001, 0x0001, 0x0001, 0x0001, 0x0001, 0x0001, 0x0001, 0x0001, 0x0000, 0xAE9F,
    0xAE9F, 0xAE9F, 0x0000, 0x0000, 0x0001, 0x0001, 0x0001, 0x0001, 0x0001, 0x0001, 0x0001, 0x0001, 0x0001, 0x0000, 0xAE9F, 0xAE9F,
    0xAE9F, 0x0000, 0x0000, 0x0001, 0x0001, 0x0001, 0x0001, 0x0001, 0x0001, 0x0001, 0x0001, 0x0001, 0x0001, 0x0001, 0x0001, 0x0001,
    0x0001, 0x0001, 0x0001, 0x0001, 0x0001, 0x0001, 0x0001, 0x0001, 0x0001, 0x0001, 0x0001, 0x0001, 0x0001, 0x0001, 0x0000, 0x496A,
    0x496A, 0xB98F, 0x0000, 0x0000, 0x0001, 0x0001, 0x0001, 0x0001, 0x0001, 0x0001, 0x0001, 0x0001, 0x0001, 0x0000, 0x6359, 0x6359,
    0x9491, 0x0000, 0x0000, 0x0001, 0x0001, 0x0001, 0x0001, 0x0001, 0x0001, 0x0001, 0x0001, 0x0001, 0x0001, 0x0001, 0x0001, 0x0001,
    0x0001, 0x0001, 0x0001, 0x0001, 0x0001, 0x0001, 0x0001, 0x0001, 0x0001, 0x0001, 0x0001, 0x0001, 0x0001, 0x0001, 0x0001, 0x0001,
    0x0001, 0x0000, 0x6379, 0x6379, 0x0000, 0x0000, 0x0000, 0x0000, 0x0000, 0x0000, 0x0000, 0x0000, 0x0000, 0x6359, 0x0000, 0x0000,
    0x0001, 0x0001, 0x0001, 0x0001, 0x0001, 0x0001, 0x0001, 0x0001, 0x0001, 0x0001, 0x0001, 0x0001, 0x0001, 0x0001, 0x0001, 0x0001,
    0x0001, 0x0001, 0x0001, 0x0001, 0x0001, 0x0001, 0x0001, 0x0001, 0x0001, 0x0001, 0x0001, 0x0001, 0x0001, 0x0001, 0x0001, 0x0001,
    0x0001, 0x0000, 0x6379, 0x6379, 0x0000, 0x0000, 0x0000, 0x0000, 0x0000, 0x0000, 0x0000, 0x0000, 0x0000, 0x6359, 0x0000, 0x0000,
    0x0001, 0x0001, 0x0001, 0x0001, 0x0001, 0x0001, 0x0001, 0x0001, 0x0001, 0x0001, 0x0001, 0x0001, 0x0001, 0x0001, 0x0001, 0x0001,
    0x0001, 0x0001, 0x0001, 0x0001, 0x0001, 0x0001, 0x0001, 0x0001, 0x0001, 0x0001, 0x0001, 0x0001, 0x0001, 0x0001, 0x0001, 0x0001,
    0x0001, 0x0000, 0x0000, 0x0000, 0xF345, 0xF344, 0xF344, 0xEB45, 0xF345, 0xF345, 0xF345, 0xF344, 0xF344, 0x0000, 0x0000, 0x0000,
    0x0001, 0x0001, 0x0001, 0x0001, 0x0001, 0x0001, 0x0001, 0x0001, 0x0001, 0x0001, 0x0001, 0x0001, 0x0001, 0x0001, 0x0001, 0x0001,
    0x0001, 0x0001, 0x0001, 0x0001, 0x0001, 0x0001, 0x0001, 0x0001, 0x0001, 0x0001, 0x0001, 0x0001, 0x0001, 0x0001, 0x0001, 0x0000,
    0x0000, 0xD164, 0x0000, 0x0000, 0xF344, 0xFC6B, 0xFC6B, 0xEBE8, 0xF345, 0xF345, 0xF2A1, 0xE23E, 0xE23E, 0xD189, 0x07E0, 0x07E0,
    0x2E9B, 0x0001, 0x0001, 0x0001, 0x0001, 0x0001, 0x0001, 0x0001, 0x0001, 0x0001, 0x0001, 0x0001, 0x0001, 0x0001, 0x0001, 0x0001,
    0x0001, 0x0001, 0x0001, 0x0001, 0x0001, 0x0001, 0x0001, 0x0001, 0x0001, 0x0001, 0x0001, 0x0001, 0x0001, 0x0001, 0x0001, 0x0000,
    0x0000, 0xD164, 0x0000, 0x0000, 0xF344, 0xFC6B, 0xFC6B, 0xEBE8, 0xF345, 0xF345, 0xF2A1, 0xE23E, 0xE23E, 0xD189, 0x07E0, 0x07E0,
    0x2E9B, 0x0001, 0x0001, 0x0001, 0x0001, 0x0001, 0x0001, 0x0001, 0x0001, 0x0001, 0x0001, 0x0001, 0x0001, 0x0001, 0x0001, 0x0001,
    0x0001, 0x0001, 0x0001, 0x0001, 0x0001, 0x0001, 0x0001, 0x0001, 0x0001, 0x0001, 0x0001, 0x0001, 0x0001, 0x0001, 0x0000, 0xA903,
    0xA903, 0xD184, 0x19C1, 0x19C1, 0xEB45, 0xFC6B, 0xFC6B, 0xEBE8, 0xF345, 0xF345, 0xF2A1, 0xE23E, 0xE23E, 0xF349, 0x07E0, 0x07E0,
    0xD79F, 0x0001, 0x0001, 0x0001, 0x0001, 0x0001, 0x0001, 0x0001, 0x0001, 0x0001, 0x0001, 0x0001, 0x0001, 0x0001, 0x0001, 0x0001,
    0x0001, 0x0001, 0x0001, 0x0001, 0x0001, 0x0001, 0x0001, 0x0001, 0x0001, 0x0001, 0x0001, 0x0001, 0x0000, 0x0000, 0xA8E3, 0xF344,
    0xF344, 0xA103, 0xA0E3, 0xA0E3, 0xF345, 0xF344, 0xF344, 0xEB45, 0xEB45, 0xEB45, 0xF345, 0xEB45, 0xEB45, 0xA0E3, 0xA0E3, 0xA0E3,
    0xF345, 0xA903, 0xA903, 0x0000, 0x0001, 0x0001, 0x0001, 0x0001, 0x0001, 0x0001, 0x0001, 0x0001, 0x0001, 0x0001, 0x0001, 0x0001,
    0x0001, 0x0001, 0x0001, 0x0001, 0x0001, 0x0001, 0x0001, 0x0001, 0x0001, 0x0001, 0x0001, 0x0001, 0x0000, 0x0000, 0xA8E3, 0xF344,
    0xF344, 0xA103, 0xA0E3, 0xA0E3, 0xF345, 0xF344, 0xF344, 0xEB45, 0xEB45, 0xEB45, 0xF345, 0xEB45, 0xEB45, 0xA0E3, 0xA0E3, 0xA0E3,
    0xF345, 0xA903, 0xA903, 0x0000, 0x0001, 0x0001, 0x0001, 0x0001, 0x0001, 0x0001, 0x0001, 0x0001, 0x0001, 0x0001, 0x0001, 0x0001,
    0x0001, 0x0001, 0x0001, 0x0001, 0x0001, 0x0001, 0x0001, 0x0001, 0x0001, 0x0001, 0x0001, 0x0001, 0x0000, 0x0000, 0xA8E3, 0xEB45,
    0xEB45, 0xA903, 0x68C6, 0x68C6, 0xA0E2, 0xEB45, 0xEB45, 0x3D86, 0xEB45, 0xEB45, 0x9903, 0xF344, 0xF344, 0x68A6, 0xE120, 0xE120,
    0xF343, 0xA0E3, 0xA0E3, 0x0000, 0x0001, 0x0001, 0x0001, 0x0001, 0x0001, 0x0001, 0x0001, 0x0001, 0x0001, 0x0001, 0x0001, 0x0001,
    0x0001, 0x0001, 0x0001, 0x0001, 0x0001, 0x0001, 0x0001, 0x0001, 0x0001, 0x0001, 0x0001, 0x0001, 0x0000, 0x0000, 0xC964, 0xF345,
    0xF345, 0xA0E3, 0x3698, 0x3698, 0x001E, 0x70D9, 0x70D9, 0xF324, 0xA0E3, 0xA0E3, 0x3698, 0x4A41, 0x4A41, 0x3698, 0xE120, 0xE120,
    0xEB43, 0xD184, 0xD184, 0x0000, 0x0001, 0x0001, 0x0001, 0x0001, 0x0001, 0x0001, 0x0001, 0x0001, 0x0001, 0x0001, 0x0001, 0x0001,
    0x0001, 0x0001, 0x0001, 0x0001, 0x0001, 0x0001, 0x0001, 0x0001, 0x0001, 0x0001, 0x0001, 0x0001, 0x0000, 0x0000, 0xC964, 0xF345,
    0xF345, 0xA0E3, 0x3698, 0x3698, 0x001E, 0x70D9, 0x70D9, 0xF324, 0xA0E3, 0xA0E3, 0x3698, 0x4A41, 0x4A41, 0x3698, 0xE120, 0xE120,
    0xEB43, 0xD184, 0xD184, 0x0000, 0x0001, 0x0001, 0x0001, 0x0001, 0x0001, 0x0001, 0x0001, 0x0001, 0x0001, 0x0001, 0x0001, 0x0001,
    0x0001, 0x0001, 0x0001, 0x0001, 0x0001, 0x0001, 0x0001, 0x0001, 0x0001, 0x0001, 0x0001, 0x0000, 0xA903, 0xA903, 0xD184, 0xD184,
    0xD184, 0xE226, 0xFFDD, 0xFFDD, 0x001E, 0xA099, 0xA099, 0x1BA5, 0xC964, 0xC964, 0x5658, 0x4A41, 0x4A41, 0xFFDD, 0x1A43, 0x1A43,
    0xD183, 0xD184, 0xD184, 0xA903, 0x0000, 0x0000, 0x0001, 0x0001, 0x0001, 0x0001, 0x0001, 0x0001, 0x0001, 0x0001, 0x0001, 0x0001,
    0x0001, 0x0001, 0x0001, 0x0001, 0x0001, 0x0001, 0x0001, 0x0001, 0x0001, 0x0001, 0x0001, 0x0000, 0xA903, 0xA903, 0xC964, 0xEAA8,
    0xEAA8, 0xDA26, 0xFFDD, 0xFFDD, 0x5E35, 0xA099, 0xA099, 0x3D86, 0xEB25, 0xEB25, 0x5637, 0xA078, 0xA078, 0xFFBD, 0x1263, 0x1263,
    0xEAA7, 0xD184, 0xD184, 0xA903, 0x0000, 0x0000, 0x0001, 0x0001, 0x0001, 0x0001, 0x0001, 0x0001, 0x0001, 0x0001, 0x0001, 0x0001,
    0x0001, 0x0001, 0x0001, 0x0001, 0x0001, 0x0001, 0x0001, 0x0001, 0x0001, 0x0001, 0x0001, 0x0000, 0xA903, 0xA903, 0xC964, 0xEAA8,
    0xEAA8, 0xDA26, 0xFFDD, 0xFFDD, 0x5E35, 0xA099, 0xA099, 0x3D86, 0xEB25, 0xEB25, 0x5637, 0xA078, 0xA078, 0xFFBD, 0x1263, 0x1263,
    0xEAA7, 0xD184, 0xD184, 0xA903, 0x0000, 0x0000, 0x0001, 0x0001, 0x0001, 0x0001, 0x0001, 0x0001, 0x0001, 0x0001, 0x0001, 0x0001,
    0x0001, 0x0001, 0x0001, 0x0001, 0x0001, 0x0001, 0x0001, 0x0001, 0x0001, 0x0001, 0x0001, 0x0000, 0xA903, 0xA903, 0xC964, 0xEAA8,
    0xEAA8, 0xC964, 0xC964, 0xC964, 0xE816, 0xA098, 0xA098, 0x3D86, 0xEB25, 0xEB25, 0xEB25, 0xA097, 0xA097, 0xCB1C, 0x1263, 0x1263,
    0xFB29, 0xE987, 0xE987, 0xD104, 0x0000, 0x0000, 0x0001, 0x0001, 0x0001, 0x0001, 0x0001, 0x0001, 0x0001, 0x0001, 0x0001, 0x0001,
    0x0001, 0x0001, 0x0001, 0x0001, 0x0001, 0x0001, 0x0001, 0x0001, 0x0001, 0x0001, 0x0001, 0x0000, 0xA903, 0xA903, 0xD164, 0xEAA8,
    0xEAA8, 0xE226, 0xDA26, 0xDA26, 0x04D1, 0xA099, 0xA099, 0x3D86, 0xEB25, 0xEB25, 0xEB25, 0xBD32, 0xBD32, 0xDBBE, 0x2B05, 0x2B05,
    0xFB29, 0xE987, 0xE987, 0xC8E4, 0x0000, 0x0000, 0x0001, 0x0001, 0x0001, 0x0001, 0x0001, 0x0001, 0x0001, 0x0001, 0x0001, 0x0001,
    0x0001, 0x0001, 0x0001, 0x0001, 0x0001, 0x0001, 0x0001, 0x0001, 0x0001, 0x0001, 0x0001, 0x0000, 0xA903, 0xA903, 0xD164, 0xEAA8,
    0xEAA8, 0xE226, 0xDA26, 0xDA26, 0x04D1, 0xA099, 0xA099, 0x3D86, 0xEB25, 0xEB25, 0xEB25, 0xBD32, 0xBD32, 0xDBBE, 0x2B05, 0x2B05,
    0xFB29, 0xE987, 0xE987, 0xC8E4, 0x0000, 0x0000, 0x0001, 0x0001, 0x0001, 0x0001, 0x0001, 0x0001, 0x0001, 0x0001, 0x0001, 0x0001,
    0x0001, 0x0001, 0x0001, 0x0001, 0x0001, 0x0001, 0x0001, 0x0001, 0x0001, 0x0000, 0x0000, 0x0000, 0x0000, 0x0000, 0xA0E3, 0xD184,
    0xD184, 0xD164, 0xDA26, 0xDA26, 0xE226, 0x0000, 0x0000, 0x0000, 0x0000, 0x0000, 0x0000, 0xDA06, 0xDA06, 0xDA26, 0xD164, 0xD164,
    0xD184, 0xA103, 0xA103, 0x0000, 0x0000, 0x0000, 0x0000, 0x0001, 0x0001, 0x0001, 0x0001, 0x0001, 0x0001, 0x0001, 0x0001, 0x0001,
    0x0001, 0x0001, 0x0001, 0x0001, 0x0001, 0x0001, 0x0000, 0x0000, 0xA0E3, 0xEB45, 0xEB45, 0xA0E3, 0x0000, 0x0000, 0x0000, 0xA8E3,
    0xA8E3, 0xA0E3, 0xD164, 0xD164, 0xD164, 0xD184, 0xD184, 0xD184, 0xD184, 0xD184, 0xD184, 0xD164, 0xD164, 0xD164, 0xA0E3, 0xA0E3,
    0xA0E3, 0x0000, 0x0000, 0x0000, 0xA0E3, 0xA0E3, 0xEB65, 0xA0E3, 0xA0E3, 0x0000, 0x0001, 0x0001, 0x0001, 0x0001, 0x0001, 0x0001,
    0x0001, 0x0001, 0x0001, 0x0001, 0x0001, 0x0001, 0x0000, 0x0000, 0xA0E3, 0xEB45, 0xEB45, 0xA0E3, 0x0000, 0x0000, 0x0000, 0xA8E3,
    0xA8E3, 0xA0E3, 0xD164, 0xD164, 0xD164, 0xD184, 0xD184, 0xD184, 0xD184, 0xD184, 0xD184, 0xD164, 0xD164, 0xD164, 0xA0E3, 0xA0E3,
    0xA0E3, 0x0000, 0x0000, 0x0000, 0xA0E3, 0xA0E3, 0xEB65, 0xA0E3, 0xA0E3, 0x0000, 0x0001, 0x0001, 0x0001, 0x0001, 0x0001, 0x0001,
    0x0001, 0x0001, 0x0001, 0x0001, 0x0001, 0x0001, 0x0000, 0x0000, 0x70C7, 0xA901, 0xA901, 0x0000, 0xA0E3, 0xA0E3, 0x2061, 0xDF9F,
    0xDF9F, 0xA8E3, 0x7987, 0x7987, 0xC964, 0xD185, 0xD185, 0xD184, 0xD184, 0xD184, 0xD184, 0xD164, 0xD164, 0xD164, 0x0000, 0x0000,
    0xA0E3, 0xC964, 0xC964, 0xDF9F, 0x07E0, 0x07E0, 0x5103, 0x7086, 0x7086, 0x0000, 0x0001, 0x0001, 0x0001, 0x0001, 0x0001, 0x0001,
    0x0001, 0x0001, 0x0001, 0x0001, 0x0001, 0x0000, 0xA103, 0xA103, 0xA0E3, 0x0000, 0x0000, 0xEB65, 0xEB65, 0xEB65, 0xA903, 0xA0E3,
    0xA0E3, 0x0000, 0x0000, 0x0000, 0x0000, 0x0000, 0x0000, 0x0000, 0x0000, 0x0000, 0x0000, 0x0000, 0x0000, 0x0000, 0x0000, 0x0000,
    0xA0E3, 0xA903, 0xA903, 0xEB65, 0xEB45, 0xEB45, 0x0000, 0xB124, 0xB124, 0xA103, 0x0000, 0x0000, 0x0001, 0x0001, 0x0001, 0x0001,
    0x0001, 0x0001, 0x0001, 0x0001, 0x0001, 0x0000, 0xA103, 0xA103, 0xA0E3, 0x0000, 0x0000, 0xEB65, 0xEB65, 0xEB65, 0xA903, 0xA0E3,
    0xA0E3, 0x0000, 0x0000, 0x0000, 0x0000, 0x0000, 0x0000, 0x0000, 0x0000, 0x0000, 0x0000, 0x0000, 0x0000, 0x0000, 0x0000, 0x0000,
    0xA0E3, 0xA903, 0xA903, 0xEB65, 0xEB45, 0xEB45, 0x0000, 0xB124, 0xB124, 0xA103, 0x0000, 0x0000, 0x0001, 0x0001, 0x0001, 0x0001,
    0x0001, 0x0001, 0x0001, 0x0001, 0x0001, 0x0000, 0xA0E3, 0xA0E3, 0x0000, 0xEB45, 0xEB45, 0xA103, 0xA0E3, 0xA0E3, 0xA8E3, 0x0000,
    0x0000, 0x0000, 0x0000, 0x0000, 0x0000, 0xA903, 0xA903, 0xA903, 0xA903, 0xA903, 0xA903, 0x0000, 0x0000, 0x0000, 0x0000, 0x0000,
    0x0000, 0xA0E3, 0xA0E3, 0xA0E3, 0xA0E3, 0xA0E3, 0xEB45, 0x0000, 0x0000, 0xA903, 0x0000, 0x0000, 0x0001, 0x0001, 0x0001, 0x0001,
    0x0001, 0x0001, 0x0001, 0x0000, 0x0000, 0x78C7, 0x0000, 0x0000, 0x0000, 0xA0E3, 0xA0E3, 0xA0E3, 0xEB04, 0xEB04, 0x7884, 0x0000,
    0x0000, 0x0001, 0x0000, 0x0000, 0x0000, 0x0000, 0x0000, 0x0000, 0x0000, 0x0000, 0x0000, 0x0000, 0x0000, 0x0000, 0x0001, 0x0001,
    0x0000, 0x7884, 0x7884, 0xEB45, 0xA0E3, 0xA0E3, 0xA0E3, 0x0000, 0x0000, 0x0000, 0x78C7, 0x78C7, 0x0000, 0x0001, 0x0001, 0x0001,
    0x0001, 0x0001, 0x0001, 0x0000, 0x0000, 0x78C7, 0x0000, 0x0000, 0x0000, 0xA0E3, 0xA0E3, 0xA0E3, 0xEB04, 0xEB04, 0x7884, 0x0000,
    0x0000, 0x0001, 0x0000, 0x0000, 0x0000, 0x0000, 0x0000, 0x0000, 0x0000, 0x0000, 0x0000, 0x0000, 0x0000, 0x0000, 0x0001, 0x0001,
    0x0000, 0x7884, 0x7884, 0xEB45, 0xA0E3, 0xA0E3, 0xA0E3, 0x0000, 0x0000, 0x0000, 0x78C7, 0x78C7, 0x0000, 0x0001, 0x0001, 0x0001,
    0x0001, 0x0001, 0x0001, 0x0000, 0x0000, 0xA103, 0x0000, 0x0000, 0xA0E3, 0xF345, 0xF345, 0xA0C3, 0xEB04, 0xEB04, 0xF344, 0xA643,
    0xA643, 0x5F1D, 0x78C7, 0x78C7, 0xFFE0, 0x0000, 0x0000, 0xFFE0, 0x0000, 0x0000, 0x0000, 0x0000, 0x0000, 0xFFC0, 0x8F7A, 0x8F7A,
    0xA0E3, 0xCAE5, 0xCAE5, 0xEB45, 0xF345, 0xF345, 0xA0E3, 0xA5A3, 0xA5A3, 0x5F1D, 0xA103, 0xA103, 0x0000, 0x0001, 0x0001, 0x0001,
    0x0001, 0x0001, 0x0001, 0x0000, 0x0000, 0xA903, 0x0000, 0x0000, 0xC964, 0xF345, 0xF345, 0xA0C3, 0xEB04, 0xEB04, 0xA0E3, 0xF084,
    0xF084, 0x0000, 0x0000, 0x0000, 0xFFE0, 0x285D, 0x285D, 0x285D, 0x307D, 0x307D, 0x305D, 0x0000, 0x0000, 0x8F5A, 0x307D, 0x307D,
    0xF344, 0x80A3, 0x80A3, 0xEB45, 0xF345, 0xF345, 0xA0E3, 0xCE04, 0xCE04, 0x5F1D, 0xA103, 0xA103, 0x0000, 0x0001, 0x0001, 0x0001,
    0x0001, 0x0001, 0x0001, 0x0000, 0x0000, 0xA903, 0x0000, 0x0000, 0xC964, 0xF345, 0xF345, 0xA0C3, 0xEB04, 0xEB04, 0xA0E3, 0xF084,
    0xF084, 0x0000, 0x0000, 0x0000, 0xFFE0, 0x285D, 0x285D, 0x285D, 0x307D, 0x307D, 0x305D, 0x0000, 0x0000, 0x8F5A, 0x307D, 0x307D,
    0xF344, 0x80A3, 0x80A3, 0xEB45, 0xF345, 0xF345, 0xA0E3, 0xCE04, 0xCE04, 0x5F1D, 0xA103, 0xA103, 0x0000, 0x0001, 0x0001, 0x0001,
    0x0001, 0x0001, 0x0001, 0x0000, 0x0000, 0x0000, 0xA0E3, 0xA0E3, 0xD164, 0xF345, 0xF345, 0xA0C3, 0xEB04, 0xEB04, 0xA903, 0xF085,
    0xF085, 0x2881, 0x0700, 0x0700, 0x0001, 0x285D, 0x285D, 0x285D, 0x307D, 0x307D, 0x305D, 0x0001, 0x0001, 0x8F5A, 0x58FE, 0x58FE,
    0xF345, 0x4846, 0x4846, 0x3343, 0xEB45, 0xEB45, 0xA0E3, 0xCE04, 0xCE04, 0xF800, 0x0000, 0x0000, 0x0000, 0x0001, 0x0001, 0x0001,
    0x0001, 0x0001, 0x0001, 0x0000, 0x0000, 0x0000, 0xA103, 0xA103, 0xD184, 0xD164, 0xD164, 0xA0C3, 0xFFC0, 0xFFC0, 0x78C6, 0xD6C4,
    0xD6C4, 0x2881, 0xA003, 0xA003, 0x8739, 0x285D, 0x285D, 0x0001, 0x0001, 0x0001, 0x0001, 0x001D, 0x001D, 0x283D, 0x58FE, 0x58FE,
    0xD184, 0x4846, 0x4846, 0x47FE, 0xEB45, 0xEB45, 0x8F43, 0xD644, 0xD644, 0xF800, 0x0000, 0x0000, 0x0000, 0x0001, 0x0001, 0x0001,
    0x0001, 0x0001, 0x0001, 0x0000, 0x0000, 0x0000, 0xA103, 0xA103, 0xD184, 0xD164, 0xD164, 0xA0C3, 0xFFC0, 0xFFC0, 0x78C6, 0xD6C4,
    0xD6C4, 0x2881, 0xA003, 0xA003, 0x8739, 0x285D, 0x285D, 0x0001, 0x0001, 0x0001, 0x0001, 0x001D, 0x001D, 0x283D, 0x58FE, 0x58FE,
    0xD184, 0x4846, 0x4846, 0x47FE, 0xEB45, 0xEB45, 0x8F43, 0xD644, 0xD644, 0xF800, 0x0000, 0x0000, 0x0000, 0x0001, 0x0001, 0x0001,
    0x0001, 0x0001, 0x0001, 0x0001, 0x0001, 0x0000, 0xA103, 0xA103, 0xA103, 0xD164, 0xD164, 0x8F23, 0x7066, 0x7066, 0x0000, 0xA643,
    0xA643, 0x2881, 0xA003, 0xA003, 0x8739, 0x285D, 0x285D, 0x0001, 0x0001, 0x0001, 0x0001, 0x001D, 0x001D, 0x285D, 0x58FE, 0x58FE,
    0xA103, 0xDFA0, 0xDFA0, 0xB8A4, 0xD184, 0xD184, 0x8F23, 0xA5A3, 0xA5A3, 0xF800, 0x0000, 0x0000, 0x0001, 0x0001, 0x0001, 0x0001,
    0x0001, 0x0001, 0x0001, 0x0001, 0x0001, 0x0001, 0x0000, 0x0000, 0xA103, 0xC964, 0xC964, 0x8703, 0x7886, 0x7886, 0x0000, 0x0540,
    0x0540, 0x0000, 0xA003, 0xA003, 0x8739, 0x285D, 0x285D, 0x0001, 0x0001, 0x0001, 0x0001, 0x001D, 0x001D, 0x283D, 0x307D, 0x307D,
    0x0000, 0xDFA0, 0xDFA0, 0xB885, 0xC984, 0xC984, 0x76E2, 0xA5A3, 0xA5A3, 0x5F1D, 0x0001, 0x0001, 0x0001, 0x0001, 0x0001, 0x0001,
    0x0001, 0x0001, 0x0001, 0x0001, 0x0001, 0x0001, 0x0000, 0x0000, 0xA103, 0xC964, 0xC964, 0x8703, 0x7886, 0x7886, 0x0000, 0x0540,
    0x0540, 0x0000, 0xA003, 0xA003, 0x8739, 0x285D, 0x285D, 0x0001, 0x0001, 0x0001, 0x0001, 0x001D, 0x001D, 0x283D, 0x307D, 0x307D,
    0x0000, 0xDFA0, 0xDFA0, 0xB885, 0xC984, 0xC984, 0x76E2, 0xA5A3, 0xA5A3, 0x5F1D, 0x0001, 0x0001, 0x0001, 0x0001, 0x0001, 0x0001,
    0x0001, 0x0001, 0x0001, 0x0001, 0x0001, 0x0001, 0x0001, 0x0001, 0x0000, 0xA0E3, 0xA0E3, 0xA103, 0xA903, 0xA903, 0x98E3, 0x0000,
    0x0000, 0x0000, 0x0000, 0x0000, 0x0001, 0x0001, 0x0001, 0x0001, 0x0001, 0x0001, 0x0001, 0x0001, 0x0001, 0x0000, 0x0000, 0x0000,
    0x0001, 0x78C7, 0x78C7, 0xA0E3, 0xA103, 0xA103, 0xA903, 0x0000, 0x0000, 0x0001, 0x0001, 0x0001, 0x0001, 0x0001, 0x0001, 0x0001,
    0x0001, 0x0001, 0x0001, 0x0001, 0x0001, 0x0001, 0x0001, 0x0001, 0x0001, 0x0000, 0x0000, 0x0000, 0x0000, 0x0000, 0x0000, 0x0001,
    0x0001, 0x0001, 0x0001, 0x0001, 0x0001, 0x0001, 0x0001, 0x0001, 0x0001, 0x0001, 0x0001, 0x0001, 0x0001, 0x0001, 0x0001, 0x0001,
    0x0001, 0x0000, 0x0000, 0x0000, 0x0000, 0x0000, 0x0000, 0x0001, 0x0001, 0x0001, 0x0001, 0x0001, 0x0001, 0x0001, 0x0001, 0x0001,
    0x0001, 0x0001, 0x0001, 0x0001, 0x0001, 0x0001, 0x0001, 0x0001, 0x0001, 0x0000, 0x0000, 0x0000, 0x0000, 0x0000, 0x0000, 0x0001,
    0x0001, 0x0001, 0x0001, 0x0001, 0x0001, 0x0001, 0x0001, 0x0001, 0x0001, 0x0001, 0x0001, 0x0001, 0x0001, 0x0001, 0x0001, 0x0001,
    0x0001, 0x0000, 0x0000, 0x0000, 0x0000, 0x0000, 0x0000, 0x0001, 0x0001, 0x0001, 0x0001, 0x0001, 0x0001, 0x0001, 0x0001, 0x0001,
    0x0001, 0x0001, 0x0001, 0x0001, 0x0001, 0x0001, 0x0001, 0x0001, 0x0001, 0x0001, 0x0001, 0x0001, 0x0001, 0x0001, 0x0001, 0x0001,
    0x0001, 0x0001, 0x0001, 0x0001, 0x0001, 0x0001, 0x0001, 0x0001, 0x0001, 0x0001, 0x0001, 0x0001, 0x0001, 0x0001, 0x0001, 0x0001,
    0x0001, 0x0001, 0x0001, 0x0001, 0x0001, 0x0001, 0x0001, 0x0001, 0x0001, 0x0001, 0x0001, 0x0001, 0x0001, 0x0001, 0x0001, 0x0001,
    0x0001, 0x0001, 0x0001, 0x0001, 0x0001, 0x0001, 0x0001, 0x0001, 0x0001, 0x0001, 0x0001, 0x0001, 0x0001, 0x0001, 0x0001, 0x0001,
    0x0001, 0x0001, 0x0001, 0x0001, 0x0001, 0x0001, 0x0001, 0x0001, 0x0001, 0x0001, 0x0001, 0x0001, 0x0001, 0x0001, 0x0001, 0x0001,
    0x0001, 0x0001, 0x0001, 0x0001, 0x0001, 0x0001, 0x0001, 0x0001, 0x0001, 0x0001, 0x0001, 0x0001, 0x0001, 0x0001, 0x0001, 0x0001,
    0x0001, 0x0001, 0x0001, 0x0001, 0x0001, 0x0001, 0x0001, 0x0001, 0x0001, 0x0001, 0x0001, 0x0001, 0x0001, 0x0001, 0x0001, 0x0001,
    0x0001, 0x0001, 0x0001, 0x0001, 0x0001, 0x0001, 0x0001, 0x0001, 0x0001, 0x0001, 0x0001, 0x0001, 0x0001, 0x0001, 0x0001, 0x0001,
    0x0001, 0x0001, 0x0001, 0x0001, 0x0001, 0x0001, 0x0001, 0x0001, 0x0001, 0x0001, 0x0001, 0x0001, 0x0001, 0x0001, 0x0001, 0x0001,
    0x0001, 0x0001, 0x0001, 0x0001, 0x0001, 0x0001, 0x0001, 0x0001, 0x0001, 0x0001, 0x0001, 0x0001, 0x0001, 0x0001, 0x0001, 0x0001,
    0x0001, 0x0001, 0x0001, 0x0001, 0x0001, 0x0001, 0x0001, 0x0001, 0x0001, 0x0001, 0x0001, 0x0001, 0x0001, 0x0001, 0x0001, 0x0001,
    0x0001, 0x0001, 0x0001, 0x0001, 0x0001, 0x0001, 0x0001, 0x0001, 0x0001, 0x0001, 0x0001, 0x0001, 0x0001, 0x0001, 0x0001, 0x0001
  },
  {
    0x0001, 0x0001, 0x0001, 0x0001, 0x0001, 0x0001, 0x0001, 0x0001, 0x0001, 0x0001, 0x0001, 0x0001, 0x0001, 0x0001, 0x0001, 0x0001,
    0x0001, 0x0001, 0x0001, 0x0001, 0x0001, 0x0001, 0x0001, 0x0001, 0x0001, 0x0001, 0x0001, 0x0001, 0x0001, 0x0001, 0x0001, 0x0001,
    0x0001, 0x0001, 0x0001, 0x0001, 0x0001, 0x0001, 0x0001, 0x0001, 0x0001, 0x0001, 0x0001, 0x0001, 0x0001, 0x0001, 0x0001, 0x0001,
    0x0001, 0x0001, 0x0001, 0x0001, 0x0001, 0x0001, 0x0001, 0x0001, 0x0001, 0x0001, 0x0001, 0x0001, 0x0001, 0x0001, 0x0001, 0x0001,
    0x0001, 0x0001, 0x0001, 0x0001, 0x0001, 0x0001, 0x0001, 0x0001, 0x0001, 0x0001, 0x0001, 0x0001, 0x0001, 0x0001, 0x0001, 0x0001,
    0x0001, 0x0001, 0x0001, 0x0001, 0x0001, 0x0001, 0x0001, 0x0001, 0x0001, 0x0001, 0x0001, 0x0001, 0x0001, 0x0001, 0x0001, 0x0001,
    0x0001, 0x0001, 0x0001, 0x0001, 0x0001, 0x0001, 0x0001, 0x0001, 0x0001, 0x0001, 0x0001, 0x0001, 0x0001, 0x0001, 0x0001, 0x0001,
    0x0001, 0x0001, 0x0001, 0x0001, 0x0001, 0x0001, 0x0001, 0x0001, 0x0001, 0x0001, 0x0001, 0x0001, 0x0001, 0x0001, 0x0001, 0x0001,
    0x0001, 0x0001, 0x0001, 0x0001, 0x0001, 0x0001, 0x0001, 0x0001, 0x0001, 0x0001, 0x0001, 0x0001, 0x0001, 0x0001, 0x0001, 0x0001,
    0x0001, 0x0001, 0x0001, 0x0001, 0x0001, 0x0001, 0x0001, 0x0001, 0x0001, 0x0001, 0x0001, 0x0001, 0x0001, 0x0001, 0x0001, 0x0000,
    0x0000, 0x0000, 0x0001, 0x0001, 0x0001, 0x0001, 0x0001, 0x0001, 0x0001, 0x0001, 0x0001, 0x0001, 0x0001, 0x0001, 0x0000, 0x0000,
    0x0000, 0x0001, 0x0001, 0x0001, 0x0001, 0x0001, 0x0001, 0x0001, 0x0001, 0x0001, 0x0001, 0x0001, 0x0001, 0x0001, 0x0001, 0x0001,
    0x0001, 0x0001, 0x0001, 0x0001, 0x0001, 0x0001, 0x0001, 0x0001, 0x0001, 0x0001, 0x0001, 0x0001, 0x0001, 0x0001, 0x0001, 0x0000,
    0x0000, 0x0000, 0x0001, 0x0001, 0x0001, 0x0001, 0x0001, 0x0001, 0x0001, 0x0001, 0x0001, 0x0001, 0x0001, 0x0001, 0x0000, 0x0000,
    0x0000, 0x0001, 0x0001, 0x0001, 0x0001, 0x0001, 0x0001, 0x0001, 0x0001, 0x0001, 0x0001, 0x0001, 0x0001, 0x0001, 0x0001, 0x0001,
    0x0001, 0x0001, 0x0001, 0x0001, 0x0001, 0x0001, 0x0001, 0x0001, 0x0001, 0x0001, 0x0001, 0x0001, 0x0001, 0x0001, 0x0000, 0xAE9F,
    0xAE9F, 0xAE9F, 0x0000, 0x0000, 0x0001, 0x0001, 0x0001, 0x0001, 0x0001, 0x0001, 0x0001, 0x0001, 0x0001, 0x0000, 0xAE9F, 0xAE9F,
    0xAE9F, 0x0000, 0x0000, 0x0001, 0x0001, 0x0001, 0x0001, 0x0001, 0x0001, 0x0001, 0x0001, 0x0001, 0x0001, 0x0001, 0x0001, 0x0001,
    0x0001, 0x0001, 0x0001, 0x0001, 0x0001, 0x0001, 0x0001, 0x0001, 0x0001, 0x0001, 0x0001, 0x0001, 0x0001, 0x0001, 0x0000, 0x496A,
    0x496A, 0x5C7A, 0x6379, 0x6379, 0x18C3, 0x1082, 0x1082, 0x1082, 0x1082, 0x1082, 0x1082, 0x0861, 0x0861, 0x6379, 0x5C7A, 0x5C7A,
    0x496A, 0x0000, 0x0000, 0x0001, 0x0001, 0x0001, 0x0001, 0x0001, 0x0001, 0x0001, 0x0001, 0x0001, 0x0001, 0x0001, 0x0001, 0x0001,
    0x0001, 0x0001, 0x0001, 0x0001, 0x0001, 0x0001, 0x0001, 0x0001, 0x0001, 0x0001, 0x0001, 0x0001, 0x0001, 0x0001, 0x0000, 0x496A,
    0x496A, 0x5C7A, 0x6379, 0x6379, 0x18C3, 0x1082, 0x1082, 0x1082, 0x1082, 0x1082, 0x1082, 0x0861, 0x0861, 0x6379, 0x5C7A, 0x5C7A,
    0x496A, 0x0000, 0x0000, 0x0001, 0x0001, 0x0001, 0x0001, 0x0001, 0x0001, 0x0001, 0x0001, 0x0001, 0x0001, 0x0001, 0x0001, 0x0001,
    0x0001, 0x0001, 0x0001, 0x0001, 0x0001, 0x0001, 0x0001, 0x0001, 0x0001, 0x0001, 0x0001, 0x0001, 0x0001, 0x0001, 0x0001, 0x0001,
    0x0001, 0x0000, 0x0847, 0x0847, 0x0000, 0x0000, 0x0000, 0x0000, 0x0000, 0x0000, 0x0000, 0x0000, 0x0000, 0x18EB, 0x0000, 0x0000,
    0x0001, 0x0001, 0x0001, 0x0001, 0x0001, 0x0001, 0x0001, 0x0001, 0x0001, 0x0001, 0x0001, 0x0001, 0x0001, 0x0001, 0x0001, 0x0001,
    0x0001, 0x0001, 0x0001, 0x0001, 0x0001, 0x0001, 0x0001, 0x0001, 0x0001, 0x0001, 0x0001, 0x0001, 0x0001, 0x0001, 0x0001, 0x0000,
    0x0000, 0x0000, 0x0000, 0x0000, 0xEB45, 0xF345, 0xF345, 0xF345, 0xF365, 0xF365, 0xF365, 0xF345, 0xF345, 0x0000, 0x0000, 0x0000,
    0x18C3, 0x0001, 0x0001, 0x0001, 0x0001, 0x0001, 0x0001, 0x0001, 0x0001, 0x0001, 0x0001, 0x0001, 0x0001, 0x0001, 0x0001, 0x0001,
    0x0001, 0x0001, 0x0001, 0x0001, 0x0001, 0x0001, 0x0001, 0x0001, 0x0001, 0x0001, 0x0001, 0x0001, 0x0001, 0x0001, 0x0001, 0x0000,
    0x0000, 0x0000, 0x0000, 0x0000, 0xEB45, 0xF345, 0xF345, 0xF345, 0xF365, 0xF365, 0xF365, 0xF345, 0xF345, 0x0000, 0x0000, 0x0000,
    0x18C3, 0x0001, 0x0001, 0x0001, 0x0001, 0x0001, 0x0001, 0x0001, 0x0001, 0x0001, 0x0001, 0x0001, 0x0001, 0x0001, 0x0001, 0x0001,
    0x0001, 0x0001, 0x0001, 0x0001, 0x0001, 0x0001, 0x0001, 0x0001, 0x0001, 0x0001, 0x0001, 0x0001, 0x0001, 0x0001, 0x1082, 0xEF7E,
    0xEF7E, 0xD184, 0x07E0, 0x07E0, 0xF344, 0xFC6B, 0xFC6B, 0xEBE8, 0xF365, 0xF365, 0xF2A1, 0xE23E, 0xE23E, 0xD169, 0xF800, 0xF800,
    0x4F5F, 0x2925, 0x2925, 0x0001, 0x0001, 0x0001, 0x0001, 0x0001, 0x0001, 0x0001, 0x0001, 0x0001, 0x0001, 0x0001, 0x0001, 0x0001,
    0x0001, 0x0001, 0x0001, 0x0001, 0x0001, 0x0001, 0x0001, 0x0001, 0x0001, 0x0001, 0x0001, 0x0001, 0x0000, 0x0000, 0xA8E3, 0x9061,
    0x9061, 0xA903, 0x21C1, 0x21C1, 0xEB45, 0xFC6B, 0xFC6B, 0xEBE8, 0xF365, 0xF365, 0xF2A1, 0xE23E, 0xE23E, 0xF349, 0xDF9F, 0xDF9F,
    0xF022, 0x18C4, 0x18C4, 0x0001, 0x0001, 0x0001, 0x0001, 0x0001, 0x0001, 0x0001, 0x0001, 0x0001, 0x0001, 0x0001, 0x0001, 0x0001,
    0x0001, 0x0001, 0x0001, 0x0001, 0x0001, 0x0001, 0x0001, 0x0001, 0x0001, 0x0001, 0x0001, 0x0001, 0x0000, 0x0000, 0xA8E3, 0x9061,
    0x9061, 0xA903, 0x21C1, 0x21C1, 0xEB45, 0xFC6B, 0xFC6B, 0xEBE8, 0xF365, 0xF365, 0xF2A1, 0xE23E, 0xE23E, 0xF349, 0xDF9F, 0xDF9F,
    0xF022, 0x18C4, 0x18C4, 0x0001, 0x0001, 0x0001, 0x0001, 0x0001, 0x0001, 0x0001, 0x0001, 0x0001, 0x0001, 0x0001, 0x0001, 0x0001,
    0x0001, 0x0001, 0x0001, 0x0001, 0x0001, 0x0001, 0x0001, 0x0001, 0x0001, 0x0001, 0x0001, 0x0001, 0x0000, 0x0000, 0xA8E3, 0xDAC3,
    0xDAC3, 0x66A2, 0x21C1, 0x21C1, 0xEB45, 0xEB65, 0xEB65, 0xEAC2, 0xF365, 0xF365, 0xF2A1, 0xE23F, 0xE23F, 0xF349, 0xD79F, 0xD79F,
    0x3AA4, 0xC664, 0xC664, 0x0001, 0x0001, 0x0001, 0x0001, 0x0001, 0x0001, 0x0001, 0x0001, 0x0001, 0x0001, 0x0001, 0x0001, 0x0001,
    0x0001, 0x0001, 0x0001, 0x0001, 0x0001, 0x0001, 0x0001, 0x0001, 0x0001, 0x0001, 0x0001, 0x0001, 0x0000, 0x0000, 0xC964, 0xDAA3,
    0xDAA3, 0x66A2, 0xCF7F, 0xCF7F, 0xEB45, 0xEB44, 0xEB44, 0xA880, 0xA923, 0xA923, 0xF2A1, 0xDA3F, 0xDA3F, 0x98E8, 0xDF9F, 0xDF9F,
    0x3A84, 0xEEE5, 0xEEE5, 0x0001, 0x0001, 0x0001, 0x0001, 0x0001, 0x0001, 0x0001, 0x0001, 0x0001, 0x0001, 0x0001, 0x0001, 0x0001,
    0x0001, 0x0001, 0x0001, 0x0001, 0x0001, 0x0001, 0x0001, 0x0001, 0x0001, 0x0001, 0x0001, 0x0001, 0x0000, 0x0000, 0xC964, 0xDAA3,
    0xDAA3, 0x66A2, 0xCF7F, 0xCF7F, 0xEB45, 0xEB44, 0xEB44, 0xA880, 0xA923, 0xA923, 0xF2A1, 0xDA3F, 0xDA3F, 0x98E8, 0xDF9F, 0xDF9F,
    0x3A84, 0xEEE5, 0xEEE5, 0x0001, 0x0001, 0x0001, 0x0001, 0x0001, 0x0001, 0x0001, 0x0001, 0x0001, 0x0001, 0x0001, 0x0001, 0x0001,
    0x0001, 0x0001, 0x0001, 0x0001, 0x0001, 0x0001, 0x0001, 0x0001, 0x0001, 0x0001, 0x0001, 0x0000, 0x0000, 0x0000, 0xD184, 0xB902,
    0xB902, 0x76E2, 0x9EE2, 0x9EE2, 0xD0E2, 0xEB45, 0xEB45, 0xA881, 0xA923, 0xA923, 0xA860, 0xDA3F, 0xDA3F, 0x68CB, 0xDFFC, 0xDFFC,
    0x20E4, 0xEEE5, 0xEEE5, 0x0001, 0x0000, 0x0000, 0x0001, 0x0001, 0x0001, 0x0001, 0x0001, 0x0001, 0x0001, 0x0001, 0x0001, 0x0001,
    0x0001, 0x0001, 0x0001, 0x0001, 0x0001, 0x0001, 0x0001, 0x0001, 0x0001, 0x0001, 0x0001, 0x0000, 0xA104, 0xA104, 0xC964, 0xD184,
    0xD184, 0xDA27, 0xFFDD, 0xFFDD, 0x0000, 0x5E58, 0x5E58, 0xD164, 0xC964, 0xC964, 0x3698, 0x0000, 0x0000, 0xFFDD, 0xDA27, 0xDA27,
    0xD184, 0xD184, 0xD184, 0xA903, 0x0000, 0x0000, 0x0001, 0x0001, 0x0001, 0x0001, 0x0001, 0x0001, 0x0001, 0x0001, 0x0001, 0x0001,
    0x0001, 0x0001, 0x0001, 0x0001, 0x0001, 0x0001, 0x0001, 0x0001, 0x0001, 0x0001, 0x0001, 0x0000, 0xA104, 0xA104, 0xC964, 0xD184,
    0xD184, 0xDA27, 0xFFDD, 0xFFDD, 0x0000, 0x5E58, 0x5E58, 0xD164, 0xC964, 0xC964, 0x3698, 0x0000, 0x0000, 0xFFDD, 0xDA27, 0xDA27,
    0xD184, 0xD184, 0xD184, 0xA903, 0x0000, 0x0000, 0x0001, 0x0001, 0x0001, 0x0001, 0x0001, 0x0001, 0x0001, 0x0001, 0x0001, 0x0001,
    0x0001, 0x0001, 0x0001, 0x0001, 0x0001, 0x0001, 0x0001, 0x0001, 0x0001, 0x0001, 0x0001, 0x0000, 0xA8E3, 0xA8E3, 0xC964, 0xEAA8,
    0xEAA8, 0xC964, 0xFFDD, 0xFFDD, 0x5E58, 0x6DF5, 0x6DF5, 0xEB45, 0xEB45, 0xEB45, 0x5637, 0x5E58, 0x5E58, 0xFFDD, 0xD185, 0xD185,
    0xEAA8, 0xD184, 0xD184, 0xA903, 0x0000, 0x0000, 0x0001, 0x0001, 0x0001, 0x0001, 0x0001, 0x0001, 0x0001, 0x0001, 0x0001, 0x0001,
    0x0001, 0x0001, 0x0001, 0x0001, 0x0001, 0x0001, 0x0001, 0x0001, 0x0001, 0x0001, 0x0001, 0x0000, 0xA8E3, 0xA8E3, 0xD164, 0xEAA8,
    0xEAA8, 0xC964, 0xC964, 0xC964, 0xE838, 0x6DF5, 0x6DF5, 0xEB45, 0xEB45, 0xEB45, 0xEB45, 0x5E57, 0x5E57, 0xCDFC, 0xD1A4, 0xD1A4,
    0xEAA8, 0xD184, 0xD184, 0xA903, 0x0000, 0x0000, 0x0001, 0x0001, 0x0001, 0x0001, 0x0001, 0x0001, 0x0001, 0x0001, 0x0001, 0x0001,
    0x0001, 0x0001, 0x0001, 0x0001, 0x0001, 0x0001, 0x0001, 0x0001, 0x0001, 0x0001, 0x0001, 0x0000, 0xA8E3, 0xA8E3, 0xD164, 0xEAA8,
    0xEAA8, 0xC964, 0xC964, 0xC964, 0xE838, 0x6DF5, 0x6DF5, 0xEB45, 0xEB45, 0xEB45, 0xEB45, 0x5E57, 0x5E57, 0xCDFC, 0xD1A4, 0xD1A4,
    0xEAA8, 0xD184, 0xD184, 0xA903, 0x0000, 0x0000, 0x0001, 0x0001, 0x0001, 0x0001, 0x0001, 0x0001, 0x0001, 0x0001, 0x0001, 0x0001,
    0x0001, 0x0001, 0x0001, 0x0001, 0x0001, 0x0001, 0x0001, 0x0001, 0x0000, 0x0000, 0x0000, 0x0000, 0x2000, 0x2000, 0xA0E3, 0xD184,
    0xD184, 0xD184, 0xDA27, 0xDA27, 0x04F4, 0x6E15, 0x6E15, 0xEB45, 0xEB45, 0xEB45, 0xEB45, 0x6AF2, 0x6AF2, 0xDEBF, 0xD9A5, 0xD9A5,
    0xD184, 0xA103, 0xA103, 0x3000, 0x0000, 0x0000, 0x0000, 0x0000, 0x0000, 0x0001, 0x0001, 0x0001, 0x0001, 0x0001, 0x0001, 0x0001,
    0x0001, 0x0001, 0x0001, 0x0001, 0x0001, 0x0001, 0x0000, 0x0000, 0xA104, 0xF345, 0xF345, 0xA103, 0x0000, 0x0000, 0x1800, 0xA8E3,
    0xA8E3, 0xA8E3, 0xC964, 0xC964, 0xDA06, 0x0000, 0x0000, 0x0000, 0x0000, 0x0000, 0x0000, 0xDA06, 0xDA06, 0xD184, 0xA8E3, 0xA8E3,
    0xA8E3, 0x3000, 0x3000, 0x0000, 0xA103, 0xA103, 0xF345, 0xA104, 0xA104, 0x0000, 0x0001, 0x0001, 0x0001, 0x0001, 0x0001, 0x0001,
    0x0001, 0x0001, 0x0001, 0x0001, 0x0001, 0x0001, 0x0000, 0x0000, 0xA104, 0xF345, 0xF345, 0xA103, 0x0000, 0x0000, 0x1800, 0xA8E3,
    0xA8E3, 0xA8E3, 0xC964, 0xC964, 0xDA06, 0x0000, 0x0000, 0x0000, 0x0000, 0x0000, 0x0000, 0xDA06, 0xDA06, 0xD184, 0xA8E3, 0xA8E3,
    0xA8E3, 0x3000, 0x3000, 0x0000, 0xA103, 0xA103, 0xF345, 0xA104, 0xA104, 0x0000, 0x0001, 0x0001, 0x0001, 0x0001, 0x0001, 0x0001,
    0x0001, 0x0001, 0x0001, 0x0001, 0x0001, 0x0001, 0x0000, 0x0000, 0x78A6, 0xA903, 0xA903, 0x0000, 0xA8E3, 0xA8E3, 0xC964, 0x2000,
    0x2000, 0x1800, 0xA0E3, 0xA0E3, 0xA0E3, 0xA8E3, 0xA8E3, 0xA903, 0xA903, 0xA903, 0xA8E3, 0xA8E3, 0xA8E3, 0xA8E3, 0x1800, 0x1800,
    0x1800, 0xC964, 0xC964, 0xA8E3, 0x0000, 0x0000, 0xA8E3, 0x7086, 0x7086, 0x0000, 0x0001, 0x0001, 0x0001, 0x0001, 0x0001, 0x0001,
    0x0001, 0x0001, 0x0001, 0x0001, 0x0001, 0x0000, 0xA103, 0xA103, 0xA903, 0x0000, 0x0000, 0xA1C2, 0xC964, 0xC964, 0xA903, 0x0000,
    0x0000, 0x0000, 0x1800, 0x1800, 0x1800, 0x1800, 0x1800, 0x2000, 0x2000, 0x2000, 0x2000, 0x1800, 0x1800, 0x1800, 0x0000, 0x0000,
    0x1800, 0xA903, 0xA903, 0xC964, 0xD263, 0xD263, 0x8042, 0xA903, 0xA903, 0xA103, 0x0000, 0x0000, 0x0001, 0x0001, 0x0001, 0x0001,
    0x0001, 0x0001, 0x0001, 0x0001, 0x0001, 0x0000, 0xA103, 0xA103, 0xA903, 0x0000, 0x0000, 0xA1C2, 0xC964, 0xC964, 0xA903, 0x0000,
    0x0000, 0x0000, 0x1800, 0x1800, 0x1800, 0x1800, 0x1800, 0x2000, 0x2000, 0x2000, 0x2000, 0x1800, 0x1800, 0x1800, 0x0000, 0x0000,
    0x1800, 0xA903, 0xA903, 0xC964, 0xD263, 0xD263, 0x8042, 0xA903, 0xA903, 0xA103, 0x0000, 0x0000, 0x0001, 0x0001, 0x0001, 0x0001,
    0x0001, 0x0001, 0x0001, 0x0001, 0x0001, 0x0000, 0xA903, 0xA903, 0xA8E3, 0x0000, 0x0000, 0xF345, 0xA8E3, 0xA8E3, 0xA0E3, 0x3000,
    0x3000, 0x0000, 0x0000, 0x0000, 0x0000, 0x0000, 0x0000, 0x0000, 0x0000, 0x0000, 0x0000, 0x0000, 0x0000, 0x0000, 0x0000, 0x0000,
    0x1800, 0xA8E3, 0xA8E3, 0xB124, 0xF365, 0xF365, 0x0000, 0xA903, 0xA903, 0xA903, 0x0000, 0x0000, 0x0001, 0x0001, 0x0001, 0x0001,
    0x0001, 0x0001, 0x0001, 0x0000, 0x0000, 0x78A6, 0xA903, 0xA903, 0x0000, 0xB944, 0xB944, 0xA0E3, 0xA0E3, 0xA0E3, 0xA8E3, 0x0000,
    0x0000, 0x0001, 0x0000, 0x0000, 0x0000, 0xA8E3, 0xA8E3, 0xA8E3, 0xA8E3, 0xA8E3, 0xA903, 0x0000, 0x0000, 0x0000, 0x0001, 0x0001,
    0x0000, 0xA103, 0xA103, 0xA903, 0xA8E3, 0xA8E3, 0xA0E3, 0x0000, 0x0000, 0xA0E3, 0x78C7, 0x78C7, 0x0000, 0x0001, 0x0001, 0x0001,
    0x0001, 0x0001, 0x0001, 0x0000, 0x0000, 0x78A6, 0xA903, 0xA903, 0x0000, 0xB944, 0xB944, 0xA0E3, 0xA0E3, 0xA0E3, 0xA8E3, 0x0000,
    0x0000, 0x0001, 0x0000, 0x0000, 0x0000, 0xA8E3, 0xA8E3, 0xA8E3, 0xA8E3, 0xA8E3, 0xA903, 0x0000, 0x0000, 0x0000, 0x0001, 0x0001,
    0x0000, 0xA103, 0xA103, 0xA903, 0xA8E3, 0xA8E3, 0xA0E3, 0x0000, 0x0000, 0xA0E3, 0x78C7, 0x78C7, 0x0000, 0x0001, 0x0001, 0x0001,
    0x0001, 0x0001, 0x0001, 0x0000, 0x0000, 0xA8E3, 0x0000, 0x0000, 0x0000, 0xA0E3, 0xA0E3, 0xA0E3, 0xEB04, 0xEB04, 0x3E63, 0x00E0,
    0x00E0, 0x0000, 0x0000, 0x0000, 0x0000, 0x0000, 0x0000, 0xA8E3, 0xA8E3, 0xA8E3, 0xA903, 0x0000, 0x0000, 0x0000, 0x0000, 0x0000,
    0x0000, 0x7884, 0x7884, 0x13A4, 0x66A2, 0x66A2, 0xA8E3, 0x0000, 0x0000, 0x0000, 0x21C3, 0x21C3, 0x00C0, 0x0001, 0x0001, 0x0001,
    0x0001, 0x0001, 0x0001, 0x0000, 0x0000, 0xA903, 0x0000, 0x0000, 0xA0E3, 0xF345, 0xF345, 0xA0C3, 0xEB04, 0xEB04, 0xA943, 0x6683,
    0x6683, 0x1121, 0x4EDC, 0x4EDC, 0x78A6, 0x07FE, 0x07FE, 0xA8E3, 0xA8E3, 0xA8E3, 0xA903, 0xF802, 0xF802, 0x8F5A, 0xA903, 0xA903,
    0xFFE0, 0xC305, 0xC305, 0x83A4, 0xA903, 0xA903, 0xA8E3, 0xAD83, 0xAD83, 0x5F1D, 0x21C3, 0x21C3, 0x00C0, 0x0001, 0x0001, 0x0001,
    0x0001, 0x0001, 0x0001, 0x0000, 0x0000, 0xA903, 0x0000, 0x0000, 0xA0E3, 0xF345, 0xF345, 0xA0C3, 0xEB04, 0xEB04, 0xA943, 0x6683,
    0x6683, 0x1121, 0x4EDC, 0x4EDC, 0x78A6, 0x07FE, 0x07FE, 0xA8E3, 0xA8E3, 0xA8E3, 0xA903, 0xF802, 0xF802, 0x8F5A, 0xA903, 0xA903,
    0xFFE0, 0xC305, 0xC305, 0x83A4, 0xA903, 0xA903, 0xA8E3, 0xAD83, 0xAD83, 0x5F1D, 0x21C3, 0x21C3, 0x00C0, 0x0001, 0x0001, 0x0001,
    0x0001, 0x0001, 0x0001, 0x0000, 0x0000, 0xA104, 0x0000, 0x0000, 0xC964, 0xF345, 0xF345, 0xA0C3, 0xEB04, 0xEB04, 0xA923, 0xA8E5,
    0xA8E5, 0x4742, 0x4EDC, 0x4EDC, 0x1800, 0xEFFE, 0xEFFE, 0xA8E3, 0xA8E3, 0xA8E3, 0xA903, 0xF803, 0xF803, 0x8F5A, 0xC964, 0xC964,
    0x21C0, 0xC2E5, 0xC2E5, 0x83A4, 0xA903, 0xA903, 0xA8E3, 0xD624, 0xD624, 0x5E3D, 0x78C0, 0x78C0, 0x20C0, 0x0001, 0x0001, 0x0001,
    0x0001, 0x0001, 0x0001, 0x0001, 0x0001, 0x0000, 0xA903, 0xA903, 0xC964, 0xEB45, 0xEB45, 0xA0C3, 0xEB04, 0xEB04, 0x66C1, 0xA8E5,
    0xA8E5, 0x3722, 0xF7C0, 0xF7C0, 0x0000, 0xEFFE, 0xEFFE, 0xA8E3, 0xA8E3, 0xA8E3, 0xA8E3, 0xF803, 0xF803, 0x285D, 0xB124, 0xB124,
    0x21E1, 0x7883, 0x7883, 0x83A4, 0xA903, 0xA903, 0xA8E3, 0xCE04, 0xCE04, 0x0720, 0x78C0, 0x78C0, 0x0001, 0x0001, 0x0001, 0x0001,
    0x0001, 0x0001, 0x0001, 0x0001, 0x0001, 0x0000, 0xA903, 0xA903, 0xC964, 0xEB45, 0xEB45, 0xA0C3, 0xEB04, 0xEB04, 0x66C1, 0xA8E5,
    0xA8E5, 0x3722, 0xF7C0, 0xF7C0, 0x0000, 0xEFFE, 0xEFFE, 0xA8E3, 0xA8E3, 0xA8E3, 0xA8E3, 0xF803, 0xF803, 0x285D, 0xB124, 0xB124,
    0x21E1, 0x7883, 0x7883, 0x83A4, 0xA903, 0xA903, 0xA8E3, 0xCE04, 0xCE04, 0x0720, 0x78C0, 0x78C0, 0x0001, 0x0001, 0x0001, 0x0001,
    0x0001, 0x0001, 0x0001, 0x0001, 0x0001, 0x0001, 0x0000, 0x0000, 0xC964, 0xD164, 0xD164, 0xA0E3, 0xFFC0, 0xFFC0, 0x3EA5, 0x6E83,
    0x6E83, 0x1EE1, 0x4EDC, 0x4EDC, 0x0000, 0x0001, 0x0001, 0x0001, 0x0001, 0x0001, 0x0001, 0xF802, 0xF802, 0x285D, 0xA0E3, 0xA0E3,
    0xDF9F, 0x4826, 0x4826, 0x9040, 0xA903, 0xA903, 0x8F03, 0xD624, 0xD624, 0x5E3D, 0x0001, 0x0001, 0x0001, 0x0001, 0x0001, 0x0001,
    0x0001, 0x0001, 0x0001, 0x0001, 0x0001, 0x0001, 0x0000, 0x0000, 0xA0E3, 0xD164, 0xD164, 0x8703, 0x7886, 0x7886, 0xC5FE, 0x6683,
    0x6683, 0x1EE1, 0x4EDC, 0x4EDC, 0x0001, 0x0001, 0x0001, 0x0001, 0x0001, 0x0001, 0x0001, 0x0001, 0x0001, 0x8F5A, 0xA0E3, 0xA0E3,
    0xDF9F, 0xD7A0, 0xD7A0, 0x08E6, 0x8F43, 0x8F43, 0x8F03, 0xADA3, 0xADA3, 0x5E3D, 0x0001, 0x0001, 0x0001, 0x0001, 0x0001, 0x0001,
    0x0001, 0x0001, 0x0001, 0x0001, 0x0001, 0x0001, 0x0000, 0x0000, 0xA0E3, 0xD164, 0xD164, 0x8703, 0x7886, 0x7886, 0xC5FE, 0x6683,
    0x6683, 0x1EE1, 0x4EDC, 0x4EDC, 0x0001, 0x0001, 0x0001, 0x0001, 0x0001, 0x0001, 0x0001, 0x0001, 0x0001, 0x8F5A, 0xA0E3, 0xA0E3,
    0xDF9F, 0xD7A0, 0xD7A0, 0x08E6, 0x8F43, 0x8F43, 0x8F03, 0xADA3, 0xADA3, 0x5E3D, 0x0001, 0x0001, 0x0001, 0x0001, 0x0001, 0x0001,
    0x0001, 0x0001, 0x0001, 0x0001, 0x0001, 0x0001, 0x0001, 0x0001, 0x0000, 0xA0E3, 0xA0E3, 0x8703, 0x7066, 0x7066, 0xC5FE, 0xBD80,
    0xBD80, 0x26C1, 0x4EDC, 0x4EDC, 0x0001, 0x0001, 0x0001, 0x0001, 0x0001, 0x0001, 0x0001, 0x0001, 0x0001, 0x8F5A, 0xA8E3, 0xA8E3,
    0x369C, 0xD7A0, 0xD7A0, 0x0906, 0x8722, 0x8722, 0x6682, 0x04A0, 0x04A0, 0x0001, 0x0001, 0x0001, 0x0001, 0x0001, 0x0001, 0x0001,
    0x0001, 0x0001, 0x0001, 0x0001, 0x0001, 0x0001, 0x0001, 0x0001, 0x0001, 0x0000, 0x0000, 0xA8E3, 0xA104, 0xA104, 0x7086, 0x0000,
    0x0000, 0x0000, 0x0001, 0x0001, 0x0001, 0x0001, 0x0001, 0x0001, 0x0001, 0x0001, 0x0001, 0x0001, 0x0001, 0x0001, 0x0000, 0x0000,
    0x0000, 0x7086, 0x7086, 0xA0E3, 0xA8E3, 0xA8E3, 0x0000, 0x0001, 0x0001, 0x0001, 0x0001, 0x0001, 0x0001, 0x0001, 0x0001, 0x0001,
    0x0001, 0x0001, 0x0001, 0x0001, 0x0001, 0x0001, 0x0001, 0x0001, 0x0001, 0x0000, 0x0000, 0xA8E3, 0xA104, 0xA104, 0x7086, 0x0000,
    0x0000, 0x0000, 0x0001, 0x0001, 0x0001, 0x0001, 0x0001, 0x0001, 0x0001, 0x0001, 0x0001, 0x0001, 0x0001, 0x0001, 0x0000, 0x0000,
    0x0000, 0x7086, 0x7086, 0xA0E3, 0xA8E3, 0xA8E3, 0x0000, 0x0001, 0x0001, 0x0001, 0x0001, 0x0001, 0x0001, 0x0001, 0x0001, 0x0001,
    0x0001, 0x0001, 0x0001, 0x0001, 0x0001, 0x0001, 0x0001, 0x0001, 0x0001, 0x0001, 0x0001, 0x0000, 0x0000, 0x0000, 0x0000, 0x0001,
    0x0001, 0x0001, 0x0001, 0x0001, 0x0001, 0x0001, 0x0001, 0x0001, 0x0001, 0x0001, 0x0001, 0x0001, 0x0001, 0x0001, 0x0001, 0x0001,
    0x0000, 0x0000, 0x0000, 0x0000, 0x0000, 0x0000, 0x0001, 0x0001, 0x0001, 0x0001, 0x0001, 0x0001, 0x0001, 0x0001, 0x0001, 0x0001,
    0x0001, 0x0001, 0x0001, 0x0001, 0x0001, 0x0001, 0x0001, 0x0001, 0x0001, 0x0001, 0x0001, 0x0001, 0x0001, 0x0001, 0x0001, 0x0001,
    0x0001, 0x0001, 0x0001, 0x0001, 0x0001, 0x0001, 0x0001, 0x0001, 0x0001, 0x0001, 0x0001, 0x0001, 0x0001, 0x0001, 0x0001, 0x0001,
    0x0001, 0x0001, 0x0001, 0x0001, 0x0001, 0x0001, 0x0001, 0x0001, 0x0001, 0x0001, 0x0001, 0x0001, 0x0001, 0x0001, 0x0001, 0x0001,
    0x0001, 0x0001, 0x0001, 0x0001, 0x0001, 0x0001, 0x0001, 0x0001, 0x0001, 0x0001, 0x0001, 0x0001, 0x0001, 0x0001, 0x0001, 0x0001,
    0x0001, 0x0001, 0x0001, 0x0001, 0x0001, 0x0001, 0x0001, 0x0001, 0x0001, 0x0001, 0x0001, 0x0001, 0x0001, 0x0001, 0x0001, 0x0001,
    0x0001, 0x0001, 0x0001, 0x0001, 0x0001, 0x0001, 0x0001, 0x0001, 0x0001, 0x0001, 0x0001, 0x0001, 0x0001, 0x0001, 0x0001, 0x0001,
    0x0001, 0x0001, 0x0001, 0x0001, 0x0001, 0x0001, 0x0001, 0x0001, 0x0001, 0x0001, 0x0001, 0x0001, 0x0001, 0x0001, 0x0001, 0x0001,
    0x0001, 0x0001, 0x0001, 0x0001, 0x0001, 0x0001, 0x0001, 0x0001, 0x0001, 0x0001, 0x0001, 0x0001, 0x0001, 0x0001, 0x0001, 0x0001,
    0x0001, 0x0001, 0x0001, 0x0001, 0x0001, 0x0001, 0x0001, 0x0001, 0x0001, 0x0001, 0x0001, 0x0001, 0x0001, 0x0001, 0x0001, 0x0001
  },
  {
    0x0001, 0x0001, 0x0001, 0x0001, 0x0001, 0x0001, 0x0001, 0x0001, 0x0001, 0x0001, 0x0001, 0x0001, 0x0001, 0x0001, 0x0001, 0x0001,
    0x0001, 0x0001, 0x0001, 0x0001, 0x0001, 0x0001, 0x0001, 0x0001, 0x0001, 0x0001, 0x0001, 0x0001, 0x0001, 0x0001, 0x0001, 0x0001,
    0x0001, 0x0001, 0x0001, 0x0001, 0x0001, 0x0001, 0x0001, 0x0001, 0x0001, 0x0001, 0x0001, 0x0001, 0x0001, 0x0001, 0x0001, 0x0001,
    0x0001, 0x0001, 0x0001, 0x0001, 0x0001, 0x0001, 0x0001, 0x0001, 0x0001, 0x0001, 0x0001, 0x0001, 0x0001, 0x0001, 0x0001, 0x0001,
    0x0001, 0x0001, 0x0001, 0x0001, 0x0001, 0x0001, 0x0001, 0x0001, 0x0001, 0x0001, 0x0001, 0x0001, 0x0001, 0x0001, 0x0001, 0x0001,
    0x0001, 0x0001, 0x0001, 0x0001, 0x0001, 0x0001, 0x0001, 0x0001, 0x0001, 0x0001, 0x0001, 0x0001, 0x0001, 0x0001, 0x0001, 0x0001,
    0x0001, 0x0001, 0x0001, 0x0001, 0x0001, 0x0001, 0x0001, 0x0001, 0x0001, 0x0001, 0x0001, 0x0001, 0x0001, 0x0001, 0x0001, 0x0001,
    0x0001, 0x0001, 0x0001, 0x0001, 0x0001, 0x0001, 0x0001, 0x0001, 0x0001, 0x0001, 0x0001, 0x0001, 0x0001, 0x0001, 0x0001, 0x0001,
    0x0001, 0x0001, 0x0001, 0x0001, 0x0001, 0x0001, 0x0001, 0x0001, 0x0001, 0x0001, 0x0001, 0x0001, 0x0001, 0x0001, 0x0001, 0x0001,
    0x0001, 0x0001, 0x0001, 0x0001, 0x0001, 0x0001, 0x0001, 0x0001, 0x0001, 0x0001, 0x0001, 0x0001, 0x0001, 0x0001, 0x0001, 0x0001,
    0x0001, 0x0001, 0x0001, 0x0001, 0x0001, 0x0001, 0x0001, 0x0001, 0x0001, 0x0001, 0x0001, 0x0001, 0x0001, 0x0001, 0x0001, 0x0001,
    0x0001, 0x0001, 0x0001, 0x0001, 0x0001, 0x0001, 0x0001, 0x0001, 0x0001, 0x0001, 0x0001, 0x0001, 0x0001, 0x0001, 0x0001, 0x0001,
    0x0001, 0x0001, 0x0001, 0x0001, 0x0001, 0x0001, 0x0001, 0x0001, 0x0001, 0x0001, 0x0001, 0x0001, 0x0001, 0x0001, 0x0001, 0x0001,
    0x0001, 0x0001, 0x0001, 0x0001, 0x0001, 0x0001, 0x0001, 0x0001, 0x0001, 0x0001, 0x0001, 0x0001, 0x0001, 0x0001, 0x0001, 0x0001,
    0x0001, 0x0001, 0x0001, 0x0001, 0x0001, 0x0001, 0x0001, 0x0001, 0x0001, 0x0001, 0x0001, 0x0001, 0x0001, 0x0001, 0x0001, 0x0001,
    0x0001, 0x0001, 0x0001, 0x0001, 0x0001, 0x0001, 0x0001, 0x0001, 0x0001, 0x0001, 0x0001, 0x0001, 0x0001, 0x0001, 0x0001, 0x0000,
    0x0000, 0x0000, 0x0001, 0x0001, 0x0001, 0x0001, 0x0001, 0x0001, 0x0001, 0x0001, 0x0001, 0x0001, 0x0001, 0x0001, 0x0000, 0x0000,
    0x0000, 0x0001, 0x0001, 0x0001, 0x0001, 0x0001, 0x0001, 0x0001, 0x0001, 0x0001, 0x0001, 0x0001, 0x0001, 0x0001, 0x0001, 0x0001,
    0x0001, 0x0001, 0x0001, 0x0001, 0x0001, 0x0001, 0x0001, 0x0001, 0x0001, 0x0001, 0x0001, 0x0001, 0x0001, 0x0001, 0x0000, 0xAE9F,
    0xAE9F, 0x0000, 0x0000, 0x0000, 0x0001, 0x0001, 0x0001, 0x0001, 0x0001, 0x0001, 0x0001, 0x0001, 0x0001, 0x0000, 0x0000, 0x0000,
    0xAE9F, 0x0000, 0x0000, 0x0001, 0x0001, 0x0001, 0x0001, 0x0001, 0x0001, 0x0001, 0x0001, 0x0001, 0x0001, 0x0001, 0x0001, 0x0001,
    0x0001, 0x0001, 0x0001, 0x0001, 0x0001, 0x0001, 0x0001, 0x0001, 0x0001, 0x0001, 0x0001, 0x0001, 0x0001, 0x0001, 0x0000, 0xAE9F,
    0xAE9F, 0x0000, 0x0000, 0x0000, 0x0001, 0x0001, 0x0001, 0x0001, 0x0001, 0x0001, 0x0001, 0x0001, 0x0001, 0x0000, 0x0000, 0x0000,
    0xAE9F, 0x0000, 0x0000, 0x0001, 0x0001, 0x0001, 0x0001, 0x0001, 0x0001, 0x0001, 0x0001, 0x0001, 0x0001, 0x0001, 0x0001, 0x0001,
    0x0001, 0x0001, 0x0001, 0x0001, 0x0001, 0x0001, 0x0001, 0x0001, 0x0001, 0x0001, 0x0001, 0x0001, 0x0001, 0x0001, 0x0000, 0x496A,
    0x496A, 0x5BF9, 0x0F60, 0x0F60, 0x9CA7, 0x0001, 0x0001, 0x0001, 0x0001, 0x0001, 0x0001, 0x0001, 0x0001, 0x6379, 0x0000, 0x0000,
    0x496A, 0x0000, 0x0000, 0x0001, 0x0001, 0x0001, 0x0001, 0x0001, 0x0001, 0x0001, 0x0001, 0x0001, 0x0001, 0x0001, 0x0001, 0x0001,
    0x0001, 0x0001, 0x0001, 0x0001, 0x0001, 0x0001, 0x0001, 0x0001, 0x0001, 0x0001, 0x0001, 0x0001, 0x0001, 0x0001, 0x0001, 0x0001,
    0x0001, 0x0000, 0x0000, 0x0000, 0xF345, 0xEB45, 0xEB45, 0xEB45, 0xEB24, 0xEB24, 0xEB45, 0xF345, 0xF345, 0x0000, 0x0000, 0x0000,
    0x0001, 0x0001, 0x0001, 0x0001, 0x0001, 0x0001, 0x0001, 0x0001, 0x0001, 0x0001, 0x0001, 0x0001, 0x0001, 0x0001, 0x0001, 0x0001,
    0x0001, 0x0001, 0x0001, 0x0001, 0x0001, 0x0001, 0x0001, 0x0001, 0x0001, 0x0001, 0x0001, 0x0001, 0x0001, 0x0001, 0x0001, 0x0001,
    0x0001, 0x0000, 0x0000, 0x0000, 0xF345, 0xEB45, 0xEB45, 0xEB45, 0xEB24, 0xEB24, 0xEB45, 0xF345, 0xF345, 0x0000, 0x0000, 0x0000,
    0x0001, 0x0001, 0x0001, 0x0001, 0x0001, 0x0001, 0x0001, 0x0001, 0x0001, 0x0001, 0x0001, 0x0001, 0x0001, 0x0001, 0x0001, 0x0001,
    0x0001, 0x0001, 0x0001, 0x0001, 0x0001, 0x0001, 0x0001, 0x0001, 0x0001, 0x0001, 0x0001, 0x0001, 0x0001, 0x0001, 0x0001, 0x0000,
    0x0000, 0xD184, 0x0000, 0x0000, 0xF345, 0xFC6B, 0xFC6B, 0xEBE8, 0xEB45, 0xEB45, 0xF2A1, 0xDA3E, 0xDA3E, 0xD189, 0xF800, 0xF800,
    0x369C, 0x0001, 0x0001, 0x0001, 0x0001, 0x0001, 0x0001, 0x0001, 0x0001, 0x0001, 0x0001, 0x0001, 0x0001, 0x0001, 0x0001, 0x0001,
    0x0001, 0x0001, 0x0001, 0x0001, 0x0001, 0x0001, 0x0001, 0x0001, 0x0001, 0x0001, 0x0001, 0x0001, 0x0001, 0x0001, 0x0000, 0xA8E3,
    0xA8E3, 0xD184, 0x21C1, 0x21C1, 0xEB45, 0xFC6B, 0xFC6B, 0xEBE8, 0xEB45, 0xEB45, 0xF2A1, 0xDA3E, 0xDA3E, 0xF349, 0x0000, 0x0000,
    0xDF9F, 0x0001, 0x0001, 0x0001, 0x0001, 0x0001, 0x0001, 0x0001, 0x0001, 0x0001, 0x0001, 0x0001, 0x0001, 0x0001, 0x0001, 0x0001,
    0x0001, 0x0001, 0x0001, 0x0001, 0x0001, 0x0001, 0x0001, 0x0001, 0x0001, 0x0001, 0x0001, 0x0001, 0x0001, 0x0001, 0x0000, 0xA8E3,
    0xA8E3, 0xD184, 0x21C1, 0x21C1, 0xEB45, 0xFC6B, 0xFC6B, 0xEBE8, 0xEB45, 0xEB45, 0xF2A1, 0xDA3E, 0xDA3E, 0xF349, 0x0000, 0x0000,
    0xDF9F, 0x0001, 0x0001, 0x0001, 0x0001, 0x0001, 0x0001, 0x0001, 0x0001, 0x0001, 0x0001, 0x0001, 0x0001, 0x0001, 0x0001, 0x0001,
    0x0001, 0x0001, 0x0001, 0x0001, 0x0001, 0x0001, 0x0001, 0x0001, 0x0001, 0x0001, 0x0001, 0x0001, 0x0000, 0x0000, 0xA8E3, 0xEB45,
    0xEB45, 0x8F43, 0x41C1, 0x41C1, 0xEB45, 0xEB65, 0xEB65, 0xEAC2, 0xEB45, 0xEB45, 0xF2A1, 0xDA3E, 0xDA3E, 0xF349, 0xDF9F, 0xDF9F,
    0x21C0, 0x0001, 0x0001, 0x571D, 0x0001, 0x0001, 0x0001, 0x0001, 0x0001, 0x0001, 0x0001, 0x0001, 0x0001, 0x0001, 0x0001, 0x0001,
    0x0001, 0x0001, 0x0001, 0x0001, 0x0001, 0x0001, 0x0001, 0x0001, 0x0001, 0x0001, 0x0001, 0x0001, 0x0000, 0x0000, 0xA8E3, 0xEB45,
    0xEB45, 0x8F23, 0xF75F, 0xF75F, 0xF365, 0xF345, 0xF345, 0xEAC2, 0xEB45, 0xEB45, 0xF2A1, 0xE23E, 0xE23E, 0xA8E8, 0xDF9F, 0xDF9F,
    0x21C0, 0x0001, 0x0001, 0x571D, 0x0001, 0x0001, 0x0001, 0x0001, 0x0001, 0x0001, 0x0001, 0x0001, 0x0001, 0x0001, 0x0001, 0x0001,
    0x0001, 0x0001, 0x0001, 0x0001, 0x0001, 0x0001, 0x0001, 0x0001, 0x0001, 0x0001, 0x0001, 0x0001, 0x0000, 0x0000, 0xA8E3, 0xEB45,
    0xEB45, 0x8F23, 0xF75F, 0xF75F, 0xF365, 0xF345, 0xF345, 0xEAC2, 0xEB45, 0xEB45, 0xF2A1, 0xE23E, 0xE23E, 0xA8E8, 0xDF9F, 0xDF9F,
    0x21C0, 0x0001, 0x0001, 0x571D, 0x0001, 0x0001, 0x0001, 0x0001, 0x0001, 0x0001, 0x0001, 0x0001, 0x0001, 0x0001, 0x0001, 0x0001,
    0x0001, 0x0001, 0x0001, 0x0001, 0x0001, 0x0001, 0x0001, 0x0001, 0x0001, 0x0001, 0x0001, 0x0001, 0x0000, 0x0000, 0xC964, 0xF345,
    0xF345, 0x8F23, 0xCF01, 0xCF01, 0xF365, 0xF345, 0xF345, 0xA080, 0xA0E3, 0xA0E3, 0xF2A1, 0xE25E, 0xE25E, 0x7889, 0xDF9F, 0xDF9F,
    0x21C0, 0x0001, 0x0001, 0x571D, 0x0001, 0x0001, 0x0001, 0x0001, 0x0001, 0x0001, 0x0001, 0x0001, 0x0001, 0x0001, 0x0001, 0x0001,
    0x0001, 0x0001, 0x0001, 0x0001, 0x0001, 0x0001, 0x0001, 0x0001, 0x0001, 0x0001, 0x0001, 0x0000, 0xA903, 0xA903, 0xD184, 0xD184,
    0xD184, 0xDA27, 0x70A6, 0x70A6, 0xA903, 0xA903, 0xA903, 0xC984, 0xC964, 0xC964, 0xA903, 0xA903, 0xA903, 0x70A6, 0xDA27, 0xDA27,
    0xD184, 0xD184, 0xD184, 0xA903, 0x0000, 0x0000, 0x0001, 0x0001, 0x0001, 0x0001, 0x0001, 0x0001, 0x0001, 0x0001, 0x0001, 0x0001,
    0x0001, 0x0001, 0x0001, 0x0001, 0x0001, 0x0001, 0x0001, 0x0001, 0x0001, 0x0001, 0x0001, 0x0000, 0xA903, 0xA903, 0xD184, 0xD184,
    0xD184, 0xDA27, 0x70A6, 0x70A6, 0xA903, 0xA903, 0xA903, 0xC984, 0xC964, 0xC964, 0xA903, 0xA903, 0xA903, 0x70A6, 0xDA27, 0xDA27,
    0xD184, 0xD184, 0xD184, 0xA903, 0x0000, 0x0000, 0x0001, 0x0001, 0x0001, 0x0001, 0x0001, 0x0001, 0x0001, 0x0001, 0x0001, 0x0001,
    0x0001, 0x0001, 0x0001, 0x0001, 0x0001, 0x0001, 0x0001, 0x0001, 0x0001, 0x0001, 0x0001, 0x0000, 0xA903, 0xA903, 0xC964, 0xEAA8,
    0xEAA8, 0xDA27, 0xDA26, 0xDA26, 0xEB45, 0xB124, 0xB124, 0xEB45, 0xEB45, 0xEB45, 0xA903, 0xEB65, 0xEB65, 0xE226, 0xDA27, 0xDA27,
    0xEAA8, 0xD184, 0xD184, 0xA904, 0x0000, 0x0000, 0x0001, 0x0001, 0x0001, 0x0001, 0x0001, 0x0001, 0x0001, 0x0001, 0x0001, 0x0001,
    0x0001, 0x0001, 0x0001, 0x0001, 0x0001, 0x0001, 0x0001, 0x0001, 0x0001, 0x0000, 0x0000, 0x0000, 0xA903, 0xA903, 0xC964, 0xEAA8,
    0xEAA8, 0xC984, 0xDA26, 0xDA26, 0xFC65, 0xED65, 0xED65, 0xEB45, 0xEB45, 0xEB45, 0xEB45, 0xF365, 0xF365, 0xC964, 0xE226, 0xE226,
    0xFB2A, 0xE984, 0xE984, 0xD103, 0x0000, 0x0000, 0x0000, 0x0001, 0x0001, 0x0001, 0x0001, 0x0001, 0x0001, 0x0001, 0x0001, 0x0001,
    0x0001, 0x0001, 0x0001, 0x0001, 0x0001, 0x0001, 0x0001, 0x0001, 0x0001, 0x0000, 0x0000, 0x0000, 0xA903, 0xA903, 0xC964, 0xEAA8,
    0xEAA8, 0xC984, 0xDA26, 0xDA26, 0xFC65, 0xED65, 0xED65, 0xEB45, 0xEB45, 0xEB45, 0xEB45, 0xF365, 0xF365, 0xC964, 0xE226, 0xE226,
    0xFB2A, 0xE984, 0xE984, 0xD103, 0x0000, 0x0000, 0x0000, 0x0001, 0x0001, 0x0001, 0x0001, 0x0001, 0x0001, 0x0001, 0x0001, 0x0001,
    0x0001, 0x0001, 0x0001, 0x0001, 0x0001, 0x0001, 0x0000, 0x0000, 0xA8E3, 0xF345, 0xF345, 0x0000, 0xA903, 0xA903, 0xD184, 0xEAA8,
    0xEAA8, 0xDA26, 0xEAC8, 0xEAC8, 0x0921, 0xF585, 0xF585, 0xEB45, 0xEB45, 0xEB45, 0xEB65, 0x0000, 0x0000, 0xDA26, 0xE226, 0xE226,
    0xFB2A, 0xE984, 0xE984, 0xD0E3, 0x0000, 0x0000, 0xF345, 0x0001, 0x0001, 0x0000, 0x0001, 0x0001, 0x0001, 0x0001, 0x0001, 0x0001,
    0x0001, 0x0001, 0x0001, 0x0001, 0x0001, 0x0001, 0x0000, 0x0000, 0x7086, 0xA8E2, 0xA8E2, 0x0000, 0x0000, 0x0000, 0x51E6, 0xD184,
    0xD184, 0xE226, 0xFB6A, 0xFB6A, 0xEB47, 0x023F, 0x023F, 0xEB45, 0xEB45, 0xEB45, 0xEB65, 0xDA26, 0xDA26, 0xDA26, 0xE226, 0xE226,
    0xE206, 0xC103, 0xC103, 0x2800, 0x0000, 0x0000, 0xA0E3, 0x0001, 0x0001, 0x0000, 0x0001, 0x0001, 0x0001, 0x0001, 0x0001, 0x0001,
    0x0001, 0x0001, 0x0001, 0x0001, 0x0001, 0x0001, 0x0000, 0x0000, 0x7086, 0xA8E2, 0xA8E2, 0x0000, 0x0000, 0x0000, 0x51E6, 0xD184,
    0xD184, 0xE226, 0xFB6A, 0xFB6A, 0xEB47, 0x023F, 0x023F, 0xEB45, 0xEB45, 0xEB45, 0xEB65, 0xDA26, 0xDA26, 0xDA26, 0xE226, 0xE226,
    0xE206, 0xC103, 0xC103, 0x2800, 0x0000, 0x0000, 0xA0E3, 0x0001, 0x0001, 0x0000, 0x0001, 0x0001, 0x0001, 0x0001, 0x0001, 0x0001,
    0x0001, 0x0001, 0x0001, 0x0001, 0x0001, 0x0000, 0xA903, 0xA903, 0xA903, 0xA8E3, 0xA8E3, 0x0000, 0x0000, 0x0000, 0x0000, 0xA8E3,
    0xA8E3, 0xA8E3, 0xD184, 0xD184, 0xD184, 0xD184, 0xD184, 0xD184, 0xD184, 0xD184, 0xD184, 0xD184, 0xD184, 0xD184, 0xA8E3, 0xA8E3,
    0xA903, 0x0000, 0x0000, 0x0000, 0x0000, 0x0000, 0xA8E3, 0xA903, 0xA903, 0xA903, 0x0000, 0x0000, 0x0001, 0x0001, 0x0001, 0x0001,
    0x0001, 0x0001, 0x0001, 0x0001, 0x0001, 0x0000, 0xA903, 0xA903, 0xA8E3, 0xA903, 0xA903, 0x0000, 0xA0E3, 0xA0E3, 0x2081, 0xDF9F,
    0xDF9F, 0xA8E3, 0x7987, 0x7987, 0xC964, 0xD184, 0xD184, 0xD184, 0xD184, 0xD184, 0xD184, 0xD184, 0xD184, 0xC964, 0x0000, 0x0000,
    0xA8E3, 0xC964, 0xC964, 0xDF7F, 0x5F3D, 0x5F3D, 0xA8E3, 0xA903, 0xA903, 0xA903, 0x0000, 0x0000, 0x0001, 0x0001, 0x0001, 0x0001,
    0x0001, 0x0001, 0x0001, 0x0001, 0x0001, 0x0000, 0xA903, 0xA903, 0xA8E3, 0xA903, 0xA903, 0x0000, 0xA0E3, 0xA0E3, 0x2081, 0xDF9F,
    0xDF9F, 0xA8E3, 0x7987, 0x7987, 0xC964, 0xD184, 0xD184, 0xD184, 0xD184, 0xD184, 0xD184, 0xD184, 0xD184, 0xC964, 0x0000, 0x0000,
    0xA8E3, 0xC964, 0xC964, 0xDF7F, 0x5F3D, 0x5F3D, 0xA8E3, 0xA903, 0xA903, 0xA903, 0x0000, 0x0000, 0x0001, 0x0001, 0x0001, 0x0001,
    0x0001, 0x0001, 0x0001, 0x0000, 0x0000, 0x80C6, 0xA903, 0xA903, 0x0000, 0x0000, 0x0000, 0xEB65, 0xF345, 0xF345, 0xA903, 0xA0E3,
    0xA0E3, 0x0000, 0x0000, 0x0000, 0x0000, 0x0000, 0x0000, 0x0000, 0x0000, 0x0000, 0x0000, 0x0000, 0x0000, 0x0000, 0x0000, 0x0000,
    0xA8E3, 0xA903, 0xA903, 0xF345, 0xF365, 0xF365, 0x0000, 0x0000, 0x0000, 0xA904, 0x78C7, 0x78C7, 0x0000, 0x0001, 0x0001, 0x0001,
    0x0001, 0x0001, 0x0001, 0x0000, 0x0000, 0xA903, 0xA903, 0xA903, 0x0000, 0xF365, 0xF365, 0xF365, 0xA0E3, 0xA0E3, 0xA903, 0x0000,
    0x0000, 0x0000, 0x0000, 0x0000, 0xA8E3, 0xA8E3, 0xA8E3, 0xA8E3, 0xA8E3, 0xA8E3, 0xA8E3, 0xA8E3, 0xA8E3, 0x0000, 0x0000, 0x0000,
    0x0000, 0xA903, 0xA903, 0xA0E3, 0xF365, 0xF365, 0xF365, 0x0000, 0x0000, 0xA903, 0xA903, 0xA903, 0x0000, 0x0001, 0x0001, 0x0001,
    0x0001, 0x0001, 0x0001, 0x0000, 0x0000, 0xA903, 0xA903, 0xA903, 0x0000, 0xF365, 0xF365, 0xF365, 0xA0E3, 0xA0E3, 0xA903, 0x0000,
    0x0000, 0x0000, 0x0000, 0x0000, 0xA8E3, 0xA8E3, 0xA8E3, 0xA8E3, 0xA8E3, 0xA8E3, 0xA8E3, 0xA8E3, 0xA8E3, 0x0000, 0x0000, 0x0000,
    0x0000, 0xA903, 0xA903, 0xA0E3, 0xF365, 0xF365, 0xF365, 0x0000, 0x0000, 0xA903, 0xA903, 0xA903, 0x0000, 0x0001, 0x0001, 0x0001,
    0x0001, 0x0001, 0x0001, 0x0000, 0x0000, 0xA903, 0xA903, 0xA903, 0x0000, 0xA0E3, 0xA0E3, 0xEB65, 0xEB04, 0xEB04, 0x3E83, 0x0100,
    0x0100, 0x0000, 0x0000, 0x0000, 0xA8E3, 0xA8E3, 0xA8E3, 0xA8E3, 0xA8E3, 0xA8E3, 0xA8E3, 0xFFE0, 0xFFE0, 0xA8E0, 0x0000, 0x0000,
    0x0000, 0x7884, 0x7884, 0x13A4, 0x58E3, 0x58E3, 0xF345, 0x0000, 0x0000, 0xA903, 0xA903, 0xA903, 0x0000, 0x0001, 0x0001, 0x0001,
    0x0001, 0x0001, 0x0001, 0x0001, 0x0001, 0x0000, 0x0000, 0x0000, 0x0000, 0xF365, 0xF365, 0xF345, 0xF345, 0xF345, 0xF365, 0xA0E3,
    0xA0E3, 0xB124, 0x0000, 0x0000, 0x0000, 0x0000, 0x0000, 0x0000, 0x0000, 0x0000, 0x0000, 0x0000, 0x0000, 0x0000, 0xA903, 0xA903,
    0xA8E3, 0xF365, 0xF365, 0xF345, 0xF345, 0xF345, 0xF345, 0x0000, 0x0000, 0x0000, 0x0000, 0x0000, 0x0001, 0x0001, 0x0001, 0x0001,
    0x0001, 0x0001, 0x0001, 0x0001, 0x0001, 0x0000, 0x0000, 0x0000, 0x0000, 0xF365, 0xF365, 0xF345, 0xF345, 0xF345, 0xF365, 0xA0E3,
    0xA0E3, 0xB124, 0x0000, 0x0000, 0x0000, 0x0000, 0x0000, 0x0000, 0x0000, 0x0000, 0x0000, 0x0000, 0x0000, 0x0000, 0xA903, 0xA903,
    0xA8E3, 0xF365, 0xF365, 0xF345, 0xF345, 0xF345, 0xF345, 0x0000, 0x0000, 0x0000, 0x0000, 0x0000, 0x0001, 0x0001, 0x0001, 0x0001,
    0x0001, 0x0001, 0x0001, 0x0001, 0x0001, 0x0001, 0x07E0, 0x07E0, 0xC964, 0xF365, 0xF365, 0xF345, 0xEB45, 0xEB45, 0xF345, 0xC944,
    0xC944, 0x90C3, 0x0000, 0x0000, 0x0000, 0xA903, 0xA903, 0xF800, 0x0000, 0x0000, 0x0000, 0x56FD, 0x56FD, 0x80C6, 0xA0E0, 0xA0E0,
    0xC964, 0xF345, 0xF345, 0xF345, 0xF345, 0xF345, 0xF345, 0xC964, 0xC964, 0x36BC, 0x0001, 0x0001, 0x0001, 0x0001, 0x0001, 0x0001,
    0x0001, 0x0001, 0x0001, 0x0001, 0x0001, 0x0001, 0x07E0, 0x07E0, 0xC944, 0xF345, 0xF345, 0xF345, 0xEB45, 0xEB45, 0xF365, 0xF345,
    0xF345, 0xA702, 0x00C0, 0x00C0, 0x0001, 0x0000, 0x0000, 0xA800, 0x0000, 0x0000, 0x0000, 0x0001, 0x0001, 0x0000, 0x29C4, 0x29C4,
    0xCB65, 0xF345, 0xF345, 0xEB45, 0xF345, 0xF345, 0xF345, 0xC944, 0xC944, 0x36BC, 0x0001, 0x0001, 0x0001, 0x0001, 0x0001, 0x0001,
    0x0001, 0x0001, 0x0001, 0x0001, 0x0001, 0x0001, 0x07E0, 0x07E0, 0xC944, 0xF345, 0xF345, 0xF345, 0xEB45, 0xEB45, 0xF365, 0xF345,
    0xF345, 0xA702, 0x00C0, 0x00C0, 0x0001, 0x0000, 0x0000, 0xA800, 0x0000, 0x0000, 0x0000, 0x0001, 0x0001, 0x0000, 0x29C4, 0x29C4,
    0xCB65, 0xF345, 0xF345, 0xEB45, 0xF345, 0xF345, 0xF345, 0xC944, 0xC944, 0x36BC, 0x0001, 0x0001, 0x0001, 0x0001, 0x0001, 0x0001,
    0x0001, 0x0001, 0x0001, 0x0001, 0x0001, 0x0001, 0x07E0, 0x07E0, 0xC964, 0xF345, 0xF345, 0xEB45, 0xF345, 0xF345, 0xF365, 0xF365,
    0xF365, 0xA702, 0x00C0, 0x00C0, 0x0001, 0x0000, 0x0000, 0xA800, 0x0000, 0x0000, 0x0000, 0x0001, 0x0001, 0x0000, 0x29A3, 0x29A3,
    0xCB65, 0xF365, 0xF365, 0xEB45, 0xF345, 0xF345, 0xF345, 0xC964, 0xC964, 0x36BC, 0x0001, 0x0001, 0x0001, 0x0001, 0x0001, 0x0001,
    0x0001, 0x0001, 0x0001, 0x0001, 0x0001, 0x0001, 0x07E0, 0x07E0, 0xA0E3, 0xD184, 0xD184, 0xEB45, 0x21C1, 0x21C1, 0x740B, 0xF365,
    0xF365, 0xCF20, 0x00C0, 0x00C0, 0x0001, 0x0000, 0x0000, 0xA800, 0x0000, 0x0000, 0x0000, 0x0001, 0x0001, 0x0000, 0x29C4, 0x29C4,
    0x50C7, 0x52BE, 0x52BE, 0xBCA9, 0xF365, 0xF365, 0xF365, 0xA8E3, 0xA8E3, 0x36BC, 0x0001, 0x0001, 0x0001, 0x0001, 0x0001, 0x0001,
    0x0001, 0x0001, 0x0001, 0x0001, 0x0001, 0x0001, 0x07E0, 0x07E0, 0xA0E3, 0xD184, 0xD184, 0xEB45, 0x21C1, 0x21C1, 0x740B, 0xF365,
    0xF365, 0xCF20, 0x00C0, 0x00C0, 0x0001, 0x0000, 0x0000, 0xA800, 0x0000, 0x0000, 0x0000, 0x0001, 0x0001, 0x0000, 0x29C4, 0x29C4,
    0x50C7, 0x52BE, 0x52BE, 0xBCA9, 0xF365, 0xF365, 0xF365, 0xA8E3, 0xA8E3, 0x36BC, 0x0001, 0x0001, 0x0001, 0x0001, 0x0001, 0x0001,
    0x0001, 0x0001, 0x0001, 0x0001, 0x0001, 0x0001, 0x0000, 0x0000, 0x0000, 0xA904, 0xA904, 0xD184, 0x78A6, 0x78A6, 0x78A6, 0x78C7,
    0x78C7, 0x0000, 0x0001, 0x0001, 0x0001, 0x0001, 0x0001, 0x0001, 0x0001, 0x0001, 0x0001, 0x0001, 0x0001, 0x0001, 0x0000, 0x0000,
    0x78C7, 0x78A6, 0x78A6, 0x78A6, 0xC964, 0xC964, 0xA0E3, 0x0000, 0x0000, 0x0001, 0x0001, 0x0001, 0x0001, 0x0001, 0x0001, 0x0001,
    0x0001, 0x0001, 0x0001, 0x0001, 0x0001, 0x0001, 0x0001, 0x0001, 0x0000, 0xA903, 0xA903, 0xA903, 0x78A6, 0x78A6, 0x78C7, 0x0000,
    0x0000, 0x0001, 0x0001, 0x0001, 0x0001, 0x0001, 0x0001, 0x0001, 0x0001, 0x0001, 0x0001, 0x0001, 0x0001, 0x0001, 0x0000, 0x0000,
    0x0000, 0x78C7, 0x78C7, 0xA903, 0xA903, 0xA903, 0x0000, 0x0001, 0x0001, 0x0001, 0x0001, 0x0001, 0x0001, 0x0001, 0x0001, 0x0001,
    0x0001, 0x0001, 0x0001, 0x0001, 0x0001, 0x0001, 0x0001, 0x0001, 0x0000, 0xA903, 0xA903, 0xA903, 0x78A6, 0x78A6, 0x78C7, 0x0000,
    0x0000, 0x0001, 0x0001, 0x0001, 0x0001, 0x0001, 0x0001, 0x0001, 0x0001, 0x0001, 0x0001, 0x0001, 0x0001, 0x0001, 0x0000, 0x0000,
    0x0000, 0x78C7, 0x78C7, 0xA903, 0xA903, 0xA903, 0x0000, 0x0001, 0x0001, 0x0001, 0x0001, 0x0001, 0x0001, 0x0001, 0x0001, 0x0001,
    0x0001, 0x0001, 0x0001, 0x0001, 0x0001, 0x0001, 0x0001, 0x0001, 0x0001, 0x0000, 0x0000, 0x0000, 0x0000, 0x0000, 0x0000, 0x0000,
    0x0000, 0x0001, 0x0001, 0x0001, 0x0001, 0x0001, 0x0001, 0x0001, 0x0001, 0x0001, 0x0001, 0x0001, 0x0001, 0x0001, 0x0001, 0x0001,
    0x0000, 0x0000, 0x0000, 0x0000, 0x0000, 0x0000, 0x0001, 0x0001, 0x0001, 0x0001, 0x0001, 0x0001, 0x0001, 0x0001, 0x0001, 0x0001,
    0x0001, 0x0001, 0x0001, 0x0001, 0x0001, 0x0001, 0x0001, 0x0001, 0x0001, 0x0001, 0x0001, 0x0001, 0x0001, 0x0001, 0x0001, 0x0001,
    0x0001, 0x0001, 0x0001, 0x0001, 0x0001, 0x0001, 0x0001, 0x0001, 0x0001, 0x0001, 0x0001, 0x0001, 0x0001, 0x0001, 0x0001, 0x0001,
    0x0001, 0x0001, 0x0001, 0x0001, 0x0001, 0x0001, 0x0001, 0x0001, 0x0001, 0x0001, 0x0001, 0x0001, 0x0001, 0x0001, 0x0001, 0x0001,
    0x0001, 0x0001, 0x0001, 0x0001, 0x0001, 0x0001, 0x0001, 0x0001, 0x0001, 0x0001, 0x0001, 0x0001, 0x0001, 0x0001, 0x0001, 0x0001,
    0x0001, 0x0001, 0x0001, 0x0001, 0x0001, 0x0001, 0x0001, 0x0001, 0x0001, 0x0001, 0x0001, 0x0001, 0x0001, 0x0001, 0x0001, 0x0001,
    0x0001, 0x0001, 0x0001, 0x0001, 0x0001, 0x0001, 0x0001, 0x0001, 0x0001, 0x0001, 0x0001, 0x0001, 0x0001, 0x0001, 0x0001, 0x0001,
    0x0001, 0x0001, 0x0001, 0x0001, 0x0001, 0x0001, 0x0001, 0x0001, 0x0001, 0x0001, 0x0001, 0x0001, 0x0001, 0x0001, 0x0001, 0x0001,
    0x0001, 0x0001, 0x0001, 0x0001, 0x0001, 0x0001, 0x0001, 0x0001, 0x0001, 0x0001, 0x0001, 0x0001, 0x0001, 0x0001, 0x0001, 0x0001,
    0x0001, 0x0001, 0x0001, 0x0001, 0x0001, 0x0001, 0x0001, 0x0001, 0x0001, 0x0001, 0x0001, 0x0001, 0x0001, 0x0001, 0x0001, 0x0001
  },
  {
    0x0001, 0x0001, 0x0001, 0x0001, 0x0001, 0x0001, 0x0001, 0x0001, 0x0001, 0x0001, 0x0001, 0x0001, 0x0001, 0x0001, 0x0001, 0x0001,
    0x0001, 0x0001, 0x0001, 0x0001, 0x0001, 0x0001, 0x0001, 0x0001, 0x0001, 0x0001, 0x0001, 0x0001, 0x0001, 0x0001, 0x0001, 0x0001,
    0x0001, 0x0001, 0x0001, 0x0001, 0x0001, 0x0001, 0x0001, 0x0001, 0x0001, 0x0001, 0x0001, 0x0001, 0x0001, 0x0001, 0x0001, 0x0001,
    0x0001, 0x0001, 0x0001, 0x0001, 0x0001, 0x0001, 0x0001, 0x0001, 0x0001, 0x0001, 0x0001, 0x0001, 0x0001, 0x0001, 0x0001, 0x0001,
    0x0001, 0x0001, 0x0001, 0x0001, 0x0001, 0x0001, 0x0001, 0x0001, 0x0001, 0x0001, 0x0001, 0x0001, 0x0001, 0x0001, 0x0001, 0x0001,
    0x0001, 0x0001, 0x0001, 0x0001, 0x0001, 0x0001, 0x0001, 0x0001, 0x0001, 0x0001, 0x0001, 0x0001, 0x0001, 0x0001, 0x0001, 0x0001,
    0x0001, 0x0001, 0x0001, 0x0001, 0x0001, 0x0001, 0x0001, 0x0001, 0x0001, 0x0001, 0x0001, 0x0001, 0x0001, 0x0001, 0x0001, 0x0001,
    0x0001, 0x0001, 0x0001, 0x0001, 0x0001, 0x0001, 0x0001, 0x0001, 0x0001, 0x0001, 0x0001, 0x0001, 0x0001, 0x0001, 0x0001, 0x0001,
    0x0001, 0x0001, 0x0001, 0x0001, 0x0001, 0x0001, 0x0001, 0x0001, 0x0001, 0x0001, 0x0001, 0x0001, 0x0001, 0x0001, 0x0001, 0x0001,
    0x0001, 0x0001, 0x0001, 0x0001, 0x0001, 0x0001, 0x0001, 0x0001, 0x0001, 0x0001, 0x0001, 0x0001, 0x0001, 0x0001, 0x0001, 0x0001,
    0x0001, 0x0001, 0x0001, 0x0001, 0x0001, 0x0001, 0x0001, 0x0001, 0x0001, 0x0001, 0x0001, 0x0001, 0x0001, 0x0001, 0x0001, 0x0001,
    0x0001, 0x0001, 0x0001, 0x0001, 0x0001, 0x0001, 0x0001, 0x0001, 0x0001, 0x0001, 0x0001, 0x0001, 0x0001, 0x0001, 0x0001, 0x0001,
    0x0001, 0x0001, 0x0001, 0x0001, 0x0001, 0x0001, 0x0001, 0x0001, 0x0001, 0x0001, 0x0001, 0x0001, 0x0001, 0x0001, 0x0001, 0x0001,
    0x0001, 0x0001, 0x0001, 0x0001, 0x0001, 0x0001, 0x0001, 0x0001, 0x0001, 0x0001, 0x0001, 0x0001, 0x0001, 0x0001, 0x0001, 0x0001,
    0x0001, 0x0001, 0x0001, 0x0001, 0x0001, 0x0001, 0x0001, 0x0001, 0x0001, 0x0001, 0x0001, 0x0001, 0x0001, 0x0001, 0x0001, 0x0001,
    0x0001, 0x0001, 0x0001, 0x0001, 0x0001, 0x0001, 0x0001, 0x0001, 0x0001, 0x0001, 0x0001, 0x0001, 0x0001, 0x0001, 0x0001, 0x0001,
    0x0001, 0x0001, 0x0001, 0x0001, 0x0001, 0x0001, 0x0001, 0x0001, 0x0001, 0x0001, 0x0001, 0x0001, 0x0001, 0x0001, 0x0001, 0x0001,
    0x0001, 0x0001, 0x0001, 0x0001, 0x0001, 0x0001, 0x0001, 0x0001, 0x0001, 0x0001, 0x0001, 0x0001, 0x0001, 0x0001, 0x0001, 0x0001,
    0x0001, 0x0001, 0x0001, 0x0001, 0x0001, 0x0001, 0x0001, 0x0001, 0x0001, 0x0001, 0x0001, 0x0001, 0x0001, 0x0001, 0x0000, 0x0001,
    0x0001, 0x0001, 0x0001, 0x0001, 0x0001, 0x0001, 0x0001, 0x0001, 0x0001, 0x0001, 0x0001, 0x0001, 0x0001, 0x0001, 0x0000, 0x0000,
    0x0001, 0x0001, 0x0001, 0x0001, 0x0001, 0x0001, 0x0001, 0x0001, 0x0001, 0x0001, 0x0001, 0x0001, 0x0001, 0x0001, 0x0001, 0x0001,
    0x0001, 0x0001, 0x0001, 0x0001, 0x0001, 0x0001, 0x0001, 0x0001, 0x0001, 0x0001, 0x0001, 0x0001, 0x0001, 0x0001, 0x0000, 0x0001,
    0x0001, 0x0001, 0x0001, 0x0001, 0x0001, 0x0001, 0x0001, 0x0001, 0x0001, 0x0001, 0x0001, 0x0001, 0x0001, 0x0001, 0x0000, 0x0000,
    0x0001, 0x0001, 0x0001, 0x0001, 0x0001, 0x0001, 0x0001, 0x0001, 0x0001, 0x0001, 0x0001, 0x0001, 0x0001, 0x0001, 0x0001, 0x0001,
    0x0001, 0x0001, 0x0001, 0x0001, 0x0001, 0x0001, 0x0001, 0x0001, 0x0001, 0x0001, 0x0001, 0x0001, 0x0000, 0x0000, 0xAE9F, 0x0001,
    0x0001, 0x0001, 0x0001, 0x0001, 0x0000, 0x0000, 0x0000, 0x0000, 0x0000, 0x0000, 0x0000, 0x0000, 0x0000, 0x0000, 0x5C7A, 0x5C7A,
    0x0001, 0x0001, 0x0001, 0x0001, 0x0001, 0x0001, 0x0001, 0x0001, 0x0001, 0x0001, 0x0001, 0x0001, 0x0001, 0x0001, 0x0001, 0x0001,
    0x0001, 0x0001, 0x0001, 0x0001, 0x0001, 0x0001, 0x0001, 0x0001, 0x0001, 0x0001, 0x0001, 0x0001, 0x0000, 0x0000, 0x5C7A, 0x0001,
    0x0001, 0x0001, 0x0001, 0x0001, 0xF345, 0xFFE0, 0xFFE0, 0x07E0, 0x0000, 0x0000, 0x0000, 0x0000, 0x0000, 0x0CBB, 0x0000, 0x0000,
    0x0001, 0x0001, 0x0001, 0x0001, 0x0001, 0x0001, 0x0001, 0x0001, 0x0001, 0x0001, 0x0001, 0x0001, 0x0001, 0x0001, 0x0001, 0x0001,
    0x0001, 0x0001, 0x0001, 0x0001, 0x0001, 0x0001, 0x0001, 0x0001, 0x0001, 0x0001, 0x0001, 0x0001, 0x0000, 0x0000, 0x5C7A, 0x0001,
    0x0001, 0x0001, 0x0001, 0x0001, 0xF345, 0xFFE0, 0xFFE0, 0x07E0, 0x0000, 0x0000, 0x0000, 0x0000, 0x0000, 0x0CBB, 0x0000, 0x0000,
    0x0001, 0x0001, 0x0001, 0x0001, 0x0001, 0x0001, 0x0001, 0x0001, 0x0001, 0x0001, 0x0001, 0x0001, 0x0001, 0x0001, 0x0001, 0x0001,
    0x0001, 0x0001, 0x0001, 0x0001, 0x0001, 0x0001, 0x0001, 0x0001, 0x0001, 0x0001, 0x0001, 0x0001, 0x0001, 0x0001, 0x0000, 0x0000,
    0x0000, 0xD184, 0xD184, 0xD184, 0xF345, 0xFC6B, 0xFC6B, 0xFD0E, 0xFD0E, 0xFD0E, 0xFC6B, 0xEB45, 0xEB45, 0xD184, 0xD184, 0xD184,
    0x0000, 0x0000, 0x0000, 0x0001, 0x0001, 0x0001, 0x0001, 0x0001, 0x0001, 0x0001, 0x0001, 0x0001, 0x0001, 0x0001, 0x0001, 0x0001,
    0x0001, 0x0001, 0x0001, 0x0001, 0x0001, 0x0001, 0x0001, 0x0001, 0x0001, 0x0001, 0x0001, 0x0001, 0x0001, 0x0001, 0x0000, 0x0000,
    0x0000, 0xD184, 0xF345, 0xF345, 0xEB45, 0xFC6B, 0xFC6B, 0xFD0E, 0xFD0E, 0xFD0E, 0xFC6B, 0xEB45, 0xEB45, 0xF345, 0xD185, 0xD185,
    0x0000, 0x0000, 0x0000, 0x0001, 0x0001, 0x0001, 0x0001, 0x0001, 0x0001, 0x0001, 0x0001, 0x0001, 0x0001, 0x0001, 0x0001, 0x0001,
    0x0001, 0x0001, 0x0001, 0x0001, 0x0001, 0x0001, 0x0001, 0x0001, 0x0001, 0x0001, 0x0001, 0x0001, 0x0001, 0x0001, 0x0000, 0x0000,
    0x0000, 0xD184, 0xF345, 0xF345, 0xEB45, 0xFC6B, 0xFC6B, 0xFD0E, 0xFD0E, 0xFD0E, 0xFC6B, 0xEB45, 0xEB45, 0xF345, 0xD185, 0xD185,
    0x0000, 0x0000, 0x0000, 0x0001, 0x0001, 0x0001, 0x0001, 0x0001, 0x0001, 0x0001, 0x0001, 0x0001, 0x0001, 0x0001, 0x0001, 0x0001,
    0x0001, 0x0001, 0x0001, 0x0001, 0x0001, 0x0001, 0x0001, 0x0001, 0x0001, 0x0001, 0x0001, 0x0001, 0x0000, 0x0000, 0xA8E3, 0x4242,
    0x4242, 0x8F43, 0xF346, 0xF346, 0xEB45, 0xEB65, 0xEB65, 0xFB45, 0xFD0E, 0xFD0E, 0xFC6B, 0xEB45, 0xEB45, 0xF345, 0xA903, 0xA903,
    0xF345, 0xBDBF, 0xBDBF, 0x571D, 0x0001, 0x0001, 0x0001, 0x0001, 0x0001, 0x0001, 0x0001, 0x0001, 0x0001, 0x0001, 0x0001, 0x0001,
    0x0001, 0x0001, 0x0001, 0x0001, 0x0001, 0x0001, 0x0001, 0x0001, 0x0001, 0x0001, 0x0001, 0x0001, 0x0000, 0x0000, 0xA0E3, 0x4242,
    0x4242, 0x8F43, 0xA0C4, 0xA0C4, 0xF365, 0xF345, 0xF345, 0xFB45, 0xFD0E, 0xFD0E, 0x046B, 0xF345, 0xF345, 0xA8E3, 0xA903, 0xA903,
    0xF345, 0xBD9F, 0xBD9F, 0x571D, 0x0001, 0x0001, 0x0001, 0x0001, 0x0001, 0x0001, 0x0001, 0x0001, 0x0001, 0x0001, 0x0001, 0x0001,
    0x0001, 0x0001, 0x0001, 0x0001, 0x0001, 0x0001, 0x0001, 0x0001, 0x0001, 0x0001, 0x0001, 0x0001, 0x0000, 0x0000, 0xA0E3, 0x4242,
    0x4242, 0x8F43, 0xA0C4, 0xA0C4, 0xF365, 0xF345, 0xF345, 0xFB45, 0xFD0E, 0xFD0E, 0x046B, 0xF345, 0xF345, 0xA8E3, 0xA903, 0xA903,
    0xF345, 0xBD9F, 0xBD9F, 0x571D, 0x0001, 0x0001, 0x0001, 0x0001, 0x0001, 0x0001, 0x0001, 0x0001, 0x0001, 0x0001, 0x0001, 0x0001,
    0x0001, 0x0001, 0x0001, 0x0001, 0x0001, 0x0001, 0x0001, 0x0001, 0x0001, 0x0001, 0x0001, 0x0001, 0x0000, 0x0000, 0xC964, 0x4262,
    0x4262, 0x8F43, 0xA104, 0xA104, 0xF365, 0xF345, 0xF345, 0xB0E3, 0xB2CD, 0xB2CD, 0x048B, 0xF365, 0xF365, 0xA103, 0xA903, 0xA903,
    0xF345, 0xE620, 0xE620, 0x571D, 0x0001, 0x0001, 0x0001, 0x0001, 0x0001, 0x0001, 0x0001, 0x0001, 0x0001, 0x0001, 0x0001, 0x0001,
    0x0001, 0x0001, 0x0001, 0x0001, 0x0001, 0x0001, 0x0001, 0x0001, 0x0001, 0x0001, 0x0001, 0x0000, 0xA903, 0xA903, 0xD184, 0xD184,
    0xD184, 0xDA27, 0x70A6, 0x70A6, 0xA903, 0xA903, 0xA903, 0xC984, 0xC964, 0xC964, 0xA903, 0xA903, 0xA903, 0x70A6, 0xDA27, 0xDA27,
    0xD184, 0xD184, 0xD184, 0xA903, 0x0000, 0x0000, 0x0001, 0x0001, 0x0001, 0x0001, 0x0001, 0x0001, 0x0001, 0x0001, 0x0001, 0x0001,
    0x0001, 0x0001, 0x0001, 0x0001, 0x0001, 0x0001, 0x0001, 0x0001, 0x0001, 0x0001, 0x0001, 0x0000, 0xA903, 0xA903, 0xD184, 0xD184,
    0xD184, 0xDA27, 0x70A6, 0x70A6, 0xA903, 0xA903, 0xA903, 0xC984, 0xC964, 0xC964, 0xA903, 0xA903, 0xA903, 0x70A6, 0xDA27, 0xDA27,
    0xD184, 0xD184, 0xD184, 0xA903, 0x0000, 0x0000, 0x0001, 0x0001, 0x0001, 0x0001, 0x0001, 0x0001, 0x0001, 0x0001, 0x0001, 0x0001,
    0x0001, 0x0001, 0x0001, 0x0001, 0x0001, 0x0001, 0x0001, 0x0001, 0x0001, 0x0001, 0x0001, 0x0000, 0xA903, 0xA903, 0xC964, 0xEAA8,
    0xEAA8, 0xDA27, 0xDA27, 0xDA27, 0xA903, 0xF345, 0xF345, 0xEB45, 0xEB45, 0xEB45, 0xEB45, 0xA903, 0xA903, 0xDA27, 0xDA27, 0xDA27,
    0xEAA8, 0xD185, 0xD185, 0xA903, 0x0000, 0x0000, 0x0001, 0x0001, 0x0001, 0x0001, 0x0001, 0x0001, 0x0001, 0x0001, 0x0001, 0x0001,
    0x0001, 0x0001, 0x0001, 0x0001, 0x0001, 0x0001, 0x0001, 0x0001, 0x0001, 0x0000, 0x0000, 0x0000, 0xA903, 0xA903, 0xC964, 0xEAA8,
    0xEAA8, 0xD184, 0xDA27, 0xDA27, 0xEB45, 0xEB45, 0xEB45, 0xEB45, 0xEB45, 0xEB45, 0xEB45, 0xF345, 0xF345, 0xB844, 0xE227, 0xE227,
    0xFB2A, 0xE984, 0xE984, 0xD103, 0x0000, 0x0000, 0x0000, 0x0001, 0x0001, 0x0001, 0x0001, 0x0001, 0x0001, 0x0001, 0x0001, 0x0001,
    0x0001, 0x0001, 0x0001, 0x0001, 0x0001, 0x0001, 0x0001, 0x0001, 0x0001, 0x0000, 0x0000, 0x0000, 0xA903, 0xA903, 0xC964, 0xEAA8,
    0xEAA8, 0xD184, 0xDA27, 0xDA27, 0xEB45, 0xEB45, 0xEB45, 0xEB45, 0xEB45, 0xEB45, 0xEB45, 0xF345, 0xF345, 0xB844, 0xE227, 0xE227,
    0xFB2A, 0xE984, 0xE984, 0xD103, 0x0000, 0x0000, 0x0000, 0x0001, 0x0001, 0x0001, 0x0001, 0x0001, 0x0001, 0x0001, 0x0001, 0x0001,
    0x0001, 0x0001, 0x0001, 0x0001, 0x0001, 0x0001, 0x0001, 0x0001, 0x0000, 0xEB65, 0xEB65, 0x14BB, 0xA8E3, 0xA8E3, 0xD184, 0xEAA8,
    0xEAA8, 0x0000, 0xD184, 0xD184, 0xD8A5, 0xEB45, 0xEB45, 0xDE89, 0xF345, 0xF345, 0xFFE0, 0xF345, 0xF345, 0xB844, 0xE227, 0xE227,
    0xEC6D, 0xEB2A, 0xEB2A, 0xD184, 0x0100, 0x0100, 0xF365, 0x0001, 0x0001, 0x0001, 0x0001, 0x0001, 0x0001, 0x0001, 0x0001, 0x0001,
    0x0001, 0x0001, 0x0001, 0x0001, 0x0001, 0x0001, 0x0000, 0x0000, 0x78A6, 0xA8E3, 0xA8E3, 0x0000, 0x0000, 0x0000, 0xA8E3, 0xD184,
    0xD184, 0xD184, 0xDA26, 0xDA26, 0xE226, 0x0000, 0x0000, 0x0000, 0x0000, 0x0000, 0x0000, 0xDA26, 0xDA26, 0xDA26, 0xD164, 0xD164,
    0xD184, 0xA903, 0xA903, 0x0000, 0x0000, 0x0000, 0xA8E3, 0x7086, 0x7086, 0x0000, 0x0001, 0x0001, 0x0001, 0x0001, 0x0001, 0x0001,
    0x0001, 0x0001, 0x0001, 0x0001, 0x0001, 0x0001, 0x0000, 0x0000, 0x78A6, 0xA8E3, 0xA8E3, 0x0000, 0x0000, 0x0000, 0xA8E3, 0xD184,
    0xD184, 0xD184, 0xDA26, 0xDA26, 0xE226, 0x0000, 0x0000, 0x0000, 0x0000, 0x0000, 0x0000, 0xDA26, 0xDA26, 0xDA26, 0xD164, 0xD164,
    0xD184, 0xA903, 0xA903, 0x0000, 0x0000, 0x0000, 0xA8E3, 0x7086, 0x7086, 0x0000, 0x0001, 0x0001, 0x0001, 0x0001, 0x0001, 0x0001,
    0x0001, 0x0001, 0x0001, 0x0001, 0x0001, 0x0000, 0xA903, 0xA903, 0xA903, 0xA8E3, 0xA8E3, 0x0000, 0x0000, 0x0000, 0x0000, 0xA8E3,
    0xA8E3, 0xA904, 0xD184, 0xD184, 0xD184, 0xD184, 0xD184, 0xD184, 0xD184, 0xD184, 0xD184, 0xD184, 0xD184, 0xD184, 0xA903, 0xA903,
    0xA903, 0x0000, 0x0000, 0x0000, 0x0000, 0x0000, 0xA903, 0xA903, 0xA903, 0xA903, 0x0000, 0x0000, 0x0001, 0x0001, 0x0001, 0x0001,
    0x0001, 0x0001, 0x0001, 0x0001, 0x0001, 0x0000, 0xA903, 0xA903, 0xA903, 0xF800, 0xF800, 0x50E3, 0x0000, 0x0000, 0x2061, 0xDF9F,
    0xDF9F, 0xA904, 0x8187, 0x8187, 0xC964, 0xD184, 0xD184, 0xD184, 0xD184, 0xD184, 0xD184, 0xD184, 0xD184, 0xC964, 0x0000, 0x0000,
    0xA903, 0xC964, 0xC964, 0xD77F, 0x07E0, 0x07E0, 0x0000, 0x5206, 0x5206, 0xA903, 0x0000, 0x0000, 0x0001, 0x0001, 0x0001, 0x0001,
    0x0001, 0x0001, 0x0001, 0x0001, 0x0001, 0x0000, 0xA903, 0xA903, 0xA903, 0xF800, 0xF800, 0x50E3, 0x0000, 0x0000, 0x2061, 0xDF9F,
    0xDF9F, 0xA904, 0x8187, 0x8187, 0xC964, 0xD184, 0xD184, 0xD184, 0xD184, 0xD184, 0xD184, 0xD184, 0xD184, 0xC964, 0x0000, 0x0000,
    0xA903, 0xC964, 0xC964, 0xD77F, 0x07E0, 0x07E0, 0x0000, 0x5206, 0x5206, 0xA903, 0x0000, 0x0000, 0x0001, 0x0001, 0x0001, 0x0001,
    0x0001, 0x0001, 0x0001, 0x0000, 0x0000, 0x78C7, 0xA903, 0xA903, 0x0000, 0xF345, 0xF345, 0xF345, 0xF345, 0xF345, 0xA903, 0xA0E3,
    0xA0E3, 0x0000, 0x0000, 0x0000, 0x0000, 0x0000, 0x0000, 0x0000, 0x0000, 0x0000, 0x0000, 0x0000, 0x0000, 0x0000, 0x0000, 0x0000,
    0xA8E3, 0xA903, 0xA903, 0xF345, 0xF345, 0xF345, 0xEB65, 0x0000, 0x0000, 0xA903, 0x78C7, 0x78C7, 0x0000, 0x0001, 0x0001, 0x0001,
    0x0001, 0x0001, 0x0001, 0x0000, 0x0000, 0xA903, 0xA903, 0xA903, 0x0000, 0xF345, 0xF345, 0xA0E3, 0xF345, 0xF345, 0xA903, 0x0000,
    0x0000, 0x0000, 0x0000, 0x0000, 0xA8E3, 0xFFE0, 0xFFE0, 0x0000, 0x0000, 0x0000, 0x0000, 0x0000, 0x0000, 0x571D, 0x0000, 0x0000,
    0x0000, 0x51E6, 0x51E6, 0x60E3, 0xEB45, 0xEB45, 0x3DC6, 0x0360, 0x0360, 0xA903, 0xA903, 0xA903, 0x0000, 0x0001, 0x0001, 0x0001,
    0x0001, 0x0001, 0x0001, 0x0000, 0x0000, 0xA903, 0xA903, 0xA903, 0x0000, 0xF345, 0xF345, 0xA0E3, 0xF345, 0xF345, 0xA903, 0x0000,
    0x0000, 0x0000, 0x0000, 0x0000, 0xA8E3, 0xFFE0, 0xFFE0, 0x0000, 0x0000, 0x0000, 0x0000, 0x0000, 0x0000, 0x571D, 0x0000, 0x0000,
    0x0000, 0x51E6, 0x51E6, 0x60E3, 0xEB45, 0xEB45, 0x3DC6, 0x0360, 0x0360, 0xA903, 0xA903, 0xA903, 0x0000, 0x0001, 0x0001, 0x0001,
    0x0001, 0x0001, 0x0001, 0x0000, 0x0000, 0xA903, 0x0000, 0x0000, 0x0000, 0xA0E3, 0xA0E3, 0xA0E3, 0x3586, 0x3586, 0x80A4, 0x0000,
    0x0000, 0x0001, 0x0000, 0x0000, 0xA903, 0x0000, 0x0000, 0x0000, 0x0000, 0x0000, 0x0000, 0x5F1D, 0x5F1D, 0x571D, 0x0001, 0x0001,
    0x0000, 0x2187, 0x2187, 0xAB45, 0xEB45, 0xEB45, 0xF365, 0x0360, 0x0360, 0x0000, 0xA903, 0xA903, 0x0000, 0x0001, 0x0001, 0x0001,
    0x0001, 0x0001, 0x0001, 0x0001, 0x0001, 0x0000, 0x0000, 0x0000, 0xA0E3, 0xF365, 0xF365, 0xF345, 0xF345, 0xF345, 0xF345, 0xA8E3,
    0xA8E3, 0x0000, 0x0000, 0x0000, 0x0000, 0x0000, 0x0000, 0x0000, 0x0000, 0x0000, 0x0000, 0x0000, 0x0000, 0x7086, 0x0000, 0x0000,
    0xA8E3, 0xF345, 0xF345, 0xF345, 0xF345, 0xF345, 0xF345, 0xA0E3, 0xA0E3, 0x0000, 0x0000, 0x0000, 0x0001, 0x0001, 0x0001, 0x0001,
    0x0001, 0x0001, 0x0001, 0x0001, 0x0001, 0x0000, 0x0000, 0x0000, 0xA0E3, 0xF365, 0xF365, 0xF345, 0xF345, 0xF345, 0xF345, 0xA8E3,
    0xA8E3, 0x0000, 0x0000, 0x0000, 0x0000, 0x0000, 0x0000, 0x0000, 0x0000, 0x0000, 0x0000, 0x0000, 0x0000, 0x7086, 0x0000, 0x0000,
    0xA8E3, 0xF345, 0xF345, 0xF345, 0xF345, 0xF345, 0xF345, 0xA0E3, 0xA0E3, 0x0000, 0x0000, 0x0000, 0x0001, 0x0001, 0x0001, 0x0001,
    0x0001, 0x0001, 0x0001, 0x0001, 0x0001, 0x0000, 0x0000, 0x0000, 0xC964, 0xF345, 0xF345, 0xF345, 0xEB45, 0xEB45, 0xF345, 0xA0E3,
    0xA0E3, 0xA0E3, 0x5F1D, 0x5F1D, 0x78C7, 0x285D, 0x285D, 0x0000, 0x0000, 0x0000, 0x0000, 0xCFA3, 0xCFA3, 0xFFE0, 0x1983, 0x1983,
    0xA0E3, 0xF345, 0xF345, 0xF345, 0xF345, 0xF345, 0xF345, 0xC964, 0xC964, 0x0000, 0x0000, 0x0000, 0x0001, 0x0001, 0x0001, 0x0001,
    0x0001, 0x0001, 0x0001, 0x0001, 0x0001, 0x0000, 0xA0E3, 0xA0E3, 0xC964, 0xF345, 0xF345, 0xF345, 0x2002, 0x2002, 0x7C66, 0xF346,
    0xF346, 0x8703, 0x0700, 0x0700, 0xB7C0, 0x78DD, 0x78DD, 0x2840, 0x0000, 0x0000, 0x0000, 0xCFA0, 0xCFA0, 0xA0C3, 0x4A04, 0x4A04,
    0xC364, 0xA903, 0xA903, 0x6A44, 0xBE87, 0xBE87, 0xF345, 0xC964, 0xC964, 0xA0E3, 0x5F1D, 0x5F1D, 0x0001, 0x0001, 0x0001, 0x0001,
    0x0001, 0x0001, 0x0001, 0x0001, 0x0001, 0x0000, 0xA0E3, 0xA0E3, 0xC964, 0xF345, 0xF345, 0xF345, 0x2002, 0x2002, 0x7C66, 0xF346,
    0xF346, 0x8703, 0x0700, 0x0700, 0xB7C0, 0x78DD, 0x78DD, 0x2840, 0x0000, 0x0000, 0x0000, 0xCFA0, 0xCFA0, 0xA0C3, 0x4A04, 0x4A04,
    0xC364, 0xA903, 0xA903, 0x6A44, 0xBE87, 0xBE87, 0xF345, 0xC964, 0xC964, 0xA0E3, 0x5F1D, 0x5F1D, 0x0001, 0x0001, 0x0001, 0x0001,
    0x0001, 0x0001, 0x0001, 0x0001, 0x0001, 0x0000, 0xA103, 0xA103, 0xC964, 0xF345, 0xF345, 0xF345, 0x7086, 0x7086, 0x3BC6, 0x9164,
    0x9164, 0x8363, 0xFF00, 0xFF00, 0xB7C0, 0x0001, 0x0001, 0x2840, 0x0000, 0x0000, 0x0000, 0xCFA1, 0xCFA1, 0xA0C3, 0x41E4, 0x41E4,
    0xA163, 0x7086, 0x7086, 0xBAE4, 0xBE86, 0xBE86, 0xF345, 0xC964, 0xC964, 0xA103, 0x5F1D, 0x5F1D, 0x0001, 0x0001, 0x0001, 0x0001,
    0x0001, 0x0001, 0x0001, 0x0001, 0x0001, 0x0000, 0xA103, 0xA103, 0xA903, 0xD184, 0xD184, 0xF345, 0x78A6, 0x78A6, 0xC320, 0xC1C7,
    0xC1C7, 0x9364, 0x5E3D, 0x5E3D, 0x0001, 0x0001, 0x0001, 0x2840, 0x0000, 0x0000, 0x0000, 0xCFA0, 0xCFA0, 0xFFE0, 0x4A06, 0x4A06,
    0xA184, 0x0000, 0x0000, 0xEBAB, 0x9CC5, 0x9CC5, 0xBB45, 0xA8E3, 0xA8E3, 0xA103, 0x5F1D, 0x5F1D, 0x0001, 0x0001, 0x0001, 0x0001,
    0x0001, 0x0001, 0x0001, 0x0001, 0x0001, 0x0000, 0xA103, 0xA103, 0xA903, 0xD184, 0xD184, 0xF345, 0x78A6, 0x78A6, 0xC320, 0xC1C7,
    0xC1C7, 0x9364, 0x5E3D, 0x5E3D, 0x0001, 0x0001, 0x0001, 0x2840, 0x0000, 0x0000, 0x0000, 0xCFA0, 0xCFA0, 0xFFE0, 0x4A06, 0x4A06,
    0xA184, 0x0000, 0x0000, 0xEBAB, 0x9CC5, 0x9CC5, 0xBB45, 0xA8E3, 0xA8E3, 0xA103, 0x5F1D, 0x5F1D, 0x0001, 0x0001, 0x0001, 0x0001,
    0x0001, 0x0001, 0x0001, 0x0001, 0x0001, 0x0001, 0x0000, 0x0000, 0xA103, 0xC964, 0xC964, 0xF345, 0x7086, 0x7086, 0x43C6, 0xC9C7,
    0xC9C7, 0x9364, 0x5E3D, 0x5E3D, 0x0001, 0x0001, 0x0001, 0x2840, 0x0000, 0x0000, 0x0000, 0xCFA0, 0xCFA0, 0xFFE0, 0x4A06, 0x4A06,
    0xF861, 0x78A6, 0x78A6, 0xF38A, 0x9CC5, 0x9CC5, 0xB324, 0xA0E3, 0xA0E3, 0x0000, 0x0001, 0x0001, 0x0001, 0x0001, 0x0001, 0x0001,
    0x0001, 0x0001, 0x0001, 0x0001, 0x0001, 0x0001, 0x0001, 0x0001, 0x0000, 0xA903, 0xA903, 0xA903, 0xA0E3, 0xA0E3, 0x0000, 0x0000,
    0x0000, 0x0000, 0x0001, 0x0001, 0x0001, 0x0001, 0x0001, 0x0001, 0x0001, 0x0001, 0x0001, 0x0001, 0x0001, 0x0001, 0x0000, 0x0000,
    0x0000, 0x0000, 0x0000, 0xA103, 0xA8E3, 0xA8E3, 0xA103, 0x0000, 0x0000, 0x0001, 0x0001, 0x0001, 0x0001, 0x0001, 0x0001, 0x0001,
    0x0001, 0x0001, 0x0001, 0x0001, 0x0001, 0x0001, 0x0001, 0x0001, 0x0000, 0xA903, 0xA903, 0xA903, 0xA0E3, 0xA0E3, 0x0000, 0x0000,
    0x0000, 0x0000, 0x0001, 0x0001, 0x0001, 0x0001, 0x0001, 0x0001, 0x0001, 0x0001, 0x0001, 0x0001, 0x0001, 0x0001, 0x0000, 0x0000,
    0x0000, 0x0000, 0x0000, 0xA103, 0xA8E3, 0xA8E3, 0xA103, 0x0000, 0x0000, 0x0001, 0x0001, 0x0001, 0x0001, 0x0001, 0x0001, 0x0001,
    0x0001, 0x0001, 0x0001, 0x0001, 0x0001, 0x0001, 0x0001, 0x0001, 0x0001, 0x0000, 0x0000, 0x0000, 0x0000, 0x0000, 0x0001, 0x0001,
    0x0001, 0x0001, 0x0001, 0x0001, 0x0001, 0x0001, 0x0001, 0x0001, 0x0001, 0x0001, 0x0001, 0x0001, 0x0001, 0x0001, 0x0001, 0x0001,
    0x0001, 0x0001, 0x0001, 0x0000, 0x0000, 0x0000, 0x0000, 0x0001, 0x0001, 0x0001, 0x0001, 0x0001, 0x0001, 0x0001, 0x0001, 0x0001,
    0x0001, 0x0001, 0x0001, 0x0001, 0x0001, 0x0001, 0x0001, 0x0001, 0x0001, 0x0001, 0x0001, 0x0001, 0x0001, 0x0001, 0x0001, 0x0001,
    0x0001, 0x0001, 0x0001, 0x0001, 0x0001, 0x0001, 0x0001, 0x0001, 0x0001, 0x0001, 0x0001, 0x0001, 0x0001, 0x0001, 0x0001, 0x0001,
    0x0001, 0x0001, 0x0001, 0x0001, 0x0001, 0x0001, 0x0001, 0x0001, 0x0001, 0x0001, 0x0001, 0x0001, 0x0001, 0x0001, 0x0001, 0x0001,
    0x0001, 0x0001, 0x0001, 0x0001, 0x0001, 0x0001, 0x0001, 0x0001, 0x0001, 0x0001, 0x0001, 0x0001, 0x0001, 0x0001, 0x0001, 0x0001,
    0x0001, 0x0001, 0x0001, 0x0001, 0x0001, 0x0001, 0x0001, 0x0001, 0x0001, 0x0001, 0x0001, 0x0001, 0x0001, 0x0001, 0x0001, 0x0001,
    0x0001, 0x0001, 0x0001, 0x0001, 0x0001, 0x0001, 0x0001, 0x0001, 0x0001, 0x0001, 0x0001, 0x0001, 0x0001, 0x0001, 0x0001, 0x0001,
    0x0001, 0x0001, 0x0001, 0x0001, 0x0001, 0x0001, 0x0001, 0x0001, 0x0001, 0x0001, 0x0001, 0x0001, 0x0001, 0x0001, 0x0001, 0x0001,
    0x0001, 0x0001, 0x0001, 0x0001, 0x0001, 0x0001, 0x0001, 0x0001, 0x0001, 0x0001, 0x0001, 0x0001, 0x0001, 0x0001, 0x0001, 0x0001,
    0x0001, 0x0001, 0x0001, 0x0001, 0x0001, 0x0001, 0x0001, 0x0001, 0x0001, 0x0001, 0x0001, 0x0001, 0x0001, 0x0001, 0x0001, 0x0001
  }
};

static_assert(sizeof(STATUS_STALE_FRAMES) ==
              STATUS_STALE_FRAME_COUNT * STATUS_ICON_WIDTH * STATUS_ICON_HEIGHT * sizeof(uint16_t));

constexpr uint8_t STATUS_DOWN_FRAME_COUNT = 4;
const uint16_t STATUS_DOWN_FRAMES[STATUS_DOWN_FRAME_COUNT]
                                 [STATUS_ICON_WIDTH * STATUS_ICON_HEIGHT] PROGMEM = {
  {
    0x0001, 0x0001, 0x0001, 0x0001, 0x0001, 0x0001, 0x0001, 0x0001, 0x0001, 0x0001, 0x0001, 0x0001, 0x0001, 0x0001, 0x0001, 0x0001,
    0x0001, 0x0001, 0x0001, 0x0001, 0x0001, 0x0001, 0x0001, 0x0001, 0x0001, 0x0001, 0x0001, 0x0001, 0x0001, 0x0001, 0x0001, 0x0001,
    0x0001, 0x0001, 0x0001, 0x0001, 0x0001, 0x0001, 0x0001, 0x0001, 0x0001, 0x0001, 0x0001, 0x0001, 0x0001, 0x0001, 0x0001, 0x0001,
    0x0001, 0x0001, 0x0001, 0x0001, 0x0001, 0x0001, 0x0001, 0x0001, 0x0001, 0x0001, 0x0001, 0x0001, 0x0001, 0x0001, 0x0001, 0x0001,
    0x0001, 0x0001, 0x0001, 0x0001, 0x0001, 0x0001, 0x0001, 0x0001, 0x0001, 0x0001, 0x0001, 0x0001, 0x0001, 0x0001, 0x0001, 0x0001,
    0x0001, 0x0001, 0x0001, 0x0001, 0x0001, 0x0001, 0x0001, 0x0001, 0x0001, 0x0001, 0x0001, 0x0001, 0x0001, 0x0001, 0x0001, 0x0001,
    0x0001, 0x0001, 0x0001, 0x0001, 0x0001, 0x0001, 0x0001, 0x0001, 0x0001, 0x0001, 0x0001, 0x0001, 0x0001, 0x0001, 0x0001, 0x0000,
    0x0000, 0x0000, 0x0001, 0x0001, 0x0001, 0x0001, 0x0001, 0x0001, 0x0001, 0x0001, 0x0001, 0x0001, 0x0001, 0x0001, 0x0000, 0x0000,
    0x0000, 0x0001, 0x0001, 0x0001, 0x0001, 0x0001, 0x0001, 0x0001, 0x0001, 0x0001, 0x0001, 0x0001, 0x0001, 0x0001, 0x0001, 0x0001,
    0x0001, 0x0001, 0x0001, 0x0001, 0x0001, 0x0001, 0x0001, 0x0001, 0x0001, 0x0001, 0x0001, 0x0001, 0x0001, 0x0001, 0x0000, 0xAE9F,
    0xAE9F, 0xAE9F, 0x0000, 0x0000, 0x0001, 0x0001, 0x0001, 0x0001, 0x0001, 0x0001, 0x0001, 0x0001, 0x0001, 0x0000, 0xAE9F, 0xAE9F,
    0xAE9F, 0x0000, 0x0000, 0x0001, 0x0001, 0x0001, 0x0001, 0x0001, 0x0001, 0x0001, 0x0001, 0x0001, 0x0001, 0x0001, 0x0001, 0x0001,
    0x0001, 0x0001, 0x0001, 0x0001, 0x0001, 0x0001, 0x0001, 0x0001, 0x0001, 0x0001, 0x0001, 0x0001, 0x0001, 0x0001, 0x0000, 0xAE9F,
    0xAE9F, 0xAE9F, 0x0000, 0x0000, 0x0001, 0x0001, 0x0001, 0x0001, 0x0001, 0x0001, 0x0001, 0x0001, 0x0001, 0x0000, 0xAE9F, 0xAE9F,
    0xAE9F, 0x0000, 0x0000, 0x0001, 0x0001, 0x0001, 0x0001, 0x0001, 0x0001, 0x0001, 0x0001, 0x0001, 0x0001, 0x0001, 0x0001, 0x0001,
    0x0001, 0x0001, 0x0001, 0x0001, 0x0001, 0x0001, 0x0001, 0x0001, 0x0001, 0x0001, 0x0001, 0x0001, 0x0001, 0x0001, 0x0000, 0x496A,
    0x496A, 0xB9AF, 0x0000, 0x0000, 0x0001, 0x0001, 0x0001, 0x0001, 0x0001, 0x0001, 0x0001, 0x0001, 0x0001, 0x0000, 0x6359, 0x6359,
    0x94B1, 0x0000, 0x0000, 0x0001, 0x0001, 0x0001, 0x0001, 0x0001, 0x0001, 0x0001, 0x0001, 0x0001, 0x0001, 0x0001, 0x0001, 0x0001,
    0x0001, 0x0001, 0x0001, 0x0001, 0x0001, 0x0001, 0x0001, 0x0001, 0x0001, 0x0001, 0x0001, 0x0001, 0x0001, 0x0001, 0x0001, 0x0001,
    0x0001, 0x0000, 0x6379, 0x6379, 0x0000, 0x0000, 0x0000, 0x0000, 0x0000, 0x0000, 0x0000, 0x0000, 0x0000, 0x6359, 0x0000, 0x0000,
    0x0001, 0x0001, 0x0001, 0x0001, 0x0001, 0x0001, 0x0001, 0x0001, 0x0001, 0x0001, 0x0001, 0x0001, 0x0001, 0x0001, 0x0001, 0x0001,
    0x0001, 0x0001, 0x0001, 0x0001, 0x0001, 0x0001, 0x0001, 0x0001, 0x0001, 0x0001, 0x0001, 0x0001, 0x0001, 0x0001, 0x0001, 0x0001,
    0x0001, 0x0000, 0x6379, 0x6379, 0x0000, 0x0000, 0x0000, 0x0000, 0x0000, 0x0000, 0x0000, 0x0000, 0x0000, 0x6359, 0x0000, 0x0000,
    0x0001, 0x0001, 0x0001, 0x0001, 0x0001, 0x0001, 0x0001, 0x0001, 0x0001, 0x0001, 0x0001, 0x0001, 0x0001, 0x0001, 0x0001, 0x0001,
    0x0001, 0x0001, 0x0001, 0x0001, 0x0001, 0x0001, 0x0001, 0x0001, 0x0001, 0x0001, 0x0001, 0x0001, 0x0001, 0x0001, 0x0001, 0x0001,
    0x0001, 0x0000, 0x0000, 0x0000, 0xF345, 0xF345, 0xF345, 0xEB45, 0xF345, 0xF345, 0xF345, 0xF344, 0xF344, 0x0000, 0x0000, 0x0000,
    0x0001, 0x0001, 0x0001, 0x0001, 0x0001, 0x0001, 0x0001, 0x0001, 0x0001, 0x0001, 0x0001, 0x0001, 0x0001, 0x0001, 0x0001, 0x0001,
    0x0001, 0x0001, 0x0001, 0x0001, 0x0001, 0x0001, 0x0001, 0x0001, 0x0001, 0x0001, 0x0001, 0x0001, 0x0001, 0x0001, 0x0001, 0x0000,
    0x0000, 0xD164, 0x0000, 0x0000, 0xF344, 0xFC6B, 0xFC6B, 0xEBE8, 0xF345, 0xF345, 0xF2A1, 0xE23E, 0xE23E, 0xD189, 0x07E0, 0x07E0,
    0x2E9B, 0x0001, 0x0001, 0x0001, 0x0001, 0x0001, 0x0001, 0x0001, 0x0001, 0x0001, 0x0001, 0x0001, 0x0001, 0x0001, 0x0001, 0x0001,
    0x0001, 0x0001, 0x0001, 0x0001, 0x0001, 0x0001, 0x0001, 0x0001, 0x0001, 0x0001, 0x0001, 0x0001, 0x0001, 0x0001, 0x0001, 0x0000,
    0x0000, 0xD164, 0x0000, 0x0000, 0xF344, 0xFC6B, 0xFC6B, 0xEBE8, 0xF345, 0xF345, 0xF2A1, 0xE23E, 0xE23E, 0xD189, 0x07E0, 0x07E0,
    0x2E9B, 0x0001, 0x0001, 0x0001, 0x0001, 0x0001, 0x0001, 0x0001, 0x0001, 0x0001, 0x0001, 0x0001, 0x0001, 0x0001, 0x0001, 0x0001,
    0x0001, 0x0001, 0x0001, 0x0001, 0x0001, 0x0001, 0x0001, 0x0001, 0x0001, 0x0001, 0x0001, 0x0001, 0x0001, 0x0001, 0x0000, 0xA903,
    0xA903, 0xD184, 0x21C0, 0x21C0, 0xF345, 0xF345, 0xF345, 0xEBE8, 0xF345, 0xF345, 0xE19B, 0xE23E, 0xE23E, 0xF349, 0x07E0, 0x07E0,
    0xD79F, 0x0001, 0x0001, 0x0001, 0x0001, 0x0001, 0x0001, 0x0001, 0x0001, 0x0001, 0x0001, 0x0001, 0x0001, 0x0001, 0x0001, 0x0001,
    0x0001, 0x0001, 0x0001, 0x0001, 0x0001, 0x0001, 0x0001, 0x0001, 0x0001, 0x0001, 0x0001, 0x0001, 0x0000, 0x0000, 0xA0E3, 0xF344,
    0xF344, 0xA103, 0xA0E3, 0xA0E3, 0xF345, 0xF344, 0xF344, 0xF344, 0xF344, 0xF344, 0xF345, 0xEB45, 0xEB45, 0xA0E3, 0xA0E3, 0xA0E3,
    0xF345, 0xA903, 0xA903, 0x0000, 0x0001, 0x0001, 0x0001, 0x0001, 0x0001, 0x0001, 0x0001, 0x0001, 0x0001, 0x0001, 0x0001, 0x0001,
    0x0001, 0x0001, 0x0001, 0x0001, 0x0001, 0x0001, 0x0001, 0x0001, 0x0001, 0x0001, 0x0001, 0x0001, 0x0000, 0x0000, 0xA0E3, 0xF344,
    0xF344, 0xA103, 0xA0E3, 0xA0E3, 0xF345, 0xF344, 0xF344, 0xF344, 0xF344, 0xF344, 0xF345, 0xEB45, 0xEB45, 0xA0E3, 0xA0E3, 0xA0E3,
    0xF345, 0xA903, 0xA903, 0x0000, 0x0001, 0x0001, 0x0001, 0x0001, 0x0001, 0x0001, 0x0001, 0x0001, 0x0001, 0x0001, 0x0001, 0x0001,
    0x0001, 0x0001, 0x0001, 0x0001, 0x0001, 0x0001, 0x0001, 0x0001, 0x0001, 0x0001, 0x0001, 0x0001, 0x0000, 0x0000, 0xA0E3, 0xEB45,
    0xEB45, 0xA903, 0x68C6, 0x68C6, 0xA0E2, 0xEB45, 0xEB45, 0x4586, 0xEB24, 0xEB24, 0xA103, 0xF344, 0xF344, 0x68A6, 0xE120, 0xE120,
    0xEB43, 0xA0E3, 0xA0E3, 0x0000, 0x0001, 0x0001, 0x0001, 0x0001, 0x0001, 0x0001, 0x0001, 0x0001, 0x0001, 0x0001, 0x0001, 0x0001,
    0x0001, 0x0001, 0x0001, 0x0001, 0x0001, 0x0001, 0x0001, 0x0001, 0x0001, 0x0001, 0x0001, 0x0001, 0x0000, 0x0000, 0xD164, 0xF345,
    0xF345, 0xA0E3, 0x3698, 0x3698, 0x001E, 0x70D9, 0x70D9, 0xF324, 0xA0E3, 0xA0E3, 0x3698, 0x4A41, 0x4A41, 0x3698, 0xE120, 0xE120,
    0xEB43, 0xD184, 0xD184, 0x0000, 0x0001, 0x0001, 0x0001, 0x0001, 0x0001, 0x0001, 0x0001, 0x0001, 0x0001, 0x0001, 0x0001, 0x0001,
    0x0001, 0x0001, 0x0001, 0x0001, 0x0001, 0x0001, 0x0001, 0x0001, 0x0001, 0x0001, 0x0001, 0x0001, 0x0000, 0x0000, 0xD164, 0xF345,
    0xF345, 0xA0E3, 0x3698, 0x3698, 0x001E, 0x70D9, 0x70D9, 0xF324, 0xA0E3, 0xA0E3, 0x3698, 0x4A41, 0x4A41, 0x3698, 0xE120, 0xE120,
    0xEB43, 0xD184, 0xD184, 0x0000, 0x0001, 0x0001, 0x0001, 0x0001, 0x0001, 0x0001, 0x0001, 0x0001, 0x0001, 0x0001, 0x0001, 0x0001,
    0x0001, 0x0001, 0x0001, 0x0001, 0x0001, 0x0001, 0x0001, 0x0001, 0x0001, 0x0001, 0x0001, 0x0000, 0xA0E3, 0xA0E3, 0xD164, 0xD164,
    0xD164, 0xE226, 0xFFDD, 0xFFDD, 0x001E, 0xA099, 0xA099, 0x1BA5, 0xC964, 0xC964, 0x5E58, 0x4A41, 0x4A41, 0xFFDD, 0x1A43, 0x1A43,
    0xD163, 0xD184, 0xD184, 0xA903, 0x0000, 0x0000, 0x0001, 0x0001, 0x0001, 0x0001, 0x0001, 0x0001, 0x0001, 0x0001, 0x0001, 0x0001,
    0x0001, 0x0001, 0x0001, 0x0001, 0x0001, 0x0001, 0x0001, 0x0001, 0x0001, 0x0001, 0x0001, 0x0000, 0xA903, 0xA903, 0xDA26, 0xC0C2,
    0xC0C2, 0xC984, 0xE7DD, 0xE7DD, 0x5E35, 0xA099, 0xA099, 0x4565, 0xCBA4, 0xCBA4, 0x5E37, 0xA078, 0xA078, 0xFFBD, 0x1263, 0x1263,
    0xD163, 0xE226, 0xE226, 0xA903, 0x0000, 0x0000, 0x0001, 0x0001, 0x0001, 0x0001, 0x0001, 0x0001, 0x0001, 0x0001, 0x0001, 0x0001,
    0x0001, 0x0001, 0x0001, 0x0001, 0x0001, 0x0001, 0x0001, 0x0001, 0x0001, 0x0001, 0x0001, 0x0000, 0xA903, 0xA903, 0xDA26, 0xC0C2,
    0xC0C2, 0xC984, 0xE7DD, 0xE7DD, 0x5E35, 0xA099, 0xA099, 0x4565, 0xCBA4, 0xCBA4, 0x5E37, 0xA078, 0xA078, 0xFFBD, 0x1263, 0x1263,
    0xD163, 0xE226, 0xE226, 0xA903, 0x0000, 0x0000, 0x0001, 0x0001, 0x0001, 0x0001, 0x0001, 0x0001, 0x0001, 0x0001, 0x0001, 0x0001,
    0x0001, 0x0001, 0x0001, 0x0001, 0x0001, 0x0001, 0x0001, 0x0001, 0x0001, 0x0001, 0x0001, 0x0000, 0xA903, 0xA903, 0xD184, 0xEAA8,
    0xEAA8, 0xC964, 0xC964, 0xC964, 0xEB45, 0xF344, 0xF344, 0xEB45, 0xEB45, 0xEB45, 0xEB45, 0xEB45, 0xEB45, 0xC964, 0xC964, 0xC964,
    0xEAA8, 0xD184, 0xD184, 0xA903, 0x0000, 0x0000, 0x0001, 0x0001, 0x0001, 0x0001, 0x0001, 0x0001, 0x0001, 0x0001, 0x0001, 0x0001,
    0x0001, 0x0001, 0x0001, 0x0001, 0x0001, 0x0001, 0x0001, 0x0001, 0x0001, 0x0001, 0x0001, 0x0000, 0xA903, 0xA903, 0xD184, 0xD164,
    0xD164, 0xE226, 0xDA26, 0xDA26, 0x0000, 0xEB45, 0xEB45, 0xEB45, 0xEB45, 0xEB45, 0xEB45, 0x0000, 0x0000, 0xDA26, 0xDA26, 0xDA26,
    0xD164, 0xD184, 0xD184, 0xA0E3, 0x0000, 0x0000, 0x0001, 0x0001, 0x0001, 0x0001, 0x0001, 0x0001, 0x0001, 0x0001, 0x0001, 0x0001,
    0x0001, 0x0001, 0x0001, 0x0001, 0x0001, 0x0001, 0x0001, 0x0001, 0x0001, 0x0001, 0x0001, 0x0000, 0xA903, 0xA903, 0xD184, 0xD164,
    0xD164, 0xE226, 0xDA26, 0xDA26, 0x0000, 0xEB45, 0xEB45, 0xEB45, 0xEB45, 0xEB45, 0xEB45, 0x0000, 0x0000, 0xDA26, 0xDA26, 0xDA26,
    0xD164, 0xD184, 0xD184, 0xA0E3, 0x0000, 0x0000, 0x0001, 0x0001, 0x0001, 0x0001, 0x0001, 0x0001, 0x0001, 0x0001, 0x0001, 0x0001,
    0x0001, 0x0001, 0x0001, 0x0001, 0x0001, 0x0001, 0x0001, 0x0001, 0x0001, 0x0000, 0x0000, 0x0000, 0x0000, 0x0000, 0xA8E3, 0xD184,
    0xD184, 0xD164, 0xDA26, 0xDA26, 0xDA06, 0x0000, 0x0000, 0x0000, 0x0000, 0x0000, 0x0000, 0xDA06, 0xDA06, 0xDA26, 0xD164, 0xD164,
    0xD184, 0xA903, 0xA903, 0x0000, 0x0000, 0x0000, 0x0000, 0x0001, 0x0001, 0x0001, 0x0001, 0x0001, 0x0001, 0x0001, 0x0001, 0x0001,
    0x0001, 0x0001, 0x0001, 0x0001, 0x0001, 0x0001, 0x0000, 0x0000, 0xA0E3, 0xEB45, 0xEB45, 0xA0E3, 0x0000, 0x0000, 0x0000, 0xA8E3,
    0xA8E3, 0xA0E3, 0xD184, 0xD184, 0xD184, 0xD184, 0xD184, 0xD164, 0xD184, 0xD184, 0xD184, 0xD164, 0xD164, 0xD184, 0xA903, 0xA903,
    0xA903, 0x0000, 0x0000, 0x0000, 0xA0E3, 0xA0E3, 0xEB65, 0xA0E3, 0xA0E3, 0x0000, 0x0001, 0x0001, 0x0001, 0x0001, 0x0001, 0x0001,
    0x0001, 0x0001, 0x0001, 0x0001, 0x0001, 0x0001, 0x0000, 0x0000, 0xA0E3, 0xEB45, 0xEB45, 0xA0E3, 0x0000, 0x0000, 0x0000, 0xA8E3,
    0xA8E3, 0xA0E3, 0xD184, 0xD184, 0xD184, 0xD184, 0xD184, 0xD164, 0xD184, 0xD184, 0xD184, 0xD164, 0xD164, 0xD184, 0xA903, 0xA903,
    0xA903, 0x0000, 0x0000, 0x0000, 0xA0E3, 0xA0E3, 0xEB65, 0xA0E3, 0xA0E3, 0x0000, 0x0001, 0x0001, 0x0001, 0x0001, 0x0001, 0x0001,
    0x0001, 0x0001, 0x0001, 0x0001, 0x0001, 0x0001, 0x0000, 0x0000, 0x78C7, 0xA901, 0xA901, 0x0000, 0xA0E3, 0xA0E3, 0x2061, 0xDF9F,
    0xDF9F, 0xA8E3, 0x7987, 0x7987, 0xC964, 0xD184, 0xD184, 0xD164, 0xD184, 0xD184, 0xD184, 0xD164, 0xD164, 0xD184, 0x0000, 0x0000,
    0xA903, 0xC964, 0xC964, 0xDF9F, 0x07E0, 0x07E0, 0x5103, 0x78C7, 0x78C7, 0x0000, 0x0001, 0x0001, 0x0001, 0x0001, 0x0001, 0x0001,
    0x0001, 0x0001, 0x0001, 0x0001, 0x0001, 0x0000, 0xA103, 0xA103, 0xA0E3, 0x0000, 0x0000, 0xEB65, 0xEB65, 0xEB65, 0xA903, 0xA0E3,
    0xA0E3, 0x0000, 0x0000, 0x0000, 0x0000, 0x0000, 0x0000, 0x0000, 0x0000, 0x0000, 0x0000, 0x0000, 0x0000, 0x0000, 0x0000, 0x0000,
    0xA0E3, 0xA0E3, 0xA0E3, 0xEB65, 0xEB45, 0xEB45, 0x0000, 0xB124, 0xB124, 0xA8E3, 0x0000, 0x0000, 0x0001, 0x0001, 0x0001, 0x0001,
    0x0001, 0x0001, 0x0001, 0x0001, 0x0001, 0x0000, 0xA103, 0xA103, 0xA0E3, 0x0000, 0x0000, 0xEB65, 0xEB65, 0xEB65, 0xA903, 0xA0E3,
    0xA0E3, 0x0000, 0x0000, 0x0000, 0x0000, 0x0000, 0x0000, 0x0000, 0x0000, 0x0000, 0x0000, 0x0000, 0x0000, 0x0000, 0x0000, 0x0000,
    0xA0E3, 0xA0E3, 0xA0E3, 0xEB65, 0xEB45, 0xEB45, 0x0000, 0xB124, 0xB124, 0xA8E3, 0x0000, 0x0000, 0x0001, 0x0001, 0x0001, 0x0001,
    0x0001, 0x0001, 0x0001, 0x0001, 0x0001, 0x0000, 0xA0E3, 0xA0E3, 0x0000, 0xEB45, 0xEB45, 0xA103, 0xA0E3, 0xA0E3, 0xA0E3, 0x0000,
    0x0000, 0x0000, 0x0000, 0x0000, 0x0000, 0xA903, 0xA903, 0xA903, 0xA903, 0xA903, 0xA903, 0x0000, 0x0000, 0x0000, 0x0000, 0x0000,
    0x0000, 0xA0E3, 0xA0E3, 0xA0E3, 0xA0E3, 0xA0E3, 0xEB45, 0x0000, 0x0000, 0xA903, 0x0000, 0x0000, 0x0001, 0x0001, 0x0001, 0x0001,
    0x0001, 0x0001, 0x0001, 0x0000, 0x0000, 0x78C7, 0x0000, 0x0000, 0x0000, 0xA0E3, 0xA0E3, 0xA0E3, 0xEB04, 0xEB04, 0x7884, 0x0000,
    0x0000, 0x0001, 0x0000, 0x0000, 0x0000, 0x0000, 0x0000, 0x0000, 0x0000, 0x0000, 0x0000, 0x0000, 0x0000, 0x0000, 0x0001, 0x0001,
    0x0000, 0x78A5, 0x78A5, 0xEB04, 0xA903, 0xA903, 0xA0E3, 0x0000, 0x0000, 0x0000, 0x78C7, 0x78C7, 0x0000, 0x0001, 0x0001, 0x0001,
    0x0001, 0x0001, 0x0001, 0x0000, 0x0000, 0x78C7, 0x0000, 0x0000, 0x0000, 0xA0E3, 0xA0E3, 0xA0E3, 0xEB04, 0xEB04, 0x7884, 0x0000,
    0x0000, 0x0001, 0x0000, 0x0000, 0x0000, 0x0000, 0x0000, 0x0000, 0x0000, 0x0000, 0x0000, 0x0000, 0x0000, 0x0000, 0x0001, 0x0001,
    0x0000, 0x78A5, 0x78A5, 0xEB04, 0xA903, 0xA903, 0xA0E3, 0x0000, 0x0000, 0x0000, 0x78C7, 0x78C7, 0x0000, 0x0001, 0x0001, 0x0001,
    0x0001, 0x0001, 0x0001, 0x0000, 0x0000, 0xA103, 0x0000, 0x0000, 0xA0E3, 0xEB45, 0xEB45, 0xA0E3, 0xEB24, 0xEB24, 0xF344, 0xA643,
    0xA643, 0x5F1D, 0x78C7, 0x78C7, 0xFFE0, 0x0000, 0x0000, 0xFFE0, 0x0000, 0x0000, 0x0000, 0x0000, 0x0000, 0xFFC0, 0x8F7A, 0x8F7A,
    0xA0E3, 0xC305, 0xC305, 0xEB04, 0xF344, 0xF344, 0xA903, 0xA5A3, 0xA5A3, 0x5F1D, 0xA903, 0xA903, 0x0000, 0x0001, 0x0001, 0x0001,
    0x0001, 0x0001, 0x0001, 0x0000, 0x0000, 0xA903, 0x0000, 0x0000, 0xA8E3, 0xEB45, 0xEB45, 0xA0E3, 0xEB04, 0xEB04, 0xA0E3, 0xF084,
    0xF084, 0x0000, 0x0000, 0x0000, 0xFFE0, 0x285D, 0x285D, 0x285D, 0x307D, 0x307D, 0x305D, 0x0000, 0x0000, 0x8F59, 0x307D, 0x307D,
    0xF344, 0x80C3, 0x80C3, 0xEB25, 0xF344, 0xF344, 0xA903, 0xCE24, 0xCE24, 0x5F1D, 0xA903, 0xA903, 0x0000, 0x0001, 0x0001, 0x0001,
    0x0001, 0x0001, 0x0001, 0x0000, 0x0000, 0xA903, 0x0000, 0x0000, 0xA8E3, 0xEB45, 0xEB45, 0xA0E3, 0xEB04, 0xEB04, 0xA0E3, 0xF084,
    0xF084, 0x0000, 0x0000, 0x0000, 0xFFE0, 0x285D, 0x285D, 0x285D, 0x307D, 0x307D, 0x305D, 0x0000, 0x0000, 0x8F59, 0x307D, 0x307D,
    0xF344, 0x80C3, 0x80C3, 0xEB25, 0xF344, 0xF344, 0xA903, 0xCE24, 0xCE24, 0x5F1D, 0xA903, 0xA903, 0x0000, 0x0001, 0x0001, 0x0001,
    0x0001, 0x0001, 0x0001, 0x0000, 0x0000, 0x0000, 0xA0E3, 0xA0E3, 0xC984, 0xEB45, 0xEB45, 0xA903, 0xEB04, 0xEB04, 0xA903, 0xF085,
    0xF085, 0x2881, 0x0700, 0x0700, 0x0001, 0x285D, 0x285D, 0x285D, 0x307D, 0x307D, 0x305D, 0x0001, 0x0001, 0x8F5A, 0x58FE, 0x58FE,
    0xF344, 0x4866, 0x4866, 0x3323, 0xEB44, 0xEB44, 0xA903, 0xCE24, 0xCE24, 0x0000, 0xA800, 0xA800, 0x0000, 0x0001, 0x0001, 0x0001,
    0x0001, 0x0001, 0x0001, 0x0000, 0x0000, 0x0000, 0xA8E3, 0xA8E3, 0xD184, 0xD164, 0xD164, 0xA903, 0xFFC0, 0xFFC0, 0x78C6, 0xD6C4,
    0xD6C4, 0x2881, 0xA003, 0xA003, 0x8739, 0x285D, 0x285D, 0x0001, 0x0001, 0x0001, 0x0001, 0x001D, 0x001D, 0x283D, 0x58FE, 0x58FE,
    0xD184, 0x5087, 0x5087, 0x47DE, 0xEB45, 0xEB45, 0x8F43, 0xD644, 0xD644, 0xF800, 0xA800, 0xA800, 0x0000, 0x0001, 0x0001, 0x0001,
    0x0001, 0x0001, 0x0001, 0x0000, 0x0000, 0x0000, 0xA8E3, 0xA8E3, 0xD184, 0xD164, 0xD164, 0xA903, 0xFFC0, 0xFFC0, 0x78C6, 0xD6C4,
    0xD6C4, 0x2881, 0xA003, 0xA003, 0x8739, 0x285D, 0x285D, 0x0001, 0x0001, 0x0001, 0x0001, 0x001D, 0x001D, 0x283D, 0x58FE, 0x58FE,
    0xD184, 0x5087, 0x5087, 0x47DE, 0xEB45, 0xEB45, 0x8F43, 0xD644, 0xD644, 0xF800, 0xA800, 0xA800, 0x0000, 0x0001, 0x0001, 0x0001,
    0x0001, 0x0001, 0x0001, 0x0001, 0x0001, 0x0000, 0xA103, 0xA103, 0xA103, 0xD164, 0xD164, 0x8F43, 0x6866, 0x6866, 0x0000, 0xA643,
    0xA643, 0x2881, 0xA003, 0xA003, 0x8739, 0x285D, 0x285D, 0x0001, 0x0001, 0x0001, 0x0001, 0x001D, 0x001D, 0x285D, 0x58FE, 0x58FE,
    0xA103, 0xDFC0, 0xDFC0, 0xB884, 0xC984, 0xC984, 0x8F43, 0xA5A3, 0xA5A3, 0xF800, 0xA800, 0xA800, 0x0001, 0x0001, 0x0001, 0x0001,
    0x0001, 0x0001, 0x0001, 0x0001, 0x0001, 0x0001, 0x0000, 0x0000, 0xA103, 0xC964, 0xC964, 0x8723, 0x7886, 0x7886, 0x0000, 0x0540,
    0x0540, 0x0000, 0xA003, 0xA003, 0x8739, 0x285D, 0x285D, 0x0001, 0x0001, 0x0001, 0x0001, 0x001D, 0x001D, 0x283D, 0x307D, 0x307D,
    0x0000, 0xDFC0, 0xDFC0, 0xB864, 0xC984, 0xC984, 0x7703, 0xA5A3, 0xA5A3, 0x5F1D, 0x0001, 0x0001, 0x0001, 0x0001, 0x0001, 0x0001,
    0x0001, 0x0001, 0x0001, 0x0001, 0x0001, 0x0001, 0x0000, 0x0000, 0xA103, 0xC964, 0xC964, 0x8723, 0x7886, 0x7886, 0x0000, 0x0540,
    0x0540, 0x0000, 0xA003, 0xA003, 0x8739, 0x285D, 0x285D, 0x0001, 0x0001, 0x0001, 0x0001, 0x001D, 0x001D, 0x283D, 0x307D, 0x307D,
    0x0000, 0xDFC0, 0xDFC0, 0xB864, 0xC984, 0xC984, 0x7703, 0xA5A3, 0xA5A3, 0x5F1D, 0x0001, 0x0001, 0x0001, 0x0001, 0x0001, 0x0001,
    0x0001, 0x0001, 0x0001, 0x0001, 0x0001, 0x0001, 0x0001, 0x0001, 0x0000, 0xA0E3, 0xA0E3, 0xA103, 0xA903, 0xA903, 0x98E3, 0x0000,
    0x0000, 0x0000, 0x0000, 0x0000, 0x0001, 0x0001, 0x0001, 0x0001, 0x0001, 0x0001, 0x0001, 0x0001, 0x0001, 0x0000, 0x0000, 0x0000,
    0x0001, 0x78C7, 0x78C7, 0xA0E3, 0xA103, 0xA103, 0xA903, 0x0000, 0x0000, 0x0001, 0x0001, 0x0001, 0x0001, 0x0001, 0x0001, 0x0001,
    0x0001, 0x0001, 0x0001, 0x0001, 0x0001, 0x0001, 0x0001, 0x0001, 0x0001, 0x0000, 0x0000, 0x0000, 0x0000, 0x0000, 0x0000, 0x0001,
    0x0001, 0x0001, 0x0001, 0x0001, 0x0001, 0x0001, 0x0001, 0x0001, 0x0001, 0x0001, 0x0001, 0x0001, 0x0001, 0x0001, 0x0001, 0x0001,
    0x0001, 0x0000, 0x0000, 0x0000, 0x0000, 0x0000, 0x0000, 0x0001, 0x0001, 0x0001, 0x0001, 0x0001, 0x0001, 0x0001, 0x0001, 0x0001,
    0x0001, 0x0001, 0x0001, 0x0001, 0x0001, 0x0001, 0x0001, 0x0001, 0x0001, 0x0000, 0x0000, 0x0000, 0x0000, 0x0000, 0x0000, 0x0001,
    0x0001, 0x0001, 0x0001, 0x0001, 0x0001, 0x0001, 0x0001, 0x0001, 0x0001, 0x0001, 0x0001, 0x0001, 0x0001, 0x0001, 0x0001, 0x0001,
    0x0001, 0x0000, 0x0000, 0x0000, 0x0000, 0x0000, 0x0000, 0x0001, 0x0001, 0x0001, 0x0001, 0x0001, 0x0001, 0x0001, 0x0001, 0x0001,
    0x0001, 0x0001, 0x0001, 0x0001, 0x0001, 0x0001, 0x0001, 0x0001, 0x0001, 0x0001, 0x0001, 0x0001, 0x0001, 0x0001, 0x0001, 0x0001,
    0x0001, 0x0001, 0x0001, 0x0001, 0x0001, 0x0001, 0x0001, 0x0001, 0x0001, 0x0001, 0x0001, 0x0001, 0x0001, 0x0001, 0x0001, 0x0001,
    0x0001, 0x0001, 0x0001, 0x0001, 0x0001, 0x0001, 0x0001, 0x0001, 0x0001, 0x0001, 0x0001, 0x0001, 0x0001, 0x0001, 0x0001, 0x0001,
    0x0001, 0x0001, 0x0001, 0x0001, 0x0001, 0x0001, 0x0001, 0x0001, 0x0001, 0x0001, 0x0001, 0x0001, 0x0001, 0x0001, 0x0001, 0x0001,
    0x0001, 0x0001, 0x0001, 0x0001, 0x0001, 0x0001, 0x0001, 0x0001, 0x0001, 0x0001, 0x0001, 0x0001, 0x0001, 0x0001, 0x0001, 0x0001,
    0x0001, 0x0001, 0x0001, 0x0001, 0x0001, 0x0001, 0x0001, 0x0001, 0x0001, 0x0001, 0x0001, 0x0001, 0x0001, 0x0001, 0x0001, 0x0001,
    0x0001, 0x0001, 0x0001, 0x0001, 0x0001, 0x0001, 0x0001, 0x0001, 0x0001, 0x0001, 0x0001, 0x0001, 0x0001, 0x0001, 0x0001, 0x0001,
    0x0001, 0x0001, 0x0001, 0x0001, 0x0001, 0x0001, 0x0001, 0x0001, 0x0001, 0x0001, 0x0001, 0x0001, 0x0001, 0x0001, 0x0001, 0x0001,
    0x0001, 0x0001, 0x0001, 0x0001, 0x0001, 0x0001, 0x0001, 0x0001, 0x0001, 0x0001, 0x0001, 0x0001, 0x0001, 0x0001, 0x0001, 0x0001,
    0x0001, 0x0001, 0x0001, 0x0001, 0x0001, 0x0001, 0x0001, 0x0001, 0x0001, 0x0001, 0x0001, 0x0001, 0x0001, 0x0001, 0x0001, 0x0001,
    0x0001, 0x0001, 0x0001, 0x0001, 0x0001, 0x0001, 0x0001, 0x0001, 0x0001, 0x0001, 0x0001, 0x0001, 0x0001, 0x0001, 0x0001, 0x0001,
    0x0001, 0x0001, 0x0001, 0x0001, 0x0001, 0x0001, 0x0001, 0x0001, 0x0001, 0x0001, 0x0001, 0x0001, 0x0001, 0x0001, 0x0001, 0x0001
  },
  {
    0x0001, 0x0001, 0x0001, 0x0001, 0x0001, 0x0001, 0x0001, 0x0001, 0x0001, 0x0001, 0x0001, 0x0001, 0x0001, 0x0001, 0x0001, 0x0001,
    0x0001, 0x0001, 0x0001, 0x0001, 0x0001, 0x0001, 0x0001, 0x0001, 0x0001, 0x0001, 0x0001, 0x0001, 0x0001, 0x0001, 0x0001, 0x0001,
    0x0001, 0x0001, 0x0001, 0x0001, 0x0001, 0x0001, 0x0001, 0x0001, 0x0001, 0x0001, 0x0001, 0x0001, 0x0001, 0x0001, 0x0001, 0x0001,
    0x0001, 0x0001, 0x0001, 0x0001, 0x0001, 0x0001, 0x0001, 0x0001, 0x0001, 0x0001, 0x0001, 0x0001, 0x0001, 0x0001, 0x0001, 0x0001,
    0x0001, 0x0001, 0x0001, 0x0001, 0x0001, 0x0001, 0x0001, 0x0001, 0x0001, 0x0001, 0x0001, 0x0001, 0x0001, 0x0001, 0x0001, 0x0001,
    0x0001, 0x0001, 0x0001, 0x0001, 0x0001, 0x0001, 0x0001, 0x0001, 0x0001, 0x0001, 0x0001, 0x0001, 0x0001, 0x0001, 0x0001, 0x0001,
    0x0001, 0x0001, 0x0001, 0x0001, 0x0001, 0x0001, 0x0001, 0x0001, 0x0001, 0x0001, 0x0001, 0x0001, 0x0001, 0x0001, 0x0001, 0x0001,
    0x0001, 0x0001, 0x0001, 0x0001, 0x0001, 0x0001, 0x0001, 0x0001, 0x0001, 0x0001, 0x0001, 0x0001, 0x0001, 0x0001, 0x0001, 0x0001,
    0x0001, 0x0001, 0x0001, 0x0001, 0x0001, 0x0001, 0x0001, 0x0001, 0x0001, 0x0001, 0x0001, 0x0001, 0x0001, 0x0001, 0x0001, 0x0001,
    0x0001, 0x0001, 0x0001, 0x0001, 0x0001, 0x0001, 0x0001, 0x0001, 0x0001, 0x0001, 0x0001, 0x0001, 0x0001, 0x0001, 0x0001, 0x0000,
    0x0000, 0x0000, 0x0001, 0x0001, 0x0001, 0x0001, 0x0001, 0x0001, 0x0001, 0x0001, 0x0001, 0x0001, 0x0001, 0x0001, 0x0000, 0x0000,
    0x0000, 0x0001, 0x0001, 0x0001, 0x0001, 0x0001, 0x0001, 0x0001, 0x0001, 0x0001, 0x0001, 0x0001, 0x0001, 0x0001, 0x0001, 0x0001,
    0x0001, 0x0001, 0x0001, 0x0001, 0x0001, 0x0001, 0x0001, 0x0001, 0x0001, 0x0001, 0x0001, 0x0001, 0x0001, 0x0001, 0x0001, 0x0000,
    0x0000, 0x0000, 0x0001, 0x0001, 0x0001, 0x0001, 0x0001, 0x0001, 0x0001, 0x0001, 0x0001, 0x0001, 0x0001, 0x0001, 0x0000, 0x0000,
    0x0000, 0x0001, 0x0001, 0x0001, 0x0001, 0x0001, 0x0001, 0x0001, 0x0001, 0x0001, 0x0001, 0x0001, 0x0001, 0x0001, 0x0001, 0x0001,
    0x0001, 0x0001, 0x0001, 0x0001, 0x0001, 0x0001, 0x0001, 0x0001, 0x0001, 0x0001, 0x0001, 0x0001, 0x0001, 0x0001, 0x0000, 0xAE9F,
    0xAE9F, 0xAE9F, 0x0000, 0x0000, 0x0001, 0x0001, 0x0001, 0x0001, 0x0001, 0x0001, 0x0001, 0x0001, 0x0001, 0x0000, 0xAE9F, 0xAE9F,
    0xAE9F, 0x0000, 0x0000, 0x0001, 0x0001, 0x0001, 0x0001, 0x0001, 0x0001, 0x0001, 0x0001, 0x0001, 0x0001, 0x0001, 0x0001, 0x0001,
    0x0001, 0x0001, 0x0001, 0x0001, 0x0001, 0x0001, 0x0001, 0x0001, 0x0001, 0x0001, 0x0001, 0x0001, 0x0001, 0x0001, 0x0000, 0x496A,
    0x496A, 0xB9AF, 0x0000, 0x0000, 0x0000, 0x0001, 0x0001, 0x0001, 0x0001, 0x0001, 0x0001, 0x0001, 0x0001, 0x0000, 0x6379, 0x6379,
    0x9490, 0x0000, 0x0000, 0x0001, 0x0001, 0x0001, 0x0001, 0x0001, 0x0001, 0x0001, 0x0001, 0x0001, 0x0001, 0x0001, 0x0001, 0x0001,
    0x0001, 0x0001, 0x0001, 0x0001, 0x0001, 0x0001, 0x0001, 0x0001, 0x0001, 0x0001, 0x0001, 0x0001, 0x0001, 0x0001, 0x0000, 0x496A,
    0x496A, 0xB9AF, 0x0000, 0x0000, 0x0000, 0x0001, 0x0001, 0x0001, 0x0001, 0x0001, 0x0001, 0x0001, 0x0001, 0x0000, 0x6379, 0x6379,
    0x9490, 0x0000, 0x0000, 0x0001, 0x0001, 0x0001, 0x0001, 0x0001, 0x0001, 0x0001, 0x0001, 0x0001, 0x0001, 0x0001, 0x0001, 0x0001,
    0x0001, 0x0001, 0x0001, 0x0001, 0x0001, 0x0001, 0x0001, 0x0001, 0x0001, 0x0001, 0x0001, 0x0001, 0x0001, 0x0001, 0x0001, 0x0001,
    0x0001, 0x0000, 0x6379, 0x6379, 0xF345, 0xF345, 0xF345, 0xF345, 0xF345, 0xF345, 0xF345, 0xEB65, 0xEB65, 0x6379, 0x0000, 0x0000,
    0x0001, 0x0001, 0x0001, 0x0001, 0x0001, 0x0001, 0x0001, 0x0001, 0x0001, 0x0001, 0x0001, 0x0001, 0x0001, 0x0001, 0x0001, 0x0001,
    0x0001, 0x0001, 0x0001, 0x0001, 0x0001, 0x0001, 0x0001, 0x0001, 0x0001, 0x0001, 0x0001, 0x0001, 0x0001, 0x0001, 0x0001, 0x0000,
    0x0000, 0x0000, 0x0000, 0x0000, 0xEB65, 0xFC6B, 0xFC6B, 0xFD0E, 0xFD0E, 0xFD0E, 0xFC6B, 0xEB65, 0xEB65, 0x0000, 0x0000, 0x0000,
    0x0000, 0x0001, 0x0001, 0x0001, 0x0001, 0x0001, 0x0001, 0x0001, 0x0001, 0x0001, 0x0001, 0x0001, 0x0001, 0x0001, 0x0001, 0x0001,
    0x0001, 0x0001, 0x0001, 0x0001, 0x0001, 0x0001, 0x0001, 0x0001, 0x0001, 0x0001, 0x0001, 0x0001, 0x0001, 0x0001, 0x0001, 0x0000,
    0x0000, 0x0000, 0x0000, 0x0000, 0xEB65, 0xFC6B, 0xFC6B, 0xFD0E, 0xFD0E, 0xFD0E, 0xFC6B, 0xEB65, 0xEB65, 0x0000, 0x0000, 0x0000,
    0x0000, 0x0001, 0x0001, 0x0001, 0x0001, 0x0001, 0x0001, 0x0001, 0x0001, 0x0001, 0x0001, 0x0001, 0x0001, 0x0001, 0x0001, 0x0001,
    0x0001, 0x0001, 0x0001, 0x0001, 0x0001, 0x0001, 0x0001, 0x0001, 0x0001, 0x0001, 0x0001, 0x0001, 0x0001, 0x0001, 0x0000, 0x0000,
    0x0000, 0xD184, 0xEB65, 0xEB65, 0xEB65, 0xFC6B, 0xFC6B, 0xFD0E, 0xFD0E, 0xFD0E, 0xFC6B, 0xEB45, 0xEB45, 0xEB65, 0xD184, 0xD184,
    0x0000, 0x0000, 0x0000, 0x0001, 0x0001, 0x0001, 0x0001, 0x0001, 0x0001, 0x0001, 0x0001, 0x0001, 0x0001, 0x0001, 0x0001, 0x0001,
    0x0001, 0x0001, 0x0001, 0x0001, 0x0001, 0x0001, 0x0001, 0x0001, 0x0001, 0x0001, 0x0001, 0x0001, 0x0000, 0x0000, 0x1800, 0xA0E3,
    0xA0E3, 0xF345, 0xF345, 0xF345, 0xF345, 0xF345, 0xF345, 0xEB65, 0xF345, 0xF345, 0xF345, 0xF345, 0xF345, 0xEB65, 0xEB65, 0xEB65,
    0xA8E3, 0x1800, 0x1800, 0x0000, 0x0001, 0x0001, 0x0001, 0x0001, 0x0001, 0x0001, 0x0001, 0x0001, 0x0001, 0x0001, 0x0001, 0x0001,
    0x0001, 0x0001, 0x0001, 0x0001, 0x0001, 0x0001, 0x0001, 0x0001, 0x0001, 0x0001, 0x0001, 0x0001, 0x0000, 0x0000, 0x1800, 0xA0E3,
    0xA0E3, 0xF345, 0xF345, 0xF345, 0xF345, 0xF345, 0xF345, 0xEB65, 0xF345, 0xF345, 0xF345, 0xF345, 0xF345, 0xEB65, 0xEB65, 0xEB65,
    0xA8E3, 0x1800, 0x1800, 0x0000, 0x0001, 0x0001, 0x0001, 0x0001, 0x0001, 0x0001, 0x0001, 0x0001, 0x0001, 0x0001, 0x0001, 0x0001,
    0x0001, 0x0001, 0x0001, 0x0001, 0x0001, 0x0001, 0x0001, 0x0001, 0x0001, 0x0001, 0x0001, 0x0001, 0x0000, 0x0000, 0xA0E3, 0xEB65,
    0xEB65, 0xA0E3, 0xA0E3, 0xA0E3, 0xF345, 0xF344, 0xF344, 0xF344, 0xF344, 0xF344, 0xF345, 0xEB45, 0xEB45, 0xA0E3, 0xA0E3, 0xA0E3,
    0xEB65, 0xA8E3, 0xA8E3, 0x0000, 0x0001, 0x0001, 0x0001, 0x0001, 0x0001, 0x0001, 0x0001, 0x0001, 0x0001, 0x0001, 0x0001, 0x0001,
    0x0001, 0x0001, 0x0001, 0x0001, 0x0001, 0x0001, 0x0001, 0x0001, 0x0001, 0x0001, 0x0001, 0x0001, 0x0000, 0x0000, 0xD164, 0xEB65,
    0xEB65, 0xA903, 0x68C6, 0x68C6, 0xA0E2, 0xEB45, 0xEB45, 0x4586, 0xEB24, 0xEB24, 0xA103, 0xF344, 0xF344, 0x68A6, 0xD920, 0xD920,
    0xEB63, 0xD184, 0xD184, 0x0000, 0x0001, 0x0001, 0x0001, 0x0001, 0x0001, 0x0001, 0x0001, 0x0001, 0x0001, 0x0001, 0x0001, 0x0001,
    0x0001, 0x0001, 0x0001, 0x0001, 0x0001, 0x0001, 0x0001, 0x0001, 0x0001, 0x0001, 0x0001, 0x0001, 0x0000, 0x0000, 0xD164, 0xEB65,
    0xEB65, 0xA903, 0x68C6, 0x68C6, 0xA0E2, 0xEB45, 0xEB45, 0x4586, 0xEB24, 0xEB24, 0xA103, 0xF344, 0xF344, 0x68A6, 0xD920, 0xD920,
    0xEB63, 0xD184, 0xD184, 0x0000, 0x0001, 0x0001, 0x0001, 0x0001, 0x0001, 0x0001, 0x0001, 0x0001, 0x0001, 0x0001, 0x0001, 0x0001,
    0x0001, 0x0001, 0x0001, 0x0001, 0x0001, 0x0001, 0x0001, 0x0001, 0x0001, 0x0001, 0x0001, 0x0001, 0x0000, 0x0000, 0xD164, 0xF345,
    0xF345, 0xA0E3, 0x2F1A, 0x2F1A, 0xF9EC, 0x21FD, 0x21FD, 0x45D1, 0xF325, 0xF325, 0x3699, 0x6CAD, 0x6CAD, 0xA25D, 0x132F, 0x132F,
    0xDB43, 0xD184, 0xD184, 0x0000, 0x0001, 0x0001, 0x0001, 0x0001, 0x0001, 0x0001, 0x0001, 0x0001, 0x0001, 0x0001, 0x0001, 0x0001,
    0x0001, 0x0001, 0x0001, 0x0001, 0x0001, 0x0001, 0x0001, 0x0001, 0x0001, 0x0001, 0x0001, 0x0000, 0xA0E3, 0xA0E3, 0xD164, 0xC964,
    0xC964, 0xD184, 0xFFBD, 0xFFBD, 0xF9EC, 0x419C, 0x419C, 0x6E32, 0x1387, 0x1387, 0x5E59, 0x6CAD, 0x6CAD, 0x6AE0, 0x43D1, 0x43D1,
    0xB962, 0xD184, 0xD184, 0xA903, 0x0000, 0x0000, 0x0001, 0x0001, 0x0001, 0x0001, 0x0001, 0x0001, 0x0001, 0x0001, 0x0001, 0x0001,
    0x0001, 0x0001, 0x0001, 0x0001, 0x0001, 0x0001, 0x0001, 0x0001, 0x0001, 0x0001, 0x0001, 0x0000, 0xA0E3, 0xA0E3, 0xD164, 0xC964,
    0xC964, 0xD184, 0xFFBD, 0xFFBD, 0xF9EC, 0x419C, 0x419C, 0x6E32, 0x1387, 0x1387, 0x5E59, 0x6CAD, 0x6CAD, 0x6AE0, 0x43D1, 0x43D1,
    0xB962, 0xD184, 0xD184, 0xA903, 0x0000, 0x0000, 0x0001, 0x0001, 0x0001, 0x0001, 0x0001, 0x0001, 0x0001, 0x0001, 0x0001, 0x0001,
    0x0001, 0x0001, 0x0001, 0x0001, 0x0001, 0x0001, 0x0001, 0x0001, 0x0001, 0x0001, 0x0001, 0x0000, 0xA903, 0xA903, 0xD184, 0xEAA8,
    0xEAA8, 0xC984, 0xD164, 0xD164, 0xEB45, 0xEB45, 0xEB45, 0xEB45, 0xEB45, 0xEB45, 0xEB45, 0xE223, 0xE223, 0xC964, 0xC984, 0xC984,
    0xEAA8, 0xE226, 0xE226, 0xA903, 0x0000, 0x0000, 0x0001, 0x0001, 0x0001, 0x0001, 0x0001, 0x0001, 0x0001, 0x0001, 0x0001, 0x0001,
    0x0001, 0x0001, 0x0001, 0x0001, 0x0001, 0x0001, 0x0001, 0x0001, 0x0001, 0x0001, 0x0001, 0x0000, 0xA0E3, 0xA0E3, 0xD184, 0xD164,
    0xD164, 0xDA26, 0xE226, 0xE226, 0x0000, 0xEB45, 0xEB45, 0xEB45, 0xEB45, 0xEB45, 0xEB45, 0x0000, 0x0000, 0xDA06, 0xDA26, 0xDA26,
    0xD164, 0xD184, 0xD184, 0xA8E3, 0x0000, 0x0000, 0x0001, 0x0001, 0x0001, 0x0001, 0x0001, 0x0001, 0x0001, 0x0001, 0x0001, 0x0001,
    0x0001, 0x0001, 0x0001, 0x0001, 0x0001, 0x0001, 0x0001, 0x0001, 0x0001, 0x0001, 0x0001, 0x0000, 0xA0E3, 0xA0E3, 0xD184, 0xD164,
    0xD164, 0xDA26, 0xE226, 0xE226, 0x0000, 0xEB45, 0xEB45, 0xEB45, 0xEB45, 0xEB45, 0xEB45, 0x0000, 0x0000, 0xDA06, 0xDA26, 0xDA26,
    0xD164, 0xD184, 0xD184, 0xA8E3, 0x0000, 0x0000, 0x0001, 0x0001, 0x0001, 0x0001, 0x0001, 0x0001, 0x0001, 0x0001, 0x0001, 0x0001,
    0x0001, 0x0001, 0x0001, 0x0001, 0x0001, 0x0001, 0x0001, 0x0001, 0x0001, 0x0000, 0x0000, 0x0000, 0x0000, 0x0000, 0xA8E3, 0xD184,
    0xD184, 0xD164, 0xDA26, 0xDA26, 0x0000, 0xEB45, 0xEB45, 0xEB45, 0xEB45, 0xEB45, 0xEB45, 0x0000, 0x0000, 0xDA26, 0xD164, 0xD164,
    0xD184, 0xA903, 0xA903, 0x0000, 0x0000, 0x0000, 0x0000, 0x0001, 0x0001, 0x0001, 0x0001, 0x0001, 0x0001, 0x0001, 0x0001, 0x0001,
    0x0001, 0x0001, 0x0001, 0x0001, 0x0001, 0x0001, 0x0000, 0x0000, 0xA103, 0xEB65, 0xEB65, 0x0000, 0x0000, 0x0000, 0x1800, 0xA8E3,
    0xA8E3, 0xA0E3, 0xD184, 0xD184, 0xD185, 0x0000, 0x0000, 0x0000, 0x0000, 0x0000, 0x0000, 0xD185, 0xD185, 0xD184, 0xA903, 0xA903,
    0xA903, 0x1800, 0x1800, 0x0000, 0x0000, 0x0000, 0xEB45, 0xA103, 0xA103, 0x0000, 0x0001, 0x0001, 0x0001, 0x0001, 0x0001, 0x0001,
    0x0001, 0x0001, 0x0001, 0x0001, 0x0001, 0x0001, 0x0000, 0x0000, 0xA103, 0xEB65, 0xEB65, 0x0000, 0x0000, 0x0000, 0x1800, 0xA8E3,
    0xA8E3, 0xA0E3, 0xD184, 0xD184, 0xD185, 0x0000, 0x0000, 0x0000, 0x0000, 0x0000, 0x0000, 0xD185, 0xD185, 0xD184, 0xA903, 0xA903,
    0xA903, 0x1800, 0x1800, 0x0000, 0x0000, 0x0000, 0xEB45, 0xA103, 0xA103, 0x0000, 0x0001, 0x0001, 0x0001, 0x0001, 0x0001, 0x0001,
    0x0001, 0x0001, 0x0001, 0x0001, 0x0001, 0x0001, 0x0000, 0x0000, 0x78A6, 0x001E, 0x001E, 0xEB6A, 0xBDBF, 0xBDBF, 0x8F1D, 0x0000,
    0x0000, 0xA0E3, 0x7984, 0x7984, 0xD185, 0xB124, 0xB124, 0x0000, 0xF7FF, 0xF7FF, 0x0821, 0xA903, 0xA903, 0xD184, 0x0000, 0x0000,
    0xA903, 0x1800, 0x1800, 0xA903, 0x4261, 0x4261, 0xFFE0, 0x1BE9, 0x1BE9, 0x0100, 0x0001, 0x0001, 0x0001, 0x0001, 0x0001, 0x0001,
    0x0001, 0x0001, 0x0001, 0x0001, 0x0001, 0x0000, 0xA903, 0xA903, 0xA8E3, 0xEB45, 0xEB45, 0xEB45, 0xEB65, 0xEB65, 0xC944, 0xA0E3,
    0xA0E3, 0x0000, 0x0000, 0x0000, 0x0000, 0x0000, 0x0000, 0x0000, 0x0000, 0x0000, 0x0000, 0x0000, 0x0000, 0x0000, 0x0000, 0x0000,
    0x0000, 0xC964, 0xC964, 0xEB65, 0xEB45, 0xEB45, 0xF345, 0xB124, 0xB124, 0xA8E3, 0x0000, 0x0000, 0x0001, 0x0001, 0x0001, 0x0001,
    0x0001, 0x0001, 0x0001, 0x0001, 0x0001, 0x0000, 0xA903, 0xA903, 0xA8E3, 0xEB45, 0xEB45, 0xEB45, 0xEB65, 0xEB65, 0xC944, 0xA0E3,
    0xA0E3, 0x0000, 0x0000, 0x0000, 0x0000, 0x0000, 0x0000, 0x0000, 0x0000, 0x0000, 0x0000, 0x0000, 0x0000, 0x0000, 0x0000, 0x0000,
    0x0000, 0xC964, 0xC964, 0xEB65, 0xEB45, 0xEB45, 0xF345, 0xB124, 0xB124, 0xA8E3, 0x0000, 0x0000, 0x0001, 0x0001, 0x0001, 0x0001,
    0x0001, 0x0001, 0x0001, 0x0001, 0x0001, 0x0000, 0xA0E3, 0xA0E3, 0x0000, 0xEB45, 0xEB45, 0xEB45, 0xA103, 0xA103, 0xA0E3, 0x0000,
    0x0000, 0x0000, 0x0000, 0x0000, 0x0000, 0x2841, 0x2841, 0x68A2, 0x4881, 0x4881, 0x4881, 0x0000, 0x0000, 0x0000, 0x0000, 0x0000,
    0x0000, 0xA903, 0xA903, 0xA103, 0xEB45, 0xEB45, 0xEB65, 0x0000, 0x0000, 0xA903, 0x0000, 0x0000, 0x0001, 0x0001, 0x0001, 0x0001,
    0x0001, 0x0001, 0x0001, 0x0000, 0x0000, 0x78C7, 0x0000, 0x0000, 0xA0E3, 0xC964, 0xC964, 0xEB45, 0xEB45, 0xEB45, 0x78A5, 0x0000,
    0x0000, 0x0001, 0x0000, 0x0000, 0x0000, 0xE223, 0xE223, 0xE223, 0xE223, 0xE223, 0xE223, 0x0000, 0x0000, 0x0000, 0x0001, 0x0001,
    0x0000, 0x78A5, 0x78A5, 0xEB45, 0xEB45, 0xEB45, 0xC964, 0xA8E3, 0xA8E3, 0x0000, 0x78C7, 0x78C7, 0x0000, 0x0001, 0x0001, 0x0001,
    0x0001, 0x0001, 0x0001, 0x0000, 0x0000, 0x78C7, 0x0000, 0x0000, 0xA0E3, 0xC964, 0xC964, 0xEB45, 0xEB45, 0xEB45, 0x78A5, 0x0000,
    0x0000, 0x0001, 0x0000, 0x0000, 0x0000, 0xE223, 0xE223, 0xE223, 0xE223, 0xE223, 0xE223, 0x0000, 0x0000, 0x0000, 0x0001, 0x0001,
    0x0000, 0x78A5, 0x78A5, 0xEB45, 0xEB45, 0xEB45, 0xC964, 0xA8E3, 0xA8E3, 0x0000, 0x78C7, 0x78C7, 0x0000, 0x0001, 0x0001, 0x0001,
    0x0001, 0x0001, 0x0001, 0x0000, 0x0000, 0xA903, 0x0000, 0x0000, 0xA8E3, 0xEB65, 0xEB65, 0xEB24, 0xEB65, 0xEB65, 0xA903, 0xA8E3,
    0xA8E3, 0x571D, 0x70A6, 0x70A6, 0x0000, 0x001D, 0x001D, 0xE223, 0xE223, 0xE223, 0xE223, 0x78C7, 0x78C7, 0x0000, 0x8759, 0x8759,
    0xA903, 0x78A3, 0x78A3, 0xEB46, 0xEB45, 0xEB45, 0xEB65, 0xAF03, 0xAF03, 0x00E0, 0xA903, 0xA903, 0x0000, 0x0001, 0x0001, 0x0001,
    0x0001, 0x0001, 0x0001, 0x0000, 0x0000, 0x0000, 0xA8E3, 0xA8E3, 0xC984, 0xEB45, 0xEB45, 0xEB24, 0xA0E3, 0xA0E3, 0xEB45, 0x66C2,
    0x66C2, 0x571D, 0x70C6, 0x70C6, 0x0000, 0x78A3, 0x78A3, 0xE224, 0xDA23, 0xDA23, 0xE223, 0x78C7, 0x78C7, 0xFFE0, 0x8759, 0x8759,
    0xA0E3, 0xC305, 0xC305, 0xA0E5, 0x3586, 0x3586, 0xEB45, 0xCF64, 0xCF64, 0xAA03, 0x0000, 0x0000, 0x0000, 0x0001, 0x0001, 0x0001,
    0x0001, 0x0001, 0x0001, 0x0000, 0x0000, 0x0000, 0xA8E3, 0xA8E3, 0xC984, 0xEB45, 0xEB45, 0xEB24, 0xA0E3, 0xA0E3, 0xEB45, 0x66C2,
    0x66C2, 0x571D, 0x70C6, 0x70C6, 0x0000, 0x78A3, 0x78A3, 0xE224, 0xDA23, 0xDA23, 0xE223, 0x78C7, 0x78C7, 0xFFE0, 0x8759, 0x8759,
    0xA0E3, 0xC305, 0xC305, 0xA0E5, 0x3586, 0x3586, 0xEB45, 0xCF64, 0xCF64, 0xAA03, 0x0000, 0x0000, 0x0000, 0x0001, 0x0001, 0x0001,
    0x0001, 0x0001, 0x0001, 0x0000, 0x0000, 0x0000, 0xA8E3, 0xA8E3, 0xC984, 0xF345, 0xF345, 0xEB24, 0xA0E3, 0xA0E3, 0xF385, 0x8723,
    0x8723, 0x671D, 0x0001, 0x0001, 0x0000, 0x21A7, 0x21A7, 0x7A24, 0xDA23, 0xDA23, 0xE223, 0x0001, 0x0001, 0xFFE0, 0x8759, 0x8759,
    0xC984, 0xC305, 0xC305, 0xA0E5, 0x3586, 0x3586, 0xEB45, 0xD764, 0xD764, 0xAA03, 0x0000, 0x0000, 0x0000, 0x0001, 0x0001, 0x0001,
    0x0001, 0x0001, 0x0001, 0x0001, 0x0001, 0x07E0, 0xA8E3, 0xA8E3, 0xC984, 0xD184, 0xD184, 0x0505, 0x72E6, 0x72E6, 0xD183, 0x8BA3,
    0x8BA3, 0x0800, 0x571D, 0x571D, 0x0001, 0x78A3, 0x78A3, 0x79A4, 0xDA23, 0xDA23, 0xE223, 0x0001, 0x0001, 0xFFE0, 0x305C, 0x305C,
    0x8184, 0xA924, 0xA924, 0x7088, 0x75A5, 0x75A5, 0xD184, 0xD784, 0xD784, 0xAA03, 0x0000, 0x0000, 0x0001, 0x0001, 0x0001, 0x0001,
    0x0001, 0x0001, 0x0001, 0x0001, 0x0001, 0x07E0, 0xA8E3, 0xA8E3, 0xC984, 0xD184, 0xD184, 0x0505, 0x72E6, 0x72E6, 0xD183, 0x8BA3,
    0x8BA3, 0x0800, 0x571D, 0x571D, 0x0001, 0x78A3, 0x78A3, 0x79A4, 0xDA23, 0xDA23, 0xE223, 0x0001, 0x0001, 0xFFE0, 0x305C, 0x305C,
    0x8184, 0xA924, 0xA924, 0x7088, 0x75A5, 0x75A5, 0xD184, 0xD784, 0xD784, 0xAA03, 0x0000, 0x0000, 0x0001, 0x0001, 0x0001, 0x0001,
    0x0001, 0x0001, 0x0001, 0x0001, 0x0001, 0x07E0, 0xA903, 0xA903, 0xC984, 0xC984, 0xC984, 0xC2A3, 0x0240, 0x0240, 0xA102, 0x8BA3,
    0x8BA3, 0x0800, 0x571D, 0x571D, 0x0001, 0x78A3, 0x78A3, 0x79A4, 0xDA23, 0xDA23, 0xE223, 0x0001, 0x0001, 0xFFE0, 0x285D, 0x285D,
    0x8984, 0x78A3, 0x78A3, 0xF802, 0x3343, 0x3343, 0xC984, 0xCF84, 0xCF84, 0xAA03, 0x0000, 0x0000, 0x0001, 0x0001, 0x0001, 0x0001,
    0x0001, 0x0001, 0x0001, 0x0001, 0x0001, 0x07E0, 0xA0E3, 0xA0E3, 0xA103, 0xC984, 0xC984, 0x9A66, 0x0240, 0x0240, 0x003F, 0x6322,
    0x6322, 0x0800, 0x571D, 0x571D, 0x0001, 0x78A3, 0x78A3, 0x79A4, 0xDA23, 0xDA23, 0xE223, 0x0001, 0x0001, 0xFFE0, 0x285D, 0x285D,
    0x58E3, 0xD7A0, 0xD7A0, 0xF802, 0x2B43, 0x2B43, 0xC984, 0xAF03, 0xAF03, 0xA1E3, 0x0000, 0x0000, 0x0001, 0x0001, 0x0001, 0x0001,
    0x0001, 0x0001, 0x0001, 0x0001, 0x0001, 0x07E0, 0xA0E3, 0xA0E3, 0xA103, 0xC984, 0xC984, 0x9A66, 0x0240, 0x0240, 0x003F, 0x6322,
    0x6322, 0x0800, 0x571D, 0x571D, 0x0001, 0x78A3, 0x78A3, 0x79A4, 0xDA23, 0xDA23, 0xE223, 0x0001, 0x0001, 0xFFE0, 0x285D, 0x285D,
    0x58E3, 0xD7A0, 0xD7A0, 0xF802, 0x2B43, 0x2B43, 0xC984, 0xAF03, 0xAF03, 0xA1E3, 0x0000, 0x0000, 0x0001, 0x0001, 0x0001, 0x0001,
    0x0001, 0x0001, 0x0001, 0x0001, 0x0001, 0x0001, 0x0000, 0x0000, 0xA0E3, 0xA103, 0xA103, 0xA903, 0x80C6, 0x80C6, 0x0001, 0x0000,
    0x0000, 0x0000, 0x0001, 0x0001, 0x0001, 0x0001, 0x0001, 0x0001, 0x0001, 0x0001, 0x0001, 0x0001, 0x0001, 0x0001, 0x0000, 0x0000,
    0x0000, 0x0001, 0x0001, 0x80C6, 0xA903, 0xA903, 0xA103, 0xA0E3, 0xA0E3, 0x0000, 0x0001, 0x0001, 0x0001, 0x0001, 0x0001, 0x0001,
    0x0001, 0x0001, 0x0001, 0x0001, 0x0001, 0x0001, 0x0001, 0x0001, 0x0000, 0x0000, 0x0000, 0x0000, 0x0000, 0x0000, 0x0001, 0x0001,
    0x0001, 0x0001, 0x0001, 0x0001, 0x0001, 0x0001, 0x0001, 0x0001, 0x0001, 0x0001, 0x0001, 0x0001, 0x0001, 0x0001, 0x0001, 0x0001,
    0x0001, 0x0001, 0x0001, 0x0000, 0x0000, 0x0000, 0x0000, 0x0000, 0x0000, 0x0001, 0x0001, 0x0001, 0x0001, 0x0001, 0x0001, 0x0001,
    0x0001, 0x0001, 0x0001, 0x0001, 0x0001, 0x0001, 0x0001, 0x0001, 0x0000, 0x0000, 0x0000, 0x0000, 0x0000, 0x0000, 0x0001, 0x0001,
    0x0001, 0x0001, 0x0001, 0x0001, 0x0001, 0x0001, 0x0001, 0x0001, 0x0001, 0x0001, 0x0001, 0x0001, 0x0001, 0x0001, 0x0001, 0x0001,
    0x0001, 0x0001, 0x0001, 0x0000, 0x0000, 0x0000, 0x0000, 0x0000, 0x0000, 0x0001, 0x0001, 0x0001, 0x0001, 0x0001, 0x0001, 0x0001,
    0x0001, 0x0001, 0x0001, 0x0001, 0x0001, 0x0001, 0x0001, 0x0001, 0x0001, 0x0001, 0x0001, 0x0001, 0x0001, 0x0001, 0x0001, 0x0001,
    0x0001, 0x0001, 0x0001, 0x0001, 0x0001, 0x0001, 0x0001, 0x0001, 0x0001, 0x0001, 0x0001, 0x0001, 0x0001, 0x0001, 0x0001, 0x0001,
    0x0001, 0x0001, 0x0001, 0x0001, 0x0001, 0x0001, 0x0001, 0x0001, 0x0001, 0x0001, 0x0001, 0x0001, 0x0001, 0x0001, 0x0001, 0x0001,
    0x0001, 0x0001, 0x0001, 0x0001, 0x0001, 0x0001, 0x0001, 0x0001, 0x0001, 0x0001, 0x0001, 0x0001, 0x0001, 0x0001, 0x0001, 0x0001,
    0x0001, 0x0001, 0x0001, 0x0001, 0x0001, 0x0001, 0x0001, 0x0001, 0x0001, 0x0001, 0x0001, 0x0001, 0x0001, 0x0001, 0x0001, 0x0001,
    0x0001, 0x0001, 0x0001, 0x0001, 0x0001, 0x0001, 0x0001, 0x0001, 0x0001, 0x0001, 0x0001, 0x0001, 0x0001, 0x0001, 0x0001, 0x0001,
    0x0001, 0x0001, 0x0001, 0x0001, 0x0001, 0x0001, 0x0001, 0x0001, 0x0001, 0x0001, 0x0001, 0x0001, 0x0001, 0x0001, 0x0001, 0x0001,
    0x0001, 0x0001, 0x0001, 0x0001, 0x0001, 0x0001, 0x0001, 0x0001, 0x0001, 0x0001, 0x0001, 0x0001, 0x0001, 0x0001, 0x0001, 0x0001,
    0x0001, 0x0001, 0x0001, 0x0001, 0x0001, 0x0001, 0x0001, 0x0001, 0x0001, 0x0001, 0x0001, 0x0001, 0x0001, 0x0001, 0x0001, 0x0001,
    0x0001, 0x0001, 0x0001, 0x0001, 0x0001, 0x0001, 0x0001, 0x0001, 0x0001, 0x0001, 0x0001, 0x0001, 0x0001, 0x0001, 0x0001, 0x0001,
    0x0001, 0x0001, 0x0001, 0x0001, 0x0001, 0x0001, 0x0001, 0x0001, 0x0001, 0x0001, 0x0001, 0x0001, 0x0001, 0x0001, 0x0001, 0x0001,
    0x0001, 0x0001, 0x0001, 0x0001, 0x0001, 0x0001, 0x0001, 0x0001, 0x0001, 0x0001, 0x0001, 0x0001, 0x0001, 0x0001, 0x0001, 0x0001
  },
  {
    0x0001, 0x0001, 0x0001, 0x0001, 0x0001, 0x0001, 0x0001, 0x0001, 0x0001, 0x0001, 0x0001, 0x0001, 0x0001, 0x0001, 0x0001, 0x0001,
    0x0001, 0x0001, 0x0001, 0x0001, 0x0001, 0x0001, 0x0001, 0x0001, 0x0001, 0x0001, 0x0001, 0x0001, 0x0001, 0x0001, 0x0001, 0x0001,
    0x0001, 0x0001, 0x0001, 0x0001, 0x0001, 0x0001, 0x0001, 0x0001, 0x0001, 0x0001, 0x0001, 0x0001, 0x0001, 0x0001, 0x0001, 0x0001,
    0x0001, 0x0001, 0x0001, 0x0001, 0x0001, 0x0001, 0x0001, 0x0001, 0x0001, 0x0001, 0x0001, 0x0001, 0x0001, 0x0001, 0x0001, 0x0001,
    0x0001, 0x0001, 0x0001, 0x0001, 0x0001, 0x0001, 0x0001, 0x0001, 0x0001, 0x0001, 0x0001, 0x0001, 0x0001, 0x0001, 0x0001, 0x0001,
    0x0001, 0x0001, 0x0001, 0x0001, 0x0001, 0x0001, 0x0001, 0x0001, 0x0001, 0x0001, 0x0001, 0x0001, 0x0001, 0x0001, 0x0001, 0x0001,
    0x0001, 0x0001, 0x0001, 0x0001, 0x0001, 0x0001, 0x0001, 0x0001, 0x0001, 0x0001, 0x0001, 0x0001, 0x0001, 0x0001, 0x0001, 0x0001,
    0x0001, 0x0001, 0x0001, 0x0001, 0x0001, 0x0001, 0x0001, 0x0001, 0x0001, 0x0001, 0x0001, 0x0001, 0x0001, 0x0001, 0x0001, 0x0001,
    0x0001, 0x0001, 0x0001, 0x0001, 0x0001, 0x0001, 0x0001, 0x0001, 0x0001, 0x0001, 0x0001, 0x0001, 0x0001, 0x0001, 0x0001, 0x0001,
    0x0001, 0x0001, 0x0001, 0x0001, 0x0001, 0x0001, 0x0001, 0x0001, 0x0001, 0x0001, 0x0001, 0x0001, 0x0001, 0x0001, 0x0001, 0x0001,
    0x0001, 0x0001, 0x0001, 0x0001, 0x0001, 0x0001, 0x0001, 0x0001, 0x0001, 0x0001, 0x0001, 0x0001, 0x0001, 0x0001, 0x0001, 0x0001,
    0x0001, 0x0001, 0x0001, 0x0001, 0x0001, 0x0001, 0x0001, 0x0001, 0x0001, 0x0001, 0x0001, 0x0001, 0x0001, 0x0001, 0x0001, 0x0001,
    0x0001, 0x0001, 0x0001, 0x0001, 0x0001, 0x0001, 0x0001, 0x0001, 0x0001, 0x0001, 0x0001, 0x0001, 0x0001, 0x0001, 0x0001, 0x0001,
    0x0001, 0x0001, 0x0001, 0x0001, 0x0001, 0x0001, 0x0001, 0x0001, 0x0001, 0x0001, 0x0001, 0x0001, 0x0001, 0x0001, 0x0001, 0x0001,
    0x0001, 0x0001, 0x0001, 0x0001, 0x0001, 0x0001, 0x0001, 0x0001, 0x0001, 0x0001, 0x0001, 0x0001, 0x0001, 0x0001, 0x0001, 0x0001,
    0x0001, 0x0001, 0x0001, 0x0001, 0x0001, 0x0001, 0x0001, 0x0001, 0x0001, 0x0001, 0x0001, 0x0001, 0x0001, 0x0001, 0x0001, 0x0000,
    0x0000, 0x0000, 0x0001, 0x0001, 0x0001, 0x0001, 0x0001, 0x0001, 0x0001, 0x0001, 0x0001, 0x0001, 0x0001, 0x0001, 0x0000, 0x0000,
    0x0000, 0x0001, 0x0001, 0x0001, 0x0001, 0x0001, 0x0001, 0x0001, 0x0001, 0x0001, 0x0001, 0x0001, 0x0001, 0x0001, 0x0001, 0x0001,
    0x0001, 0x0001, 0x0001, 0x0001, 0x0001, 0x0001, 0x0001, 0x0001, 0x0001, 0x0001, 0x0001, 0x0001, 0x0001, 0x0001, 0x0000, 0xAE9F,
    0xAE9F, 0xAE9F, 0x0000, 0x0000, 0x0001, 0x0001, 0x0001, 0x0001, 0x0001, 0x0001, 0x0001, 0x0001, 0x0001, 0x0000, 0xAE9F, 0xAE9F,
    0xAE9F, 0x0000, 0x0000, 0x0001, 0x0001, 0x0001, 0x0001, 0x0001, 0x0001, 0x0001, 0x0001, 0x0001, 0x0001, 0x0001, 0x0001, 0x0001,
    0x0001, 0x0001, 0x0001, 0x0001, 0x0001, 0x0001, 0x0001, 0x0001, 0x0001, 0x0001, 0x0001, 0x0001, 0x0001, 0x0001, 0x0000, 0xAE9F,
    0xAE9F, 0xAE9F, 0x0000, 0x0000, 0x0001, 0x0001, 0x0001, 0x0001, 0x0001, 0x0001, 0x0001, 0x0001, 0x0001, 0x0000, 0xAE9F, 0xAE9F,
    0xAE9F, 0x0000, 0x0000, 0x0001, 0x0001, 0x0001, 0x0001, 0x0001, 0x0001, 0x0001, 0x0001, 0x0001, 0x0001, 0x0001, 0x0001, 0x0001,
    0x0001, 0x0001, 0x0001, 0x0001, 0x0001, 0x0001, 0x0001, 0x0001, 0x0001, 0x0001, 0x0001, 0x0001, 0x0001, 0x0001, 0x0000, 0x496A,
    0x496A, 0xB9AF, 0x0000, 0x0000, 0x0000, 0x0001, 0x0001, 0x0001, 0x0001, 0x0001, 0x0001, 0x0001, 0x0001, 0x0000, 0x6379, 0x6379,
    0x9490, 0x0000, 0x0000, 0x0001, 0x0001, 0x0001, 0x0001, 0x0001, 0x0001, 0x0001, 0x0001, 0x0001, 0x0001, 0x0001, 0x0001, 0x0001,
    0x0001, 0x0001, 0x0001, 0x0001, 0x0001, 0x0001, 0x0001, 0x0001, 0x0001, 0x0001, 0x0001, 0x0001, 0x0001, 0x0001, 0x0001, 0x0001,
    0x0001, 0x0000, 0x6359, 0x6359, 0xF345, 0xF345, 0xF345, 0xF345, 0xEB45, 0xEB45, 0xF345, 0xF345, 0xF345, 0x6359, 0x0000, 0x0000,
    0x0001, 0x0001, 0x0001, 0x0001, 0x0001, 0x0001, 0x0001, 0x0001, 0x0001, 0x0001, 0x0001, 0x0001, 0x0001, 0x0001, 0x0001, 0x0001,
    0x0001, 0x0001, 0x0001, 0x0001, 0x0001, 0x0001, 0x0001, 0x0001, 0x0001, 0x0001, 0x0001, 0x0001, 0x0001, 0x0001, 0x0001, 0x0001,
    0x0001, 0x0000, 0x6359, 0x6359, 0xF345, 0xF345, 0xF345, 0xF345, 0xEB45, 0xEB45, 0xF345, 0xF345, 0xF345, 0x6359, 0x0000, 0x0000,
    0x0001, 0x0001, 0x0001, 0x0001, 0x0001, 0x0001, 0x0001, 0x0001, 0x0001, 0x0001, 0x0001, 0x0001, 0x0001, 0x0001, 0x0001, 0x0001,
    0x0001, 0x0001, 0x0001, 0x0001, 0x0001, 0x0001, 0x0001, 0x0001, 0x0001, 0x0001, 0x0001, 0x0001, 0x0001, 0x0001, 0x0001, 0x0000,
    0x0000, 0x0000, 0x0000, 0x0000, 0xEB65, 0xFC6B, 0xFC6B, 0xFD0E, 0xFD0E, 0xFD0E, 0xFC6B, 0xEB65, 0xEB65, 0x0000, 0x0000, 0x0000,
    0x0000, 0x0001, 0x0001, 0x0001, 0x0001, 0x0001, 0x0001, 0x0001, 0x0001, 0x0001, 0x0001, 0x0001, 0x0001, 0x0001, 0x0001, 0x0001,
    0x0001, 0x0001, 0x0001, 0x0001, 0x0001, 0x0001, 0x0001, 0x0001, 0x0001, 0x0001, 0x0001, 0x0001, 0x0001, 0x0001, 0x0000, 0xA0E3,
    0xA0E3, 0x2881, 0x19C0, 0x19C0, 0xEB65, 0xFC6B, 0xFC6B, 0xFD0E, 0xFD0E, 0xFD0E, 0xFC6B, 0xEB45, 0xEB45, 0xF345, 0xE620, 0xE620,
    0xD79F, 0x5F1D, 0x5F1D, 0x0001, 0x0001, 0x0001, 0x0001, 0x0001, 0x0001, 0x0001, 0x0001, 0x0001, 0x0001, 0x0001, 0x0001, 0x0001,
    0x0001, 0x0001, 0x0001, 0x0001, 0x0001, 0x0001, 0x0001, 0x0001, 0x0001, 0x0001, 0x0001, 0x0001, 0x0001, 0x0001, 0x0000, 0xA0E3,
    0xA0E3, 0x2881, 0x19C0, 0x19C0, 0xEB65, 0xFC6B, 0xFC6B, 0xFD0E, 0xFD0E, 0xFD0E, 0xFC6B, 0xEB45, 0xEB45, 0xF345, 0xE620, 0xE620,
    0xD79F, 0x5F1D, 0x5F1D, 0x0001, 0x0001, 0x0001, 0x0001, 0x0001, 0x0001, 0x0001, 0x0001, 0x0001, 0x0001, 0x0001, 0x0001, 0x0001,
    0x0001, 0x0001, 0x0001, 0x0001, 0x0001, 0x0001, 0x0001, 0x0001, 0x0001, 0x0001, 0x0001, 0x0001, 0x0000, 0x0000, 0xA8E3, 0xA0E3,
    0xA0E3, 0xF345, 0xF345, 0xF345, 0xF345, 0xF345, 0xF345, 0xEB65, 0xF345, 0xF345, 0xF345, 0xF345, 0xF345, 0xF365, 0xF345, 0xF345,
    0xA0E3, 0xA903, 0xA903, 0x0000, 0x0001, 0x0001, 0x0001, 0x0001, 0x0001, 0x0001, 0x0001, 0x0001, 0x0001, 0x0001, 0x0001, 0x0001,
    0x0001, 0x0001, 0x0001, 0x0001, 0x0001, 0x0001, 0x0001, 0x0001, 0x0001, 0x0001, 0x0001, 0x0001, 0x0000, 0x0000, 0xA8E3, 0xF345,
    0xF345, 0xA103, 0xF345, 0xF345, 0x3DA6, 0xF345, 0xF345, 0xEB65, 0xEB45, 0xEB45, 0xF345, 0xF345, 0xF345, 0xA903, 0xEB25, 0xEB25,
    0xF345, 0x66A2, 0x66A2, 0x0100, 0x0001, 0x0001, 0x0001, 0x0001, 0x0001, 0x0001, 0x0001, 0x0001, 0x0001, 0x0001, 0x0001, 0x0001,
    0x0001, 0x0001, 0x0001, 0x0001, 0x0001, 0x0001, 0x0001, 0x0001, 0x0001, 0x0001, 0x0001, 0x0001, 0x0000, 0x0000, 0xA8E3, 0xF345,
    0xF345, 0xA103, 0xF345, 0xF345, 0x3DA6, 0xF345, 0xF345, 0xEB65, 0xEB45, 0xEB45, 0xF345, 0xF345, 0xF345, 0xA903, 0xEB25, 0xEB25,
    0xF345, 0x66A2, 0x66A2, 0x0100, 0x0001, 0x0001, 0x0001, 0x0001, 0x0001, 0x0001, 0x0001, 0x0001, 0x0001, 0x0001, 0x0001, 0x0001,
    0x0001, 0x0001, 0x0001, 0x0001, 0x0001, 0x0001, 0x0001, 0x0001, 0x0001, 0x0001, 0x0001, 0x0001, 0x0000, 0x0000, 0xD164, 0xEB65,
    0xEB65, 0xA103, 0xEB45, 0xEB45, 0x3DA6, 0xEB45, 0xEB45, 0xF345, 0xF345, 0xF345, 0xEB65, 0xF345, 0xF345, 0xA103, 0xF345, 0xF345,
    0xF345, 0x8F43, 0x8F43, 0x0100, 0x0001, 0x0001, 0x0001, 0x0001, 0x0001, 0x0001, 0x0001, 0x0001, 0x0001, 0x0001, 0x0001, 0x0001,
    0x0001, 0x0001, 0x0001, 0x0001, 0x0001, 0x0001, 0x0001, 0x0001, 0x0001, 0x0001, 0x0001, 0x0000, 0xA0E3, 0xA0E3, 0xD164, 0xEB65,
    0xEB65, 0xA8E3, 0xBB08, 0xBB08, 0xF345, 0xEB45, 0xEB45, 0xA903, 0xA103, 0xA103, 0xEB65, 0xA0E3, 0xA0E3, 0x7086, 0xF345, 0xF345,
    0xF345, 0x8F43, 0x8F43, 0xAA03, 0x0000, 0x0000, 0x0001, 0x0001, 0x0001, 0x0001, 0x0001, 0x0001, 0x0001, 0x0001, 0x0001, 0x0001,
    0x0001, 0x0001, 0x0001, 0x0001, 0x0001, 0x0001, 0x0001, 0x0001, 0x0001, 0x0001, 0x0001, 0x0000, 0xA0E3, 0xA0E3, 0xD164, 0xEB65,
    0xEB65, 0xA8E3, 0xBB08, 0xBB08, 0xF345, 0xEB45, 0xEB45, 0xA903, 0xA103, 0xA103, 0xEB65, 0xA0E3, 0xA0E3, 0x7086, 0xF345, 0xF345,
    0xF345, 0x8F43, 0x8F43, 0xAA03, 0x0000, 0x0000, 0x0001, 0x0001, 0x0001, 0x0001, 0x0001, 0x0001, 0x0001, 0x0001, 0x0001, 0x0001,
    0x0001, 0x0001, 0x0001, 0x0001, 0x0001, 0x0001, 0x0001, 0x0001, 0x0001, 0x0001, 0x0001, 0x0000, 0xA903, 0xA903, 0xE226, 0xD163,
    0xD163, 0xC984, 0x1202, 0x1202, 0xBB05, 0xEFE2, 0xEFE2, 0x7CC8, 0xA103, 0xA103, 0x0000, 0xA0E3, 0xA0E3, 0x7083, 0xBC29, 0xBC29,
    0xD164, 0x9FE5, 0x9FE5, 0xA982, 0x0000, 0x0000, 0x0001, 0x0001, 0x0001, 0x0001, 0x0001, 0x0001, 0x0001, 0x0001, 0x0001, 0x0001,
    0x0001, 0x0001, 0x0001, 0x0001, 0x0001, 0x0001, 0x0001, 0x0001, 0x0001, 0x0000, 0x0000, 0x0000, 0xA8E3, 0xA8E3, 0xD184, 0xEAA7,
    0xEAA7, 0xB040, 0xE2E6, 0xE2E6, 0xBB05, 0x09A2, 0x09A2, 0x7CC8, 0xA104, 0xA104, 0xE9C5, 0x8703, 0x8703, 0x78E3, 0xC429, 0xC429,
    0xEAA8, 0xB6C1, 0xB6C1, 0xA982, 0x0000, 0x0000, 0x0000, 0x0001, 0x0001, 0x0001, 0x0001, 0x0001, 0x0001, 0x0001, 0x0001, 0x0001,
    0x0001, 0x0001, 0x0001, 0x0001, 0x0001, 0x0001, 0x0001, 0x0001, 0x0001, 0x0000, 0x0000, 0x0000, 0xA8E3, 0xA8E3, 0xD184, 0xEAA7,
    0xEAA7, 0xB040, 0xE2E6, 0xE2E6, 0xBB05, 0x09A2, 0x09A2, 0x7CC8, 0xA104, 0xA104, 0xE9C5, 0x8703, 0x8703, 0x78E3, 0xC429, 0xC429,
    0xEAA8, 0xB6C1, 0xB6C1, 0xA982, 0x0000, 0x0000, 0x0000, 0x0001, 0x0001, 0x0001, 0x0001, 0x0001, 0x0001, 0x0001, 0x0001, 0x0001,
    0x0001, 0x0001, 0x0001, 0x0001, 0x0001, 0x0001, 0x0000, 0x0000, 0xA0E3, 0xF365, 0xF365, 0x0000, 0xA903, 0xA903, 0xD184, 0xD183,
    0xD183, 0xC0E2, 0xF3A8, 0xF3A8, 0xE980, 0x09C2, 0x09C2, 0x7CC8, 0xA104, 0xA104, 0xE9E5, 0xBDBE, 0xBDBE, 0x89A5, 0xCCCB, 0xCCCB,
    0xD184, 0xB6A1, 0xB6A1, 0xA962, 0x0000, 0x0000, 0xF345, 0x0001, 0x0001, 0x0000, 0x0001, 0x0001, 0x0001, 0x0001, 0x0001, 0x0001,
    0x0001, 0x0001, 0x0001, 0x0001, 0x0001, 0x0001, 0x0000, 0x0000, 0x78C7, 0xA0E1, 0xA0E1, 0x0000, 0x0000, 0x0000, 0x50E6, 0xFA26,
    0xFA26, 0xC0E1, 0x044A, 0x044A, 0xBAE5, 0x1E7D, 0x1E7D, 0x7CC8, 0xA103, 0xA103, 0xE9E5, 0x8F23, 0x8F23, 0x89A5, 0xC429, 0xC429,
    0xC985, 0x8E40, 0x8E40, 0x009E, 0x0002, 0x0002, 0xA0E3, 0x0001, 0x0001, 0x0000, 0x0001, 0x0001, 0x0001, 0x0001, 0x0001, 0x0001,
    0x0001, 0x0001, 0x0001, 0x0001, 0x0001, 0x0001, 0x0000, 0x0000, 0x78C7, 0xA0E1, 0xA0E1, 0x0000, 0x0000, 0x0000, 0x50E6, 0xFA26,
    0xFA26, 0xC0E1, 0x044A, 0x044A, 0xBAE5, 0x1E7D, 0x1E7D, 0x7CC8, 0xA103, 0xA103, 0xE9E5, 0x8F23, 0x8F23, 0x89A5, 0xC429, 0xC429,
    0xC985, 0x8E40, 0x8E40, 0x009E, 0x0002, 0x0002, 0xA0E3, 0x0001, 0x0001, 0x0000, 0x0001, 0x0001, 0x0001, 0x0001, 0x0001, 0x0001,
    0x0001, 0x0001, 0x0001, 0x0001, 0x0001, 0x0000, 0xA8E3, 0xA8E3, 0xA8E3, 0x0000, 0x0000, 0xEB65, 0xA903, 0xA903, 0x0000, 0xA903,
    0xA903, 0xA8E3, 0xD184, 0xD184, 0xD184, 0xA903, 0xA903, 0xA903, 0xA903, 0xA903, 0xA903, 0xD164, 0xD164, 0xD184, 0xA903, 0xA903,
    0xA8E3, 0x0000, 0x0000, 0xA8E3, 0xEB65, 0xEB65, 0x0000, 0xB124, 0xB124, 0xA8E3, 0x0000, 0x0000, 0x0001, 0x0001, 0x0001, 0x0001,
    0x0001, 0x0001, 0x0001, 0x0001, 0x0001, 0x0000, 0xA8E3, 0xA8E3, 0x0000, 0xF365, 0xF365, 0xEB45, 0xEB65, 0xEB65, 0xC964, 0x0000,
    0x0000, 0x0000, 0xA8E3, 0xA8E3, 0xA8E3, 0xA903, 0xA903, 0xA8E3, 0xA903, 0xA903, 0xA8E3, 0xA8E3, 0xA8E3, 0xA8E3, 0x0000, 0x0000,
    0x0000, 0xC984, 0xC984, 0xEB65, 0xF345, 0xF345, 0xEB45, 0x0000, 0x0000, 0xA903, 0x0000, 0x0000, 0x0001, 0x0001, 0x0001, 0x0001,
    0x0001, 0x0001, 0x0001, 0x0001, 0x0001, 0x0000, 0xA8E3, 0xA8E3, 0x0000, 0xF365, 0xF365, 0xEB45, 0xEB65, 0xEB65, 0xC964, 0x0000,
    0x0000, 0x0000, 0xA8E3, 0xA8E3, 0xA8E3, 0xA903, 0xA903, 0xA8E3, 0xA903, 0xA903, 0xA8E3, 0xA8E3, 0xA8E3, 0xA8E3, 0x0000, 0x0000,
    0x0000, 0xC984, 0xC984, 0xEB65, 0xF345, 0xF345, 0xEB45, 0x0000, 0x0000, 0xA903, 0x0000, 0x0000, 0x0001, 0x0001, 0x0001, 0x0001,
    0x0001, 0x0001, 0x0001, 0x0000, 0x0000, 0x78C7, 0x001D, 0x001D, 0xA0E6, 0xF345, 0xF345, 0xEB65, 0xA0E3, 0xA0E3, 0xD164, 0x0000,
    0x0000, 0x0000, 0x0000, 0x0000, 0xA8E3, 0xA903, 0xA903, 0xA8E3, 0xA903, 0xA903, 0xA8E3, 0xA8E3, 0xA8E3, 0xA8E3, 0x0000, 0x0000,
    0x0000, 0xA103, 0xA103, 0xA0E4, 0x3DA6, 0x3DA6, 0xF345, 0xA8E3, 0xA8E3, 0x0000, 0x78C7, 0x78C7, 0x8759, 0x0001, 0x0001, 0x0001,
    0x0001, 0x0001, 0x0001, 0x0000, 0x0000, 0xA903, 0x001D, 0x001D, 0xA106, 0xEB65, 0xEB65, 0xEB65, 0xA0E3, 0xA0E3, 0xA126, 0x0000,
    0x0000, 0x0000, 0x0000, 0x0000, 0xA8E3, 0x9C68, 0x9C68, 0xA8E3, 0xA903, 0xA903, 0xA903, 0xBD9F, 0xBD9F, 0xA8E3, 0x0000, 0x0000,
    0x0000, 0x78A5, 0x78A5, 0xC923, 0x3DA4, 0x3DA4, 0xEB45, 0xA903, 0xA903, 0x0000, 0xA103, 0xA103, 0x8759, 0x0001, 0x0001, 0x0001,
    0x0001, 0x0001, 0x0001, 0x0000, 0x0000, 0xA903, 0x001D, 0x001D, 0xA106, 0xEB65, 0xEB65, 0xEB65, 0xA0E3, 0xA0E3, 0xA126, 0x0000,
    0x0000, 0x0000, 0x0000, 0x0000, 0xA8E3, 0x9C68, 0x9C68, 0xA8E3, 0xA903, 0xA903, 0xA903, 0xBD9F, 0xBD9F, 0xA8E3, 0x0000, 0x0000,
    0x0000, 0x78A5, 0x78A5, 0xC923, 0x3DA4, 0x3DA4, 0xEB45, 0xA903, 0xA903, 0x0000, 0xA103, 0xA103, 0x8759, 0x0001, 0x0001, 0x0001,
    0x0001, 0x0001, 0x0001, 0x0000, 0x0000, 0xA903, 0x001D, 0x001D, 0xA8E6, 0xEB65, 0xEB65, 0xF365, 0xA0E3, 0xA0E3, 0x2881, 0x0000,
    0x0000, 0x0001, 0x0000, 0x0000, 0xA8E3, 0x9C48, 0x9C48, 0xA8E3, 0xA8E3, 0xA8E3, 0xA8E3, 0xBD9F, 0xBD9F, 0xA8E3, 0x0001, 0x0001,
    0x0000, 0x0000, 0x0000, 0xC923, 0x3DA4, 0x3DA4, 0xEB45, 0xA903, 0xA903, 0x0000, 0xA903, 0xA903, 0x8759, 0x0001, 0x0001, 0x0001,
    0x0001, 0x0001, 0x0001, 0x0000, 0x0000, 0x0000, 0xA903, 0xA903, 0xC984, 0xEB45, 0xEB45, 0xF345, 0xF345, 0xF345, 0xA0E3, 0x0000,
    0x0000, 0x0001, 0x78C7, 0x78C7, 0x0000, 0x0000, 0x0000, 0x0000, 0x0000, 0x0000, 0x0000, 0x0000, 0x0000, 0x0001, 0x0001, 0x0001,
    0x0000, 0xA0E3, 0xA0E3, 0xEB65, 0xF345, 0xF345, 0xF345, 0xC964, 0xC964, 0xA903, 0x0000, 0x0000, 0x0000, 0x0001, 0x0001, 0x0001,
    0x0001, 0x0001, 0x0001, 0x0000, 0x0000, 0x0000, 0xA903, 0xA903, 0xC984, 0xEB45, 0xEB45, 0xF345, 0xF345, 0xF345, 0xA0E3, 0x0000,
    0x0000, 0x0001, 0x78C7, 0x78C7, 0x0000, 0x0000, 0x0000, 0x0000, 0x0000, 0x0000, 0x0000, 0x0000, 0x0000, 0x0001, 0x0001, 0x0001,
    0x0000, 0xA0E3, 0xA0E3, 0xEB65, 0xF345, 0xF345, 0xF345, 0xC964, 0xC964, 0xA903, 0x0000, 0x0000, 0x0000, 0x0001, 0x0001, 0x0001,
    0x0001, 0x0001, 0x0001, 0x0001, 0x0001, 0x07E0, 0xA8E3, 0xA8E3, 0xC984, 0xEB65, 0xEB65, 0xB104, 0x0BA5, 0x0BA5, 0xF345, 0xA6A3,
    0xA6A3, 0x5F1D, 0x0001, 0x0001, 0x68A7, 0x07E0, 0x07E0, 0xF800, 0x07E0, 0x07E0, 0x0000, 0xF800, 0xF800, 0x0001, 0x0000, 0x0000,
    0xA0E3, 0xF345, 0xF345, 0xD184, 0xDB04, 0xDB04, 0x2566, 0xD345, 0xD345, 0xA164, 0x0000, 0x0000, 0x0001, 0x0001, 0x0001, 0x0001,
    0x0001, 0x0001, 0x0001, 0x0001, 0x0001, 0x07E0, 0xA903, 0xA903, 0xC984, 0xD184, 0xD184, 0xA8E3, 0x23E6, 0x23E6, 0xF3A5, 0xAEA3,
    0xAEA3, 0x5F1D, 0x0001, 0x0001, 0x0000, 0x07E0, 0x07E0, 0xF800, 0x07E0, 0x07E0, 0x0000, 0x0001, 0x0001, 0x0001, 0x0000, 0x0000,
    0xA903, 0xF345, 0xF345, 0xD184, 0xC2A4, 0xC2A4, 0x03A6, 0xD366, 0xD366, 0xA965, 0x0000, 0x0000, 0x0001, 0x0001, 0x0001, 0x0001,
    0x0001, 0x0001, 0x0001, 0x0001, 0x0001, 0x07E0, 0xA903, 0xA903, 0xC984, 0xD184, 0xD184, 0xA8E3, 0x23E6, 0x23E6, 0xF3A5, 0xAEA3,
    0xAEA3, 0x5F1D, 0x0001, 0x0001, 0x0000, 0x07E0, 0x07E0, 0xF800, 0x07E0, 0x07E0, 0x0000, 0x0001, 0x0001, 0x0001, 0x0000, 0x0000,
    0xA903, 0xF345, 0xF345, 0xD184, 0xC2A4, 0xC2A4, 0x03A6, 0xD366, 0xD366, 0xA965, 0x0000, 0x0000, 0x0001, 0x0001, 0x0001, 0x0001,
    0x0001, 0x0001, 0x0001, 0x0001, 0x0001, 0x07E0, 0xA0E3, 0xA0E3, 0xD164, 0xA903, 0xA903, 0x07E0, 0xD328, 0xD328, 0xD1E5, 0xAEA3,
    0xAEA3, 0x5F1D, 0x0001, 0x0001, 0x0000, 0x07E0, 0x07E0, 0x0001, 0x0001, 0x0001, 0x0001, 0x0001, 0x0001, 0x0001, 0x0000, 0x0000,
    0xA903, 0xD184, 0xD184, 0x80C6, 0x19C1, 0x19C1, 0xDB05, 0xD366, 0xD366, 0xA145, 0x0000, 0x0000, 0x0001, 0x0001, 0x0001, 0x0001,
    0x0001, 0x0001, 0x0001, 0x0001, 0x0001, 0x07E0, 0xA903, 0xA903, 0xD184, 0x78A6, 0x78A6, 0x07E0, 0x5262, 0x5262, 0xC9C5, 0xAEA3,
    0xAEA3, 0x5F1D, 0x0001, 0x0001, 0x0000, 0x07E0, 0x07E0, 0x0001, 0x0001, 0x0001, 0x0001, 0x0001, 0x0001, 0x0001, 0x0000, 0x0000,
    0xA903, 0xC964, 0xC964, 0xF800, 0x19C1, 0x19C1, 0xAAA8, 0xD366, 0xD366, 0xA164, 0x0000, 0x0000, 0x0001, 0x0001, 0x0001, 0x0001,
    0x0001, 0x0001, 0x0001, 0x0001, 0x0001, 0x07E0, 0xA903, 0xA903, 0xD184, 0x78A6, 0x78A6, 0x07E0, 0x5262, 0x5262, 0xC9C5, 0xAEA3,
    0xAEA3, 0x5F1D, 0x0001, 0x0001, 0x0000, 0x07E0, 0x07E0, 0x0001, 0x0001, 0x0001, 0x0001, 0x0001, 0x0001, 0x0001, 0x0000, 0x0000,
    0xA903, 0xC964, 0xC964, 0xF800, 0x19C1, 0x19C1, 0xAAA8, 0xD366, 0xD366, 0xA164, 0x0000, 0x0000, 0x0001, 0x0001, 0x0001, 0x0001,
    0x0001, 0x0001, 0x0001, 0x0001, 0x0001, 0x07E0, 0x0000, 0x0000, 0xD184, 0x78C7, 0x78C7, 0x07E0, 0x5262, 0x5262, 0xA144, 0xAEA3,
    0xAEA3, 0x5F1D, 0x0001, 0x0001, 0x0000, 0x07E0, 0x07E0, 0x0001, 0x0001, 0x0001, 0x0001, 0x0001, 0x0001, 0x0001, 0x0000, 0x0000,
    0xA8E3, 0xA903, 0xA903, 0xF800, 0x19C1, 0x19C1, 0xAAC9, 0xD366, 0xD366, 0x0061, 0x0000, 0x0000, 0x0001, 0x0001, 0x0001, 0x0001,
    0x0001, 0x0001, 0x0001, 0x0001, 0x0001, 0x0000, 0x07E0, 0x07E0, 0xA8E3, 0x78C7, 0x78C7, 0x07E0, 0x5262, 0x5262, 0x0041, 0xA6A3,
    0xA6A3, 0x0001, 0x0001, 0x0001, 0x0000, 0x07E0, 0x07E0, 0x0001, 0x0001, 0x0001, 0x0001, 0x0001, 0x0001, 0x0001, 0x0001, 0x0001,
    0x0000, 0xA8E3, 0xA8E3, 0xF800, 0x19C1, 0x19C1, 0xAAC9, 0xA2C5, 0xA2C5, 0x0061, 0x0001, 0x0001, 0x0001, 0x0001, 0x0001, 0x0001,
    0x0001, 0x0001, 0x0001, 0x0001, 0x0001, 0x0000, 0x07E0, 0x07E0, 0xA8E3, 0x78C7, 0x78C7, 0x07E0, 0x5262, 0x5262, 0x0041, 0xA6A3,
    0xA6A3, 0x0001, 0x0001, 0x0001, 0x0000, 0x07E0, 0x07E0, 0x0001, 0x0001, 0x0001, 0x0001, 0x0001, 0x0001, 0x0001, 0x0001, 0x0001,
    0x0000, 0xA8E3, 0xA8E3, 0xF800, 0x19C1, 0x19C1, 0xAAC9, 0xA2C5, 0xA2C5, 0x0061, 0x0001, 0x0001, 0x0001, 0x0001, 0x0001, 0x0001,
    0x0001, 0x0001, 0x0001, 0x0001, 0x0001, 0x0001, 0x0001, 0x0001, 0x0000, 0x0000, 0x0000, 0x0001, 0x0001, 0x0001, 0x0001, 0x0001,
    0x0001, 0x0001, 0x0001, 0x0001, 0x0001, 0x0001, 0x0001, 0x0001, 0x0001, 0x0001, 0x0001, 0x0001, 0x0001, 0x0001, 0x0001, 0x0001,
    0x0001, 0x0001, 0x0001, 0x0001, 0x0001, 0x0001, 0x0000, 0x0000, 0x0000, 0x0001, 0x0001, 0x0001, 0x0001, 0x0001, 0x0001, 0x0001,
    0x0001, 0x0001, 0x0001, 0x0001, 0x0001, 0x0001, 0x0001, 0x0001, 0x0001, 0x0001, 0x0001, 0x0001, 0x0001, 0x0001, 0x0001, 0x0001,
    0x0001, 0x0001, 0x0001, 0x0001, 0x0001, 0x0001, 0x0001, 0x0001, 0x0001, 0x0001, 0x0001, 0x0001, 0x0001, 0x0001, 0x0001, 0x0001,
    0x0001, 0x0001, 0x0001, 0x0001, 0x0001, 0x0001, 0x0001, 0x0001, 0x0001, 0x0001, 0x0001, 0x0001, 0x0001, 0x0001, 0x0001, 0x0001,
    0x0001, 0x0001, 0x0001, 0x0001, 0x0001, 0x0001, 0x0001, 0x0001, 0x0001, 0x0001, 0x0001, 0x0001, 0x0001, 0x0001, 0x0001, 0x0001,
    0x0001, 0x0001, 0x0001, 0x0001, 0x0001, 0x0001, 0x0001, 0x0001, 0x0001, 0x0001, 0x0001, 0x0001, 0x0001, 0x0001, 0x0001, 0x0001,
    0x0001, 0x0001, 0x0001, 0x0001, 0x0001, 0x0001, 0x0001, 0x0001, 0x0001, 0x0001, 0x0001, 0x0001, 0x0001, 0x0001, 0x0001, 0x0001,
    0x0001, 0x0001, 0x0001, 0x0001, 0x0001, 0x0001, 0x0001, 0x0001, 0x0001, 0x0001, 0x0001, 0x0001, 0x0001, 0x0001, 0x0001, 0x0001,
    0x0001, 0x0001, 0x0001, 0x0001, 0x0001, 0x0001, 0x0001, 0x0001, 0x0001, 0x0001, 0x0001, 0x0001, 0x0001, 0x0001, 0x0001, 0x0001,
    0x0001, 0x0001, 0x0001, 0x0001, 0x0001, 0x0001, 0x0001, 0x0001, 0x0001, 0x0001, 0x0001, 0x0001, 0x0001, 0x0001, 0x0001, 0x0001
  },
  {
    0x0001, 0x0001, 0x0001, 0x0001, 0x0001, 0x0001, 0x0001, 0x0001, 0x0001, 0x0001, 0x0001, 0x0001, 0x0001, 0x0001, 0x0001, 0x0001,
    0x0001, 0x0001, 0x0001, 0x0001, 0x0001, 0x0001, 0x0001, 0x0001, 0x0001, 0x0001, 0x0001, 0x0001, 0x0001, 0x0001, 0x0001, 0x0001,
    0x0001, 0x0001, 0x0001, 0x0001, 0x0001, 0x0001, 0x0001, 0x0001, 0x0001, 0x0001, 0x0001, 0x0001, 0x0001, 0x0001, 0x0001, 0x0001,
    0x0001, 0x0001, 0x0001, 0x0001, 0x0001, 0x0001, 0x0001, 0x0001, 0x0001, 0x0001, 0x0001, 0x0001, 0x0001, 0x0001, 0x0001, 0x0001,
    0x0001, 0x0001, 0x0001, 0x0001, 0x0001, 0x0001, 0x0001, 0x0001, 0x0001, 0x0001, 0x0001, 0x0001, 0x0001, 0x0001, 0x0001, 0x0001,
    0x0001, 0x0001, 0x0001, 0x0001, 0x0001, 0x0001, 0x0001, 0x0001, 0x0001, 0x0001, 0x0001, 0x0001, 0x0001, 0x0001, 0x0001, 0x0001,
    0x0001, 0x0001, 0x0001, 0x0001, 0x0001, 0x0001, 0x0001, 0x0001, 0x0001, 0x0001, 0x0001, 0x0001, 0x0001, 0x0001, 0x0001, 0x0001,
    0x0001, 0x0001, 0x0001, 0x0001, 0x0001, 0x0001, 0x0001, 0x0001, 0x0001, 0x0001, 0x0001, 0x0001, 0x0001, 0x0001, 0x0001, 0x0001,
    0x0001, 0x0001, 0x0001, 0x0001, 0x0001, 0x0001, 0x0001, 0x0001, 0x0001, 0x0001, 0x0001, 0x0001, 0x0001, 0x0001, 0x0001, 0x0001,
    0x0001, 0x0001, 0x0001, 0x0001, 0x0001, 0x0001, 0x0001, 0x0001, 0x0001, 0x0001, 0x0001, 0x0001, 0x0001, 0x0001, 0x0001, 0x0001,
    0x0001, 0x0001, 0x0001, 0x0001, 0x0001, 0x0001, 0x0001, 0x0001, 0x0001, 0x0001, 0x0001, 0x0001, 0x0001, 0x0001, 0x0001, 0x0001,
    0x0001, 0x0001, 0x0001, 0x0001, 0x0001, 0x0001, 0x0001, 0x0001, 0x0001, 0x0001, 0x0001, 0x0001, 0x0001, 0x0001, 0x0001, 0x0001,
    0x0001, 0x0001, 0x0001, 0x0001, 0x0001, 0x0001, 0x0001, 0x0001, 0x0001, 0x0001, 0x0001, 0x0001, 0x0001, 0x0001, 0x0001, 0x0001,
    0x0001, 0x0001, 0x0001, 0x0001, 0x0001, 0x0001, 0x0001, 0x0001, 0x0001, 0x0001, 0x0001, 0x0001, 0x0001, 0x0001, 0x0001, 0x0001,
    0x0001, 0x0001, 0x0001, 0x0001, 0x0001, 0x0001, 0x0001, 0x0001, 0x0001, 0x0001, 0x0001, 0x0001, 0x0001, 0x0001, 0x0001, 0x0001,
    0x0001, 0x0001, 0x0001, 0x0001, 0x0001, 0x0001, 0x0001, 0x0001, 0x0001, 0x0001, 0x0001, 0x0001, 0x0001, 0x0001, 0x0001, 0x0000,
    0x0000, 0x0000, 0x0001, 0x0001, 0x0001, 0x0001, 0x0001, 0x0001, 0x0001, 0x0001, 0x0001, 0x0001, 0x0001, 0x0001, 0x0000, 0x0000,
    0x0000, 0x0001, 0x0001, 0x0001, 0x0001, 0x0001, 0x0001, 0x0001, 0x0001, 0x0001, 0x0001, 0x0001, 0x0001, 0x0001, 0x0001, 0x0001,
    0x0001, 0x0001, 0x0001, 0x0001, 0x0001, 0x0001, 0x0001, 0x0001, 0x0001, 0x0001, 0x0001, 0x0001, 0x0001, 0x0001, 0x0000, 0xAE9F,
    0xAE9F, 0xAE9F, 0x0000, 0x0000, 0x0001, 0x0001, 0x0001, 0x0001, 0x0001, 0x0001, 0x0001, 0x0001, 0x0001, 0x0000, 0xAE9F, 0xAE9F,
    0xAE9F, 0x0000, 0x0000, 0x0001, 0x0001, 0x0001, 0x0001, 0x0001, 0x0001, 0x0001, 0x0001, 0x0001, 0x0001, 0x0001, 0x0001, 0x0001,
    0x0001, 0x0001, 0x0001, 0x0001, 0x0001, 0x0001, 0x0001, 0x0001, 0x0001, 0x0001, 0x0001, 0x0001, 0x0001, 0x0001, 0x0000, 0xAE9F,
    0xAE9F, 0xAE9F, 0x0000, 0x0000, 0x0001, 0x0001, 0x0001, 0x0001, 0x0001, 0x0001, 0x0001, 0x0001, 0x0001, 0x0000, 0xAE9F, 0xAE9F,
    0xAE9F, 0x0000, 0x0000, 0x0001, 0x0001, 0x0001, 0x0001, 0x0001, 0x0001, 0x0001, 0x0001, 0x0001, 0x0001, 0x0001, 0x0001, 0x0001,
    0x0001, 0x0001, 0x0001, 0x0001, 0x0001, 0x0001, 0x0001, 0x0001, 0x0001, 0x0001, 0x0001, 0x0001, 0x0001, 0x0001, 0x0000, 0x496A,
    0x496A, 0xB9AF, 0x0000, 0x0000, 0x0000, 0x0001, 0x0001, 0x0001, 0x0001, 0x0001, 0x0001, 0x0001, 0x0001, 0x0000, 0x6379, 0x6379,
    0x9490, 0x0000, 0x0000, 0x0001, 0x0001, 0x0001, 0x0001, 0x0001, 0x0001, 0x0001, 0x0001, 0x0001, 0x0001, 0x0001, 0x0001, 0x0001,
    0x0001, 0x0001, 0x0001, 0x0001, 0x0001, 0x0001, 0x0001, 0x0001, 0x0001, 0x0001, 0x0001, 0x0001, 0x0001, 0x0001, 0x0001, 0x0001,
    0x0001, 0x0000, 0x6379, 0x6379, 0xF345, 0xF345, 0xF345, 0xF345, 0xF345, 0xF345, 0xF345, 0xEB65, 0xEB65, 0x6359, 0x0000, 0x0000,
    0x0001, 0x0001, 0x0001, 0x0001, 0x0001, 0x0001, 0x0001, 0x0001, 0x0001, 0x0001, 0x0001, 0x0001, 0x0001, 0x0001, 0x0001, 0x0001,
    0x0001, 0x0001, 0x0001, 0x0001, 0x0001, 0x0001, 0x0001, 0x0001, 0x0001, 0x0001, 0x0001, 0x0001, 0x0001, 0x0001, 0x0001, 0x0001,
    0x0001, 0x0000, 0x6379, 0x6379, 0xF345, 0xF345, 0xF345, 0xF345, 0xF345, 0xF345, 0xF345, 0xEB65, 0xEB65, 0x6359, 0x0000, 0x0000,
    0x0001, 0x0001, 0x0001, 0x0001, 0x0001, 0x0001, 0x0001, 0x0001, 0x0001, 0x0001, 0x0001, 0x0001, 0x0001, 0x0001, 0x0001, 0x0001,
    0x0001, 0x0001, 0x0001, 0x0001, 0x0001, 0x0001, 0x0001, 0x0001, 0x0001, 0x0001, 0x0001, 0x0001, 0x0001, 0x0001, 0x0001, 0x0000,
    0x0000, 0x0000, 0x0000, 0x0000, 0xEB65, 0xFC6B, 0xFC6B, 0xFD0E, 0xFD0E, 0xFD0E, 0xFC6B, 0xEB65, 0xEB65, 0x0000, 0x0000, 0x0000,
    0x0000, 0x0001, 0x0001, 0x0001, 0x0001, 0x0001, 0x0001, 0x0001, 0x0001, 0x0001, 0x0001, 0x0001, 0x0001, 0x0001, 0x0001, 0x0001,
    0x0001, 0x0001, 0x0001, 0x0001, 0x0001, 0x0001, 0x0001, 0x0001, 0x0001, 0x0001, 0x0001, 0x0001, 0x0001, 0x0001, 0x0000, 0xA0E3,
    0xA0E3, 0x2881, 0x19C1, 0x19C1, 0xEB65, 0xFC6B, 0xFC6B, 0xFD0E, 0xFD0E, 0xFD0E, 0xFC6B, 0xEB45, 0xEB45, 0xEB65, 0xE620, 0xE620,
    0xDF7F, 0x571D, 0x571D, 0x0001, 0x0001, 0x0001, 0x0001, 0x0001, 0x0001, 0x0001, 0x0001, 0x0001, 0x0001, 0x0001, 0x0001, 0x0001,
    0x0001, 0x0001, 0x0001, 0x0001, 0x0001, 0x0001, 0x0001, 0x0001, 0x0001, 0x0001, 0x0001, 0x0001, 0x0001, 0x0001, 0x0000, 0xA0E3,
    0xA0E3, 0x2881, 0x19C1, 0x19C1, 0xEB65, 0xFC6B, 0xFC6B, 0xFD0E, 0xFD0E, 0xFD0E, 0xFC6B, 0xEB45, 0xEB45, 0xEB65, 0xE620, 0xE620,
    0xDF7F, 0x571D, 0x571D, 0x0001, 0x0001, 0x0001, 0x0001, 0x0001, 0x0001, 0x0001, 0x0001, 0x0001, 0x0001, 0x0001, 0x0001, 0x0001,
    0x0001, 0x0001, 0x0001, 0x0001, 0x0001, 0x0001, 0x0001, 0x0001, 0x0001, 0x0001, 0x0001, 0x0001, 0x0000, 0x0000, 0xA8E3, 0xA0E3,
    0xA0E3, 0xF345, 0xF345, 0xF345, 0xF345, 0xF345, 0xF345, 0xEB65, 0xF345, 0xF345, 0xF345, 0xF345, 0xF345, 0xF365, 0xEB65, 0xEB65,
    0xA8E3, 0xA903, 0xA903, 0x0000, 0x0001, 0x0001, 0x0001, 0x0001, 0x0001, 0x0001, 0x0001, 0x0001, 0x0001, 0x0001, 0x0001, 0x0001,
    0x0001, 0x0001, 0x0001, 0x0001, 0x0001, 0x0001, 0x0001, 0x0001, 0x0001, 0x0001, 0x0001, 0x0001, 0x0000, 0x0000, 0xA8E3, 0xEB65,
    0xEB65, 0xA103, 0xA8E3, 0xA8E3, 0xF365, 0xF345, 0xF345, 0xEB65, 0xF345, 0xF345, 0xF345, 0xF345, 0xF345, 0xA903, 0xA0E3, 0xA0E3,
    0xEB65, 0xA903, 0xA903, 0x0000, 0x0001, 0x0001, 0x0001, 0x0001, 0x0001, 0x0001, 0x0001, 0x0001, 0x0001, 0x0001, 0x0001, 0x0001,
    0x0001, 0x0001, 0x0001, 0x0001, 0x0001, 0x0001, 0x0001, 0x0001, 0x0001, 0x0001, 0x0001, 0x0001, 0x0000, 0x0000, 0xA8E3, 0xEB65,
    0xEB65, 0xA103, 0xA8E3, 0xA8E3, 0xF365, 0xF345, 0xF345, 0xEB65, 0xF345, 0xF345, 0xF345, 0xF345, 0xF345, 0xA903, 0xA0E3, 0xA0E3,
    0xEB65, 0xA903, 0xA903, 0x0000, 0x0001, 0x0001, 0x0001, 0x0001, 0x0001, 0x0001, 0x0001, 0x0001, 0x0001, 0x0001, 0x0001, 0x0001,
    0x0001, 0x0001, 0x0001, 0x0001, 0x0001, 0x0001, 0x0001, 0x0001, 0x0001, 0x0001, 0x0001, 0x0001, 0x0000, 0x0000, 0xD164, 0xEB65,
    0xEB65, 0xA103, 0x98E3, 0x98E3, 0xF345, 0xEB65, 0xEB65, 0xF345, 0xF345, 0xF345, 0xEB65, 0xF345, 0xF345, 0xA103, 0xA8E3, 0xA8E3,
    0xF345, 0xD184, 0xD184, 0x0000, 0x0001, 0x0001, 0x0001, 0x0001, 0x0001, 0x0001, 0x0001, 0x0001, 0x0001, 0x0001, 0x0001, 0x0001,
    0x0001, 0x0001, 0x0001, 0x0001, 0x0001, 0x0001, 0x0001, 0x0001, 0x0001, 0x0001, 0x0001, 0x0000, 0xA0E3, 0xA0E3, 0xD184, 0xEB65,
    0xEB65, 0xA8E3, 0x70A6, 0x70A6, 0xA8E3, 0xEB65, 0xEB65, 0xA903, 0xA103, 0xA103, 0xEB65, 0xA8E3, 0xA8E3, 0x7086, 0xA103, 0xA103,
    0xF345, 0xD184, 0xD184, 0xA903, 0x0000, 0x0000, 0x0001, 0x0001, 0x0001, 0x0001, 0x0001, 0x0001, 0x0001, 0x0001, 0x0001, 0x0001,
    0x0001, 0x0001, 0x0001, 0x0001, 0x0001, 0x0001, 0x0001, 0x0001, 0x0001, 0x0001, 0x0001, 0x0000, 0xA0E3, 0xA0E3, 0xD184, 0xEB65,
    0xEB65, 0xA8E3, 0x70A6, 0x70A6, 0xA8E3, 0xEB65, 0xEB65, 0xA903, 0xA103, 0xA103, 0xEB65, 0xA8E3, 0xA8E3, 0x7086, 0xA103, 0xA103,
    0xF345, 0xD184, 0xD184, 0xA903, 0x0000, 0x0000, 0x0001, 0x0001, 0x0001, 0x0001, 0x0001, 0x0001, 0x0001, 0x0001, 0x0001, 0x0001,
    0x0001, 0x0001, 0x0001, 0x0001, 0x0001, 0x0001, 0x0001, 0x0001, 0x0001, 0x0001, 0x0001, 0x0000, 0xA903, 0xA903, 0xE226, 0xD163,
    0xD163, 0xC984, 0x0000, 0x0000, 0x70A3, 0xA802, 0xA802, 0x7A88, 0xA103, 0xA103, 0x0000, 0xA8E3, 0xA8E3, 0x7083, 0x71E7, 0x71E7,
    0x8164, 0xE247, 0xE247, 0xA903, 0x0000, 0x0000, 0x0001, 0x0001, 0x0001, 0x0001, 0x0001, 0x0001, 0x0001, 0x0001, 0x0001, 0x0001,
    0x0001, 0x0001, 0x0001, 0x0001, 0x0001, 0x0001, 0x0001, 0x0001, 0x0001, 0x0000, 0x0000, 0x0000, 0xA8E3, 0xA8E3, 0xD184, 0xEAA7,
    0xEAA7, 0xB040, 0xD164, 0xD164, 0x70C3, 0xA802, 0xA802, 0x9C48, 0xAA84, 0xAA84, 0xC904, 0xA8E3, 0xA8E3, 0x7883, 0x79E7, 0x79E7,
    0xA2A8, 0xC123, 0xC123, 0xA8E3, 0x0000, 0x0000, 0x0000, 0x0001, 0x0001, 0x0001, 0x0001, 0x0001, 0x0001, 0x0001, 0x0001, 0x0001,
    0x0001, 0x0001, 0x0001, 0x0001, 0x0001, 0x0001, 0x0001, 0x0001, 0x0001, 0x0000, 0x0000, 0x0000, 0xA8E3, 0xA8E3, 0xD184, 0xEAA7,
    0xEAA7, 0xB040, 0xD164, 0xD164, 0x70C3, 0xA802, 0xA802, 0x9C48, 0xAA84, 0xAA84, 0xC904, 0xA8E3, 0xA8E3, 0x7883, 0x79E7, 0x79E7,
    0xA2A8, 0xC123, 0xC123, 0xA8E3, 0x0000, 0x0000, 0x0000, 0x0001, 0x0001, 0x0001, 0x0001, 0x0001, 0x0001, 0x0001, 0x0001, 0x0001,
    0x0001, 0x0001, 0x0001, 0x0001, 0x0001, 0x0001, 0x0000, 0x0000, 0xA8E3, 0xEB65, 0xEB65, 0x0000, 0xA8E3, 0xA8E3, 0xD184, 0xD183,
    0xD183, 0xC0E2, 0xDA26, 0xDA26, 0xA75F, 0xC9C2, 0xC9C2, 0x9C48, 0xAA84, 0xAA84, 0xF2C5, 0xDF9F, 0xDF9F, 0x8945, 0x8289, 0x8289,
    0x8984, 0xC103, 0xC103, 0xA8E3, 0x0000, 0x0000, 0xEB65, 0x0001, 0x0001, 0x0000, 0x0001, 0x0001, 0x0001, 0x0001, 0x0001, 0x0001,
    0x0001, 0x0001, 0x0001, 0x0001, 0x0001, 0x0001, 0x0000, 0x0000, 0x78C7, 0xA8E3, 0xA8E3, 0x0000, 0x0000, 0x0000, 0xA8E3, 0xD183,
    0xD183, 0xB040, 0xE226, 0xE226, 0xA75F, 0xC9E2, 0xC9E2, 0x9C48, 0xAAA4, 0xAAA4, 0xF2E5, 0xDF9F, 0xDF9F, 0x8945, 0x79E7, 0x79E7,
    0x8184, 0x9882, 0x9882, 0x0000, 0x0000, 0x0000, 0xA8E3, 0x0001, 0x0001, 0x0000, 0x0001, 0x0001, 0x0001, 0x0001, 0x0001, 0x0001,
    0x0001, 0x0001, 0x0001, 0x0001, 0x0001, 0x0001, 0x0000, 0x0000, 0x78C7, 0xA8E3, 0xA8E3, 0x0000, 0x0000, 0x0000, 0xA8E3, 0xD183,
    0xD183, 0xB040, 0xE226, 0xE226, 0xA75F, 0xC9E2, 0xC9E2, 0x9C48, 0xAAA4, 0xAAA4, 0xF2E5, 0xDF9F, 0xDF9F, 0x8945, 0x79E7, 0x79E7,
    0x8184, 0x9882, 0x9882, 0x0000, 0x0000, 0x0000, 0xA8E3, 0x0001, 0x0001, 0x0000, 0x0001, 0x0001, 0x0001, 0x0001, 0x0001, 0x0001,
    0x0001, 0x0001, 0x0001, 0x0001, 0x0001, 0x0000, 0xA8E3, 0xA8E3, 0xA903, 0x0000, 0x0000, 0xEB65, 0xA903, 0xA903, 0x0000, 0xA903,
    0xA903, 0xA8E3, 0xD184, 0xD184, 0xD184, 0x0000, 0x0000, 0x0000, 0x0000, 0x0000, 0x0000, 0xD184, 0xD184, 0xD184, 0xA903, 0xA903,
    0xA8E3, 0x0000, 0x0000, 0xA8E3, 0xEB65, 0xEB65, 0x0000, 0xB124, 0xB124, 0xA103, 0x0000, 0x0000, 0x0001, 0x0001, 0x0001, 0x0001,
    0x0001, 0x0001, 0x0001, 0x0001, 0x0001, 0x0000, 0xA8E3, 0xA8E3, 0x0000, 0xF365, 0xF365, 0xEB45, 0xEB65, 0xEB65, 0xC964, 0x0000,
    0x0000, 0x0000, 0xA8E3, 0xA8E3, 0xA8E3, 0xA903, 0xA903, 0xA8E3, 0xA8E3, 0xA8E3, 0xA8E3, 0xA903, 0xA903, 0xA903, 0x0000, 0x0000,
    0x0000, 0xC984, 0xC984, 0xEB65, 0xF345, 0xF345, 0xEB45, 0x0000, 0x0000, 0xA903, 0x0000, 0x0000, 0x0001, 0x0001, 0x0001, 0x0001,
    0x0001, 0x0001, 0x0001, 0x0001, 0x0001, 0x0000, 0xA8E3, 0xA8E3, 0x0000, 0xF365, 0xF365, 0xEB45, 0xEB65, 0xEB65, 0xC964, 0x0000,
    0x0000, 0x0000, 0xA8E3, 0xA8E3, 0xA8E3, 0xA903, 0xA903, 0xA8E3, 0xA8E3, 0xA8E3, 0xA8E3, 0xA903, 0xA903, 0xA903, 0x0000, 0x0000,
    0x0000, 0xC984, 0xC984, 0xEB65, 0xF345, 0xF345, 0xEB45, 0x0000, 0x0000, 0xA903, 0x0000, 0x0000, 0x0001, 0x0001, 0x0001, 0x0001,
    0x0001, 0x0001, 0x0001, 0x0000, 0x0000, 0x78C7, 0x001D, 0x001D, 0xA0E6, 0xF345, 0xF345, 0xEB65, 0xA0E3, 0xA0E3, 0xD164, 0x0000,
    0x0000, 0x0000, 0x0000, 0x0000, 0xA8E3, 0xA903, 0xA903, 0xA8E3, 0xA8E3, 0xA8E3, 0xA8E3, 0xA903, 0xA903, 0xA903, 0x0000, 0x0000,
    0x0000, 0xA0E3, 0xA0E3, 0xA0E4, 0x3DA6, 0x3DA6, 0xF345, 0xA8E3, 0xA8E3, 0x0000, 0x78C7, 0x78C7, 0x8759, 0x0001, 0x0001, 0x0001,
    0x0001, 0x0001, 0x0001, 0x0000, 0x0000, 0xA903, 0x001D, 0x001D, 0xA106, 0xEB65, 0xEB65, 0xEB65, 0xA0E3, 0xA0E3, 0xA126, 0x0000,
    0x0000, 0x0000, 0x0000, 0x0000, 0xA8E3, 0x9C68, 0x9C68, 0xA8E3, 0xA8E3, 0xA8E3, 0xA903, 0xBDBF, 0xBDBF, 0xA903, 0x0000, 0x0000,
    0x0000, 0x78A5, 0x78A5, 0xC923, 0x3DA4, 0x3DA4, 0xEB45, 0xA903, 0xA903, 0x0000, 0xA903, 0xA903, 0x8759, 0x0001, 0x0001, 0x0001,
    0x0001, 0x0001, 0x0001, 0x0000, 0x0000, 0xA903, 0x001D, 0x001D, 0xA106, 0xEB65, 0xEB65, 0xEB65, 0xA0E3, 0xA0E3, 0xA126, 0x0000,
    0x0000, 0x0000, 0x0000, 0x0000, 0xA8E3, 0x9C68, 0x9C68, 0xA8E3, 0xA8E3, 0xA8E3, 0xA903, 0xBDBF, 0xBDBF, 0xA903, 0x0000, 0x0000,
    0x0000, 0x78A5, 0x78A5, 0xC923, 0x3DA4, 0x3DA4, 0xEB45, 0xA903, 0xA903, 0x0000, 0xA903, 0xA903, 0x8759, 0x0001, 0x0001, 0x0001,
    0x0001, 0x0001, 0x0001, 0x0000, 0x0000, 0xA903, 0x001D, 0x001D, 0xA8E6, 0xEB65, 0xEB65, 0xF365, 0xA0E3, 0xA0E3, 0x2881, 0x0000,
    0x0000, 0xF345, 0x0000, 0x0000, 0xA8E3, 0x9C48, 0x9C48, 0xA0E3, 0xA0E3, 0xA0E3, 0xA103, 0xBDBF, 0xBDBF, 0xA903, 0xF345, 0xF345,
    0x0000, 0x0000, 0x0000, 0xC923, 0x3DA4, 0x3DA4, 0xEB45, 0xA903, 0xA903, 0x0000, 0xA903, 0xA903, 0x8759, 0x0001, 0x0001, 0x0001,
    0x0001, 0x0001, 0x0001, 0x0000, 0x0000, 0x0000, 0xA900, 0xA900, 0xC967, 0xEB46, 0xEB46, 0xF365, 0xF345, 0xF345, 0x5686, 0x7F9E,
    0x7F9E, 0xEB24, 0x0001, 0x0001, 0xA8E4, 0xA903, 0xA903, 0xA0E3, 0xA0E3, 0xA0E3, 0xA103, 0xBDBF, 0xBDBF, 0x0001, 0xEAE4, 0xEAE4,
    0x0000, 0xA0E3, 0xA0E3, 0x1384, 0x3DA4, 0x3DA4, 0xEB45, 0xC964, 0xC964, 0xA903, 0x0000, 0x0000, 0x8759, 0x0001, 0x0001, 0x0001,
    0x0001, 0x0001, 0x0001, 0x0000, 0x0000, 0x0000, 0xA900, 0xA900, 0xC967, 0xEB46, 0xEB46, 0xF365, 0xF345, 0xF345, 0x5686, 0x7F9E,
    0x7F9E, 0xEB24, 0x0001, 0x0001, 0xA8E4, 0xA903, 0xA903, 0xA0E3, 0xA0E3, 0xA0E3, 0xA103, 0xBDBF, 0xBDBF, 0x0001, 0xEAE4, 0xEAE4,
    0x0000, 0xA0E3, 0xA0E3, 0x1384, 0x3DA4, 0x3DA4, 0xEB45, 0xC964, 0xC964, 0xA903, 0x0000, 0x0000, 0x8759, 0x0001, 0x0001, 0x0001,
    0x0001, 0x0001, 0x0001, 0x0000, 0x0000, 0x0000, 0xA8E0, 0xA8E0, 0xC967, 0xEB66, 0xEB66, 0xB124, 0xE324, 0xE324, 0x90E8, 0x2441,
    0x2441, 0x9000, 0x0001, 0x0001, 0xA8E3, 0xA8E4, 0xA8E4, 0xA0E3, 0xA0E3, 0xA0E3, 0xA103, 0x0001, 0x0001, 0x0001, 0x0000, 0x0000,
    0xA0E3, 0xF345, 0xF345, 0xD963, 0x3B84, 0x3B84, 0x2586, 0xD365, 0xD365, 0xA944, 0x0000, 0x0000, 0x8759, 0x0001, 0x0001, 0x0001,
    0x0001, 0x0001, 0x0001, 0x0001, 0x0001, 0x0000, 0xA8E0, 0xA8E0, 0xC967, 0xD186, 0xD186, 0xA903, 0xE324, 0xE324, 0x7707, 0x76A3,
    0x76A3, 0x38E3, 0x0000, 0x0000, 0xA8E3, 0xA903, 0xA903, 0x0001, 0x0001, 0x0001, 0x0001, 0x0001, 0x0001, 0xA903, 0xA8E3, 0xA8E3,
    0xF365, 0xC964, 0xC964, 0xC943, 0x2B64, 0x2B64, 0x0BC6, 0xD385, 0xD385, 0xA944, 0x0000, 0x0000, 0x0001, 0x0001, 0x0001, 0x0001,
    0x0001, 0x0001, 0x0001, 0x0001, 0x0001, 0x0000, 0xA8E0, 0xA8E0, 0xC967, 0xD186, 0xD186, 0xA903, 0xE324, 0xE324, 0x7707, 0x76A3,
    0x76A3, 0x38E3, 0x0000, 0x0000, 0xA8E3, 0xA903, 0xA903, 0x0001, 0x0001, 0x0001, 0x0001, 0x0001, 0x0001, 0xA903, 0xA8E3, 0xA8E3,
    0xF365, 0xC964, 0xC964, 0xC943, 0x2B64, 0x2B64, 0x0BC6, 0xD385, 0xD385, 0xA944, 0x0000, 0x0000, 0x0001, 0x0001, 0x0001, 0x0001,
    0x0001, 0x0001, 0x0001, 0x0001, 0x0001, 0x0000, 0xA0FF, 0xA0FF, 0xA0E6, 0xC946, 0xC946, 0xA8E3, 0x3A21, 0x3A21, 0x4E86, 0x54C2,
    0x54C2, 0x30E3, 0x0000, 0x0000, 0xA8E3, 0xA903, 0xA903, 0x0001, 0x0001, 0x0001, 0x0001, 0x0001, 0x0001, 0xA903, 0xA0E3, 0xA0E3,
    0xD184, 0xA903, 0xA903, 0x2020, 0x2B63, 0x2B63, 0x0385, 0xA2E4, 0xA2E4, 0xA164, 0x0000, 0x0000, 0x0001, 0x0001, 0x0001, 0x0001,
    0x0001, 0x0001, 0x0001, 0x0001, 0x0001, 0x0000, 0xA8E0, 0xA8E0, 0xA0E6, 0xD166, 0xD166, 0x7086, 0x3A21, 0x3A21, 0xA5A3, 0x2441,
    0x2441, 0x30E3, 0x0000, 0x0000, 0xA8E3, 0xA903, 0xA903, 0x0001, 0x0001, 0x0001, 0x0001, 0x0001, 0x0001, 0xA903, 0xA103, 0xA103,
    0xA903, 0x0000, 0x0000, 0x2020, 0xFB07, 0xFB07, 0x0BA5, 0xA2E4, 0xA2E4, 0xA144, 0x0000, 0x0000, 0x0001, 0x0001, 0x0001, 0x0001,
    0x0001, 0x0001, 0x0001, 0x0001, 0x0001, 0x0000, 0xA8E0, 0xA8E0, 0xA0E6, 0xD166, 0xD166, 0x7086, 0x3A21, 0x3A21, 0xA5A3, 0x2441,
    0x2441, 0x30E3, 0x0000, 0x0000, 0xA8E3, 0xA903, 0xA903, 0x0001, 0x0001, 0x0001, 0x0001, 0x0001, 0x0001, 0xA903, 0xA103, 0xA103,
    0xA903, 0x0000, 0x0000, 0x2020, 0xFB07, 0xFB07, 0x0BA5, 0xA2E4, 0xA2E4, 0xA144, 0x0000, 0x0000, 0x0001, 0x0001, 0x0001, 0x0001,
    0x0001, 0x0001, 0x0001, 0x0001, 0x0001, 0x0001, 0x001D, 0x001D, 0x49E9, 0xA186, 0xA186, 0x7086, 0x3A21, 0x3A21, 0x0001, 0x7B5E,
    0x7B5E, 0x30E3, 0x0001, 0x0001, 0xA8E3, 0xA903, 0xA903, 0x0001, 0x0001, 0x0001, 0x0001, 0x0001, 0x0001, 0x0001, 0x0000, 0x0000,
    0xA103, 0x0001, 0x0001, 0x2020, 0xFB07, 0xFB07, 0x0BA5, 0xA2E4, 0xA2E4, 0x0041, 0x0001, 0x0001, 0x0001, 0x0001, 0x0001, 0x0001,
    0x0001, 0x0001, 0x0001, 0x0001, 0x0001, 0x0001, 0x001C, 0x001C, 0xA0E6, 0x78E5, 0x78E5, 0x80C6, 0x3A21, 0x3A21, 0x0001, 0x7B5E,
    0x7B5E, 0x0001, 0x0001, 0x0001, 0xA8E3, 0xA903, 0xA903, 0x0001, 0x0001, 0x0001, 0x0001, 0x0001, 0x0001, 0x0001, 0x0000, 0x0000,
    0xA103, 0x0001, 0x0001, 0x2020, 0x0326, 0x0326, 0xDB24, 0x01E1, 0x01E1, 0x0001, 0x0001, 0x0001, 0x0001, 0x0001, 0x0001, 0x0001,
    0x0001, 0x0001, 0x0001, 0x0001, 0x0001, 0x0001, 0x001C, 0x001C, 0xA0E6, 0x78E5, 0x78E5, 0x80C6, 0x3A21, 0x3A21, 0x0001, 0x7B5E,
    0x7B5E, 0x0001, 0x0001, 0x0001, 0xA8E3, 0xA903, 0xA903, 0x0001, 0x0001, 0x0001, 0x0001, 0x0001, 0x0001, 0x0001, 0x0000, 0x0000,
    0xA103, 0x0001, 0x0001, 0x2020, 0x0326, 0x0326, 0xDB24, 0x01E1, 0x01E1, 0x0001, 0x0001, 0x0001, 0x0001, 0x0001, 0x0001, 0x0001,
    0x0001, 0x0001, 0x0001, 0x0001, 0x0001, 0x0001, 0x0001, 0x0001, 0x0001, 0x0000, 0x0000, 0x0000, 0x0001, 0x0001, 0x0001, 0x0001,
    0x0001, 0x0001, 0x0001, 0x0001, 0x0001, 0x0001, 0x0001, 0x0001, 0x0001, 0x0001, 0x0001, 0x0001, 0x0001, 0x0001, 0x0001, 0x0001,
    0x0001, 0x0001, 0x0001, 0x0001, 0x0000, 0x0000, 0x0000, 0x0001, 0x0001, 0x0001, 0x0001, 0x0001, 0x0001, 0x0001, 0x0001, 0x0001,
    0x0001, 0x0001, 0x0001, 0x0001, 0x0001, 0x0001, 0x0001, 0x0001, 0x0001, 0x0001, 0x0001, 0x0001, 0x0001, 0x0001, 0x0001, 0x0001,
    0x0001, 0x0001, 0x0001, 0x0001, 0x0001, 0x0001, 0x0001, 0x0001, 0x0001, 0x0001, 0x0001, 0x0001, 0x0001, 0x0001, 0x0001, 0x0001,
    0x0001, 0x0001, 0x0001, 0x0001, 0x0001, 0x0001, 0x0001, 0x0001, 0x0001, 0x0001, 0x0001, 0x0001, 0x0001, 0x0001, 0x0001, 0x0001,
    0x0001, 0x0001, 0x0001, 0x0001, 0x0001, 0x0001, 0x0001, 0x0001, 0x0001, 0x0001, 0x0001, 0x0001, 0x0001, 0x0001, 0x0001, 0x0001,
    0x0001, 0x0001, 0x0001, 0x0001, 0x0001, 0x0001, 0x0001, 0x0001, 0x0001, 0x0001, 0x0001, 0x0001, 0x0001, 0x0001, 0x0001, 0x0001,
    0x0001, 0x0001, 0x0001, 0x0001, 0x0001, 0x0001, 0x0001, 0x0001, 0x0001, 0x0001, 0x0001, 0x0001, 0x0001, 0x0001, 0x0001, 0x0001,
    0x0001, 0x0001, 0x0001, 0x0001, 0x0001, 0x0001, 0x0001, 0x0001, 0x0001, 0x0001, 0x0001, 0x0001, 0x0001, 0x0001, 0x0001, 0x0001,
    0x0001, 0x0001, 0x0001, 0x0001, 0x0001, 0x0001, 0x0001, 0x0001, 0x0001, 0x0001, 0x0001, 0x0001, 0x0001, 0x0001, 0x0001, 0x0001,
    0x0001, 0x0001, 0x0001, 0x0001, 0x0001, 0x0001, 0x0001, 0x0001, 0x0001, 0x0001, 0x0001, 0x0001, 0x0001, 0x0001, 0x0001, 0x0001
  }
};

static_assert(sizeof(STATUS_DOWN_FRAMES) ==
              STATUS_DOWN_FRAME_COUNT * STATUS_ICON_WIDTH * STATUS_ICON_HEIGHT * sizeof(uint16_t));

constexpr uint8_t STATUS_RECOVERY_FRAME_COUNT = 4;
const uint16_t STATUS_RECOVERY_FRAMES[STATUS_RECOVERY_FRAME_COUNT]
                                 [STATUS_ICON_WIDTH * STATUS_ICON_HEIGHT] PROGMEM = {
  {
    0x0001, 0x0001, 0x0001, 0x0001, 0x0001, 0x0001, 0x0001, 0x0001, 0x0001, 0x0001, 0x0001, 0x0001, 0x0001, 0x0001, 0x0001, 0x0001,
    0x0001, 0x0001, 0x0001, 0x0001, 0x0001, 0x0001, 0x0001, 0x0001, 0x0001, 0x0001, 0x0001, 0x0001, 0x0001, 0x0001, 0x0001, 0x0001,
    0x0001, 0x0001, 0x0001, 0x0001, 0x0001, 0x0001, 0x0001, 0x0001, 0x0001, 0x0001, 0x0001, 0x0001, 0x0001, 0x0001, 0x0001, 0x0001,
    0x0001, 0x0001, 0x0001, 0x0001, 0x0001, 0x0001, 0x0001, 0x0001, 0x0001, 0x0001, 0x0001, 0x0001, 0x0001, 0x0001, 0x0001, 0x0001,
    0x0001, 0x0001, 0x0001, 0x0001, 0x0001, 0x0001, 0x0001, 0x0001, 0x0001, 0x0001, 0x0001, 0x0001, 0x0001, 0x0001, 0x0001, 0x0001,
    0x0001, 0x0001, 0x0001, 0x0001, 0x0001, 0x0001, 0x0001, 0x0001, 0x0001, 0x0001, 0x0001, 0x0001, 0x0001, 0x0001, 0x0001, 0x0001,
    0x0001, 0x0001, 0x0001, 0x0001, 0x0001, 0x0001, 0x0001, 0x0001, 0x0001, 0x0001, 0x0001, 0x0001, 0x0001, 0x0001, 0x0001, 0x0000,
    0x0000, 0x0000, 0x0001, 0x0001, 0x0001, 0x0001, 0x0001, 0x0001, 0x0001, 0x0001, 0x0001, 0x0001, 0x0001, 0x0001, 0x0000, 0x0000,
    0x0000, 0x0001, 0x0001, 0x0001, 0x0001, 0x0001, 0x0001, 0x0001, 0x0001, 0x0001, 0x0001, 0x0001, 0x0001, 0x0001, 0x0001, 0x0001,
    0x0001, 0x0001, 0x0001, 0x0001, 0x0001, 0x0001, 0x0001, 0x0001, 0x0001, 0x0001, 0x0001, 0x0001, 0x0001, 0x0001, 0x0000, 0xAE9F,
    0xAE9F, 0xAE9F, 0x0000, 0x0000, 0x0001, 0x0001, 0x0001, 0x0001, 0x0001, 0x0001, 0x0001, 0x0001, 0x0001, 0x0000, 0xAE9F, 0xAE9F,
    0xAE9F, 0x0000, 0x0000, 0x0001, 0x0001, 0x0001, 0x0001, 0x0001, 0x0001, 0x0001, 0x0001, 0x0001, 0x0001, 0x0001, 0x0001, 0x0001,
    0x0001, 0x0001, 0x0001, 0x0001, 0x0001, 0x0001, 0x0001, 0x0001, 0x0001, 0x0001, 0x0001, 0x0001, 0x0001, 0x0001, 0x0000, 0xAE9F,
    0xAE9F, 0xAE9F, 0x0000, 0x0000, 0x0001, 0x0001, 0x0001, 0x0001, 0x0001, 0x0001, 0x0001, 0x0001, 0x0001, 0x0000, 0xAE9F, 0xAE9F,
    0xAE9F, 0x0000, 0x0000, 0x0001, 0x0001, 0x0001, 0x0001, 0x0001, 0x0001, 0x0001, 0x0001, 0x0001, 0x0001, 0x0001, 0x0001, 0x0001,
    0x0001, 0x0001, 0x0001, 0x0001, 0x0001, 0x0001, 0x0001, 0x0001, 0x0001, 0x0001, 0x0001, 0x0001, 0x0001, 0x0001, 0x0000, 0x496A,
    0x496A, 0xB98F, 0x0000, 0x0000, 0x0001, 0x0001, 0x0001, 0x0001, 0x0001, 0x0001, 0x0001, 0x0001, 0x0001, 0x0000, 0x6359, 0x6359,
    0x9491, 0x0000, 0x0000, 0x0001, 0x0001, 0x0001, 0x0001, 0x0001, 0x0001, 0x0001, 0x0001, 0x0001, 0x0001, 0x0001, 0x0001, 0x0001,
    0x0001, 0x0001, 0x0001, 0x0001, 0x0001, 0x0001, 0x0001, 0x0001, 0x0001, 0x0001, 0x0001, 0x0001, 0x0001, 0x0001, 0x0001, 0x0001,
    0x0001, 0x0000, 0x6379, 0x6379, 0x0000, 0x0000, 0x0000, 0x0000, 0x0000, 0x0000, 0x0000, 0x0000, 0x0000, 0x6359, 0x0000, 0x0000,
    0x0001, 0x0001, 0x0001, 0x0001, 0x0001, 0x0001, 0x0001, 0x0001, 0x0001, 0x0001, 0x0001, 0x0001, 0x0001, 0x0001, 0x0001, 0x0001,
    0x0001, 0x0001, 0x0001, 0x0001, 0x0001, 0x0001, 0x0001, 0x0001, 0x0001, 0x0001, 0x0001, 0x0001, 0x0001, 0x0001, 0x0001, 0x0001,
    0x0001, 0x0000, 0x6379, 0x6379, 0x0000, 0x0000, 0x0000, 0x0000, 0x0000, 0x0000, 0x0000, 0x0000, 0x0000, 0x6359, 0x0000, 0x0000,
    0x0001, 0x0001, 0x0001, 0x0001, 0x0001, 0x0001, 0x0001, 0x0001, 0x0001, 0x0001, 0x0001, 0x0001, 0x0001, 0x0001, 0x0001, 0x0001,
    0x0001, 0x0001, 0x0001, 0x0001, 0x0001, 0x0001, 0x0001, 0x0001, 0x0001, 0x0001, 0x0001, 0x0001, 0x0001, 0x0001, 0x0001, 0x0001,
    0x0001, 0x0000, 0x0000, 0x0000, 0xF345, 0xF344, 0xF344, 0xEB45, 0xF345, 0xF345, 0xF345, 0xF344, 0xF344, 0x0000, 0x0000, 0x0000,
    0x0001, 0x0001, 0x0001, 0x0001, 0x0001, 0x0001, 0x0001, 0x0001, 0x0001, 0x0001, 0x0001, 0x0001, 0x0001, 0x0001, 0x0001, 0x0001,
    0x0001, 0x0001, 0x0001, 0x0001, 0x0001, 0x0001, 0x0001, 0x0001, 0x0001, 0x0001, 0x0001, 0x0001, 0x0001, 0x0001, 0x0001, 0x0000,
    0x0000, 0xD164, 0x0000, 0x0000, 0xF344, 0xFC6B, 0xFC6B, 0xEBE8, 0xF345, 0xF345, 0xF281, 0xE23E, 0xE23E, 0xD189, 0x07E0, 0x07E0,
    0x2E9B, 0x0001, 0x0001, 0x0001, 0x0001, 0x0001, 0x0001, 0x0001, 0x0001, 0x0001, 0x0001, 0x0001, 0x0001, 0x0001, 0x0001, 0x0001,
    0x0001, 0x0001, 0x0001, 0x0001, 0x0001, 0x0001, 0x0001, 0x0001, 0x0001, 0x0001, 0x0001, 0x0001, 0x0001, 0x0001, 0x0001, 0x0000,
    0x0000, 0xD164, 0x0000, 0x0000, 0xF344, 0xFC6B, 0xFC6B, 0xEBE8, 0xF345, 0xF345, 0xF281, 0xE23E, 0xE23E, 0xD189, 0x07E0, 0x07E0,
    0x2E9B, 0x0001, 0x0001, 0x0001, 0x0001, 0x0001, 0x0001, 0x0001, 0x0001, 0x0001, 0x0001, 0x0001, 0x0001, 0x0001, 0x0001, 0x0001,
    0x0001, 0x0001, 0x0001, 0x0001, 0x0001, 0x0001, 0x0001, 0x0001, 0x0001, 0x0001, 0x0001, 0x0001, 0x0001, 0x0001, 0x0000, 0xA903,
    0xA903, 0xD184, 0x21C0, 0x21C0, 0xEB45, 0xFC6B, 0xFC6B, 0xE25F, 0xF345, 0xF345, 0xE19B, 0xE25F, 0xE25F, 0xF349, 0x07E0, 0x07E0,
    0xD77E, 0x0001, 0x0001, 0x0001, 0x0001, 0x0001, 0x0001, 0x0001, 0x0001, 0x0001, 0x0001, 0x0001, 0x0001, 0x0001, 0x0001, 0x0001,
    0x0001, 0x0001, 0x0001, 0x0001, 0x0001, 0x0001, 0x0001, 0x0001, 0x0001, 0x0001, 0x0001, 0x0001, 0x0000, 0x0000, 0xA0E3, 0xF344,
    0xF344, 0xA103, 0xA0E3, 0xA0E3, 0xF365, 0xF344, 0xF344, 0xF344, 0xF344, 0xF344, 0xF345, 0xEB45, 0xEB45, 0xA0E3, 0xA0E3, 0xA0E3,
    0xF345, 0xA903, 0xA903, 0x0000, 0x0001, 0x0001, 0x0001, 0x0001, 0x0001, 0x0001, 0x0001, 0x0001, 0x0001, 0x0001, 0x0001, 0x0001,
    0x0001, 0x0001, 0x0001, 0x0001, 0x0001, 0x0001, 0x0001, 0x0001, 0x0001, 0x0001, 0x0001, 0x0001, 0x0000, 0x0000, 0xA0E3, 0xF344,
    0xF344, 0xA103, 0xA0E3, 0xA0E3, 0xF365, 0xF344, 0xF344, 0xF344, 0xF344, 0xF344, 0xF345, 0xEB45, 0xEB45, 0xA0E3, 0xA0E3, 0xA0E3,
    0xF345, 0xA903, 0xA903, 0x0000, 0x0001, 0x0001, 0x0001, 0x0001, 0x0001, 0x0001, 0x0001, 0x0001, 0x0001, 0x0001, 0x0001, 0x0001,
    0x0001, 0x0001, 0x0001, 0x0001, 0x0001, 0x0001, 0x0001, 0x0001, 0x0001, 0x0001, 0x0001, 0x0001, 0x0000, 0x0000, 0xA0E3, 0xEB45,
    0xEB45, 0xA903, 0x68C6, 0x68C6, 0xA0E2, 0xEB45, 0xEB45, 0x4586, 0xEB24, 0xEB24, 0xA103, 0xF344, 0xF344, 0x68A6, 0xE120, 0xE120,
    0xEB43, 0xA0E3, 0xA0E3, 0x0000, 0x0001, 0x0001, 0x0001, 0x0001, 0x0001, 0x0001, 0x0001, 0x0001, 0x0001, 0x0001, 0x0001, 0x0001,
    0x0001, 0x0001, 0x0001, 0x0001, 0x0001, 0x0001, 0x0001, 0x0001, 0x0001, 0x0001, 0x0001, 0x0001, 0x0000, 0x0000, 0xC964, 0xF345,
    0xF345, 0xA0E3, 0x3698, 0x3698, 0x001F, 0x70D9, 0x70D9, 0xF324, 0xA0E3, 0xA0E3, 0x3698, 0x4A41, 0x4A41, 0x3698, 0xE120, 0xE120,
    0xEB43, 0xD184, 0xD184, 0x0000, 0x0001, 0x0001, 0x0001, 0x0001, 0x0001, 0x0001, 0x0001, 0x0001, 0x0001, 0x0001, 0x0001, 0x0001,
    0x0001, 0x0001, 0x0001, 0x0001, 0x0001, 0x0001, 0x0001, 0x0001, 0x0001, 0x0001, 0x0001, 0x0001, 0x0000, 0x0000, 0xC964, 0xF345,
    0xF345, 0xA0E3, 0x3698, 0x3698, 0x001F, 0x70D9, 0x70D9, 0xF324, 0xA0E3, 0xA0E3, 0x3698, 0x4A41, 0x4A41, 0x3698, 0xE120, 0xE120,
    0xEB43, 0xD184, 0xD184, 0x0000, 0x0001, 0x0001, 0x0001, 0x0001, 0x0001, 0x0001, 0x0001, 0x0001, 0x0001, 0x0001, 0x0001, 0x0001,
    0x0001, 0x0001, 0x0001, 0x0001, 0x0001, 0x0001, 0x0001, 0x0001, 0x0001, 0x0001, 0x0001, 0x0000, 0xA0E3, 0xA0E3, 0xD164, 0xD164,
    0xD164, 0xDA27, 0xFFDD, 0xFFDD, 0x001E, 0xA099, 0xA099, 0x1BA5, 0xC964, 0xC964, 0x5E58, 0x4A41, 0x4A41, 0xFFDD, 0x1264, 0x1264,
    0xD163, 0xD164, 0xD164, 0xA903, 0x0000, 0x0000, 0x0001, 0x0001, 0x0001, 0x0001, 0x0001, 0x0001, 0x0001, 0x0001, 0x0001, 0x0001,
    0x0001, 0x0001, 0x0001, 0x0001, 0x0001, 0x0001, 0x0001, 0x0001, 0x0001, 0x0001, 0x0001, 0x0000, 0xA903, 0xA903, 0xDA26, 0xC0C2,
    0xC0C2, 0xD164, 0xDFDD, 0xDFDD, 0x5E35, 0xA099, 0xA099, 0x4565, 0xCBA4, 0xCBA4, 0x5E37, 0xA078, 0xA078, 0xFFBD, 0x1263, 0x1263,
    0xD183, 0xE206, 0xE206, 0xA901, 0x0000, 0x0000, 0x0001, 0x0001, 0x0001, 0x0001, 0x0001, 0x0001, 0x0001, 0x0001, 0x0001, 0x0001,
    0x0001, 0x0001, 0x0001, 0x0001, 0x0001, 0x0001, 0x0001, 0x0001, 0x0001, 0x0001, 0x0001, 0x0000, 0xA903, 0xA903, 0xDA26, 0xC0C2,
    0xC0C2, 0xD164, 0xDFDD, 0xDFDD, 0x5E35, 0xA099, 0xA099, 0x4565, 0xCBA4, 0xCBA4, 0x5E37, 0xA078, 0xA078, 0xFFBD, 0x1263, 0x1263,
    0xD183, 0xE206, 0xE206, 0xA901, 0x0000, 0x0000, 0x0001, 0x0001, 0x0001, 0x0001, 0x0001, 0x0001, 0x0001, 0x0001, 0x0001, 0x0001,
    0x0001, 0x0001, 0x0001, 0x0001, 0x0001, 0x0001, 0x0001, 0x0001, 0x0001, 0x0001, 0x0001, 0x0000, 0xA903, 0xA903, 0xD164, 0xEAA8,
    0xEAA8, 0xC984, 0xC964, 0xC964, 0xEB45, 0xF344, 0xF344, 0xEB45, 0xEB45, 0xEB45, 0xEB45, 0xEB45, 0xEB45, 0xC964, 0xC964, 0xC964,
    0xEAA8, 0xD184, 0xD184, 0xA903, 0x0000, 0x0000, 0x0001, 0x0001, 0x0001, 0x0001, 0x0001, 0x0001, 0x0001, 0x0001, 0x0001, 0x0001,
    0x0001, 0x0001, 0x0001, 0x0001, 0x0001, 0x0001, 0x0001, 0x0001, 0x0001, 0x0001, 0x0001, 0x0000, 0xA903, 0xA903, 0xD164, 0xD164,
    0xD164, 0xE226, 0xDA26, 0xDA26, 0x0000, 0xEB45, 0xEB45, 0xEB45, 0xEB45, 0xEB45, 0xEB45, 0x0000, 0x0000, 0xDA26, 0xE226, 0xE226,
    0xD164, 0xD184, 0xD184, 0xA0E3, 0x0000, 0x0000, 0x0001, 0x0001, 0x0001, 0x0001, 0x0001, 0x0001, 0x0001, 0x0001, 0x0001, 0x0001,
    0x0001, 0x0001, 0x0001, 0x0001, 0x0001, 0x0001, 0x0001, 0x0001, 0x0001, 0x0001, 0x0001, 0x0000, 0xA903, 0xA903, 0xD164, 0xD164,
    0xD164, 0xE226, 0xDA26, 0xDA26, 0x0000, 0xEB45, 0xEB45, 0xEB45, 0xEB45, 0xEB45, 0xEB45, 0x0000, 0x0000, 0xDA26, 0xE226, 0xE226,
    0xD164, 0xD184, 0xD184, 0xA0E3, 0x0000, 0x0000, 0x0001, 0x0001, 0x0001, 0x0001, 0x0001, 0x0001, 0x0001, 0x0001, 0x0001, 0x0001,
    0x0001, 0x0001, 0x0001, 0x0001, 0x0001, 0x0001, 0x0001, 0x0001, 0x0001, 0x0000, 0x0000, 0x0000, 0x0000, 0x0000, 0xA0E3, 0xD184,
    0xD184, 0xD164, 0xDA26, 0xDA26, 0xDA06, 0x0000, 0x0000, 0x0000, 0x0000, 0x0000, 0x0000, 0xDA06, 0xDA06, 0xDA26, 0xD164, 0xD164,
    0xD164, 0xA103, 0xA103, 0x0000, 0x0000, 0x0000, 0x0000, 0x0001, 0x0001, 0x0001, 0x0001, 0x0001, 0x0001, 0x0001, 0x0001, 0x0001,
    0x0001, 0x0001, 0x0001, 0x0001, 0x0001, 0x0001, 0x0000, 0x0000, 0xA0E3, 0xEB45, 0xEB45, 0xA0E3, 0x0000, 0x0000, 0x0000, 0xA8E3,
    0xA8E3, 0xA0E3, 0xD164, 0xD164, 0xD164, 0xD184, 0xD184, 0xD164, 0xD184, 0xD184, 0xD184, 0xD164, 0xD164, 0xD164, 0xA0E3, 0xA0E3,
    0xA903, 0x0000, 0x0000, 0x0000, 0xA0E3, 0xA0E3, 0xEB65, 0xA0E3, 0xA0E3, 0x0000, 0x0001, 0x0001, 0x0001, 0x0001, 0x0001, 0x0001,
    0x0001, 0x0001, 0x0001, 0x0001, 0x0001, 0x0001, 0x0000, 0x0000, 0xA0E3, 0xEB45, 0xEB45, 0xA0E3, 0x0000, 0x0000, 0x0000, 0xA8E3,
    0xA8E3, 0xA0E3, 0xD164, 0xD164, 0xD164, 0xD184, 0xD184, 0xD164, 0xD184, 0xD184, 0xD184, 0xD164, 0xD164, 0xD164, 0xA0E3, 0xA0E3,
    0xA903, 0x0000, 0x0000, 0x0000, 0xA0E3, 0xA0E3, 0xEB65, 0xA0E3, 0xA0E3, 0x0000, 0x0001, 0x0001, 0x0001, 0x0001, 0x0001, 0x0001,
    0x0001, 0x0001, 0x0001, 0x0001, 0x0001, 0x0001, 0x0000, 0x0000, 0x70C7, 0xA901, 0xA901, 0x0000, 0xA0E3, 0xA0E3, 0x2061, 0xDF9F,
    0xDF9F, 0xA8E3, 0x7987, 0x7987, 0xC964, 0xD184, 0xD184, 0xD164, 0xD184, 0xD184, 0xD184, 0xD164, 0xD164, 0xD164, 0x0000, 0x0000,
    0xA0E3, 0xC964, 0xC964, 0xDF9F, 0x07E0, 0x07E0, 0x5103, 0x7086, 0x7086, 0x0000, 0x0001, 0x0001, 0x0001, 0x0001, 0x0001, 0x0001,
    0x0001, 0x0001, 0x0001, 0x0001, 0x0001, 0x0000, 0xA103, 0xA103, 0xA0E3, 0x0000, 0x0000, 0xEB65, 0xEB65, 0xEB65, 0xA903, 0xA0E3,
    0xA0E3, 0x0000, 0x0000, 0x0000, 0x0000, 0x0000, 0x0000, 0x0000, 0x0000, 0x0000, 0x0000, 0x0000, 0x0000, 0x0000, 0x0000, 0x0000,
    0xA0E3, 0xA0E3, 0xA0E3, 0xEB65, 0xEB45, 0xEB45, 0x0000, 0xB124, 0xB124, 0xA103, 0x0000, 0x0000, 0x0001, 0x0001, 0x0001, 0x0001,
    0x0001, 0x0001, 0x0001, 0x0001, 0x0001, 0x0000, 0xA103, 0xA103, 0xA0E3, 0x0000, 0x0000, 0xEB65, 0xEB65, 0xEB65, 0xA903, 0xA0E3,
    0xA0E3, 0x0000, 0x0000, 0x0000, 0x0000, 0x0000, 0x0000, 0x0000, 0x0000, 0x0000, 0x0000, 0x0000, 0x0000, 0x0000, 0x0000, 0x0000,
    0xA0E3, 0xA0E3, 0xA0E3, 0xEB65, 0xEB45, 0xEB45, 0x0000, 0xB124, 0xB124, 0xA103, 0x0000, 0x0000, 0x0001, 0x0001, 0x0001, 0x0001,
    0x0001, 0x0001, 0x0001, 0x0001, 0x0001, 0x0000, 0xA0E3, 0xA0E3, 0x0000, 0xEB45, 0xEB45, 0xA103, 0xA0E3, 0xA0E3, 0xA0E3, 0x0000,
    0x0000, 0x0000, 0x0000, 0x0000, 0x0000, 0xA903, 0xA903, 0xA903, 0xA903, 0xA903, 0xA903, 0x0000, 0x0000, 0x0000, 0x0000, 0x0000,
    0x0000, 0xA0E3, 0xA0E3, 0xA0E3, 0xA0E3, 0xA0E3, 0xEB45, 0x0000, 0x0000, 0xA903, 0x0000, 0x0000, 0x0001, 0x0001, 0x0001, 0x0001,
    0x0001, 0x0001, 0x0001, 0x0000, 0x0000, 0x78C7, 0x0000, 0x0000, 0x0000, 0xA0E3, 0xA0E3, 0xA0E3, 0xEB04, 0xEB04, 0x7884, 0x0000,
    0x0000, 0x0001, 0x0000, 0x0000, 0x0000, 0x0000, 0x0000, 0x0000, 0x0000, 0x0000, 0x0000, 0x0000, 0x0000, 0x0000, 0x0001, 0x0001,
    0x0000, 0x78A5, 0x78A5, 0xEB04, 0xA903, 0xA903, 0xA0E3, 0x0000, 0x0000, 0x0000, 0x78C7, 0x78C7, 0x0000, 0x0001, 0x0001, 0x0001,
    0x0001, 0x0001, 0x0001, 0x0000, 0x0000, 0x78C7, 0x0000, 0x0000, 0x0000, 0xA0E3, 0xA0E3, 0xA0E3, 0xEB04, 0xEB04, 0x7884, 0x0000,
    0x0000, 0x0001, 0x0000, 0x0000, 0x0000, 0x0000, 0x0000, 0x0000, 0x0000, 0x0000, 0x0000, 0x0000, 0x0000, 0x0000, 0x0001, 0x0001,
    0x0000, 0x78A5, 0x78A5, 0xEB04, 0xA903, 0xA903, 0xA0E3, 0x0000, 0x0000, 0x0000, 0x78C7, 0x78C7, 0x0000, 0x0001, 0x0001, 0x0001,
    0x0001, 0x0001, 0x0001, 0x0000, 0x0000, 0xA103, 0x0000, 0x0000, 0xA0E3, 0xEB45, 0xEB45, 0xA0E3, 0xEB24, 0xEB24, 0xF344, 0xA643,
    0xA643, 0x5F1D, 0x78C7, 0x78C7, 0xFFE0, 0x0000, 0x0000, 0xFFE0, 0x0000, 0x0000, 0x0000, 0x0000, 0x0000, 0xFFC0, 0x8F7A, 0x8F7A,
    0xA0E3, 0xC305, 0xC305, 0xEB04, 0xF344, 0xF344, 0xA903, 0xA5A3, 0xA5A3, 0x5F1D, 0xA103, 0xA103, 0x0000, 0x0001, 0x0001, 0x0001,
    0x0001, 0x0001, 0x0001, 0x0000, 0x0000, 0xA903, 0x0000, 0x0000, 0xC964, 0xEB45, 0xEB45, 0xA0E3, 0xEB04, 0xEB04, 0xA0E3, 0xF084,
    0xF084, 0x0000, 0x0000, 0x0000, 0xFFE0, 0x285D, 0x285D, 0x285D, 0x307D, 0x307D, 0x305D, 0x0000, 0x0000, 0x8F59, 0x307D, 0x307D,
    0xF344, 0x80C3, 0x80C3, 0xEB25, 0xF344, 0xF344, 0xA903, 0xCE24, 0xCE24, 0x5F1D, 0xA103, 0xA103, 0x0000, 0x0001, 0x0001, 0x0001,
    0x0001, 0x0001, 0x0001, 0x0000, 0x0000, 0xA903, 0x0000, 0x0000, 0xC964, 0xEB45, 0xEB45, 0xA0E3, 0xEB04, 0xEB04, 0xA0E3, 0xF084,
    0xF084, 0x0000, 0x0000, 0x0000, 0xFFE0, 0x285D, 0x285D, 0x285D, 0x307D, 0x307D, 0x305D, 0x0000, 0x0000, 0x8F59, 0x307D, 0x307D,
    0xF344, 0x80C3, 0x80C3, 0xEB25, 0xF344, 0xF344, 0xA903, 0xCE24, 0xCE24, 0x5F1D, 0xA103, 0xA103, 0x0000, 0x0001, 0x0001, 0x0001,
    0x0001, 0x0001, 0x0001, 0x0000, 0x0000, 0x0000, 0xA0E3, 0xA0E3, 0xD164, 0xEAE4, 0xEAE4, 0xA943, 0xEB04, 0xEB04, 0xA903, 0xF085,
    0xF085, 0x2881, 0x0700, 0x0700, 0x0001, 0x285D, 0x285D, 0x285D, 0x307D, 0x307D, 0x305D, 0x0001, 0x0001, 0x8F5A, 0x58FE, 0x58FE,
    0xF344, 0x4866, 0x4866, 0x3323, 0xEB44, 0xEB44, 0xA903, 0xCE24, 0xCE24, 0xF800, 0x0000, 0x0000, 0x0000, 0x0001, 0x0001, 0x0001,
    0x0001, 0x0001, 0x0001, 0x0000, 0x0000, 0x0000, 0xA103, 0xA103, 0xD184, 0xD164, 0xD164, 0xA943, 0xFFC0, 0xFFC0, 0x78C6, 0xD6C4,
    0xD6C4, 0x2881, 0xA003, 0xA003, 0x8739, 0x285D, 0x285D, 0x0001, 0x0001, 0x0001, 0x0001, 0x001D, 0x001D, 0x283D, 0x58FE, 0x58FE,
    0xD184, 0x5087, 0x5087, 0x47DE, 0xEB45, 0xEB45, 0xA104, 0xD644, 0xD644, 0xF800, 0x0000, 0x0000, 0x0000, 0x0001, 0x0001, 0x0001,
    0x0001, 0x0001, 0x0001, 0x0000, 0x0000, 0x0000, 0xA103, 0xA103, 0xD184, 0xD164, 0xD164, 0xA943, 0xFFC0, 0xFFC0, 0x78C6, 0xD6C4,
    0xD6C4, 0x2881, 0xA003, 0xA003, 0x8739, 0x285D, 0x285D, 0x0001, 0x0001, 0x0001, 0x0001, 0x001D, 0x001D, 0x283D, 0x58FE, 0x58FE,
    0xD184, 0x5087, 0x5087, 0x47DE, 0xEB45, 0xEB45, 0xA104, 0xD644, 0xD644, 0xF800, 0x0000, 0x0000, 0x0000, 0x0001, 0x0001, 0x0001,
    0x0001, 0x0001, 0x0001, 0x0001, 0x0001, 0x0000, 0xA103, 0xA103, 0xC984, 0xD164, 0xD164, 0x8F83, 0x6866, 0x6866, 0x0000, 0xA643,
    0xA643, 0x2881, 0xA003, 0xA003, 0x8739, 0x285D, 0x285D, 0x0001, 0x0001, 0x0001, 0x0001, 0x001D, 0x001D, 0x285D, 0x58FE, 0x58FE,
    0xA103, 0xDFC0, 0xDFC0, 0xB884, 0xC984, 0xC984, 0x8F43, 0xA5A3, 0xA5A3, 0xF800, 0x0000, 0x0000, 0x0001, 0x0001, 0x0001, 0x0001,
    0x0001, 0x0001, 0x0001, 0x0001, 0x0001, 0x0001, 0x0000, 0x0000, 0xB124, 0xC964, 0xC964, 0x8F63, 0x7886, 0x7886, 0x0000, 0x0540,
    0x0540, 0x0000, 0xA003, 0xA003, 0x8739, 0x285D, 0x285D, 0x0001, 0x0001, 0x0001, 0x0001, 0x001D, 0x001D, 0x283D, 0x307D, 0x307D,
    0x0000, 0xDFC0, 0xDFC0, 0xB864, 0xC984, 0xC984, 0x7703, 0xA5A3, 0xA5A3, 0x5F1D, 0x0001, 0x0001, 0x0001, 0x0001, 0x0001, 0x0001,
    0x0001, 0x0001, 0x0001, 0x0001, 0x0001, 0x0001, 0x0000, 0x0000, 0xB124, 0xC964, 0xC964, 0x8F63, 0x7886, 0x7886, 0x0000, 0x0540,
    0x0540, 0x0000, 0xA003, 0xA003, 0x8739, 0x285D, 0x285D, 0x0001, 0x0001, 0x0001, 0x0001, 0x001D, 0x001D, 0x283D, 0x307D, 0x307D,
    0x0000, 0xDFC0, 0xDFC0, 0xB864, 0xC984, 0xC984, 0x7703, 0xA5A3, 0xA5A3, 0x5F1D, 0x0001, 0x0001, 0x0001, 0x0001, 0x0001, 0x0001,
    0x0001, 0x0001, 0x0001, 0x0001, 0x0001, 0x0001, 0x0001, 0x0001, 0x0000, 0xA0E3, 0xA0E3, 0xA103, 0xA903, 0xA903, 0x98E3, 0x0000,
    0x0000, 0x0000, 0x0000, 0x0000, 0x0001, 0x0001, 0x0001, 0x0001, 0x0001, 0x0001, 0x0001, 0x0001, 0x0001, 0x0000, 0x0000, 0x0000,
    0x0001, 0x78C7, 0x78C7, 0xA0E3, 0xA103, 0xA103, 0xA903, 0x0000, 0x0000, 0x0001, 0x0001, 0x0001, 0x0001, 0x0001, 0x0001, 0x0001,
    0x0001, 0x0001, 0x0001, 0x0001, 0x0001, 0x0001, 0x0001, 0x0001, 0x0001, 0x0000, 0x0000, 0x0000, 0x0000, 0x0000, 0x0000, 0x0001,
    0x0001, 0x0001, 0x0001, 0x0001, 0x0001, 0x0001, 0x0001, 0x0001, 0x0001, 0x0001, 0x0001, 0x0001, 0x0001, 0x0001, 0x0001, 0x0001,
    0x0001, 0x0000, 0x0000, 0x0000, 0x0000, 0x0000, 0x0000, 0x0001, 0x0001, 0x0001, 0x0001, 0x0001, 0x0001, 0x0001, 0x0001, 0x0001,
    0x0001, 0x0001, 0x0001, 0x0001, 0x0001, 0x0001, 0x0001, 0x0001, 0x0001, 0x0000, 0x0000, 0x0000, 0x0000, 0x0000, 0x0000, 0x0001,
    0x0001, 0x0001, 0x0001, 0x0001, 0x0001, 0x0001, 0x0001, 0x0001, 0x0001, 0x0001, 0x0001, 0x0001, 0x0001, 0x0001, 0x0001, 0x0001,
    0x0001, 0x0000, 0x0000, 0x0000, 0x0000, 0x0000, 0x0000, 0x0001, 0x0001, 0x0001, 0x0001, 0x0001, 0x0001, 0x0001, 0x0001, 0x0001,
    0x0001, 0x0001, 0x0001, 0x0001, 0x0001, 0x0001, 0x0001, 0x0001, 0x0001, 0x0001, 0x0001, 0x0001, 0x0001, 0x0001, 0x0001, 0x0001,
    0x0001, 0x0001, 0x0001, 0x0001, 0x0001, 0x0001, 0x0001, 0x0001, 0x0001, 0x0001, 0x0001, 0x0001, 0x0001, 0x0001, 0x0001, 0x0001,
    0x0001, 0x0001, 0x0001, 0x0001, 0x0001, 0x0001, 0x0001, 0x0001, 0x0001, 0x0001, 0x0001, 0x0001, 0x0001, 0x0001, 0x0001, 0x0001,
    0x0001, 0x0001, 0x0001, 0x0001, 0x0001, 0x0001, 0x0001, 0x0001, 0x0001, 0x0001, 0x0001, 0x0001, 0x0001, 0x0001, 0x0001, 0x0001,
    0x0001, 0x0001, 0x0001, 0x0001, 0x0001, 0x0001, 0x0001, 0x0001, 0x0001, 0x0001, 0x0001, 0x0001, 0x0001, 0x0001, 0x0001, 0x0001,
    0x0001, 0x0001, 0x0001, 0x0001, 0x0001, 0x0001, 0x0001, 0x0001, 0x0001, 0x0001, 0x0001, 0x0001, 0x0001, 0x0001, 0x0001, 0x0001,
    0x0001, 0x0001, 0x0001, 0x0001, 0x0001, 0x0001, 0x0001, 0x0001, 0x0001, 0x0001, 0x0001, 0x0001, 0x0001, 0x0001, 0x0001, 0x0001,
    0x0001, 0x0001, 0x0001, 0x0001, 0x0001, 0x0001, 0x0001, 0x0001, 0x0001, 0x0001, 0x0001, 0x0001, 0x0001, 0x0001, 0x0001, 0x0001,
    0x0001, 0x0001, 0x0001, 0x0001, 0x0001, 0x0001, 0x0001, 0x0001, 0x0001, 0x0001, 0x0001, 0x0001, 0x0001, 0x0001, 0x0001, 0x0001,
    0x0001, 0x0001, 0x0001, 0x0001, 0x0001, 0x0001, 0x0001, 0x0001, 0x0001, 0x0001, 0x0001, 0x0001, 0x0001, 0x0001, 0x0001, 0x0001,
    0x0001, 0x0001, 0x0001, 0x0001, 0x0001, 0x0001, 0x0001, 0x0001, 0x0001, 0x0001, 0x0001, 0x0001, 0x0001, 0x0001, 0x0001, 0x0001,
    0x0001, 0x0001, 0x0001, 0x0001, 0x0001, 0x0001, 0x0001, 0x0001, 0x0001, 0x0001, 0x0001, 0x0001, 0x0001, 0x0001, 0x0001, 0x0001
  },
  {
    0x0001, 0x0001, 0x0001, 0x0001, 0x0001, 0x0001, 0x0001, 0x0001, 0x0001, 0x0001, 0x0001, 0x0001, 0x0001, 0x0001, 0x0001, 0x0001,
    0x0001, 0x0001, 0x0001, 0x0001, 0x0001, 0x0001, 0x0001, 0x0001, 0x0001, 0x0001, 0x0001, 0x0001, 0x0001, 0x0001, 0x0001, 0x0001,
    0x0001, 0x0001, 0x0001, 0x0001, 0x0001, 0x0001, 0x0001, 0x0001, 0x0001, 0x0001, 0x0001, 0x0001, 0x0001, 0x0001, 0x0001, 0x0001,
    0x0001, 0x0001, 0x0001, 0x0001, 0x0001, 0x0001, 0x0001, 0x0001, 0x0001, 0x0001, 0x0001, 0x0001, 0x0001, 0x0001, 0x0001, 0x0001,
    0x0001, 0x0001, 0x0001, 0x0001, 0x0001, 0x0001, 0x0001, 0x0001, 0x0001, 0x0001, 0x0001, 0x0001, 0x0001, 0x0001, 0x0001, 0x0001,
    0x0001, 0x0001, 0x0001, 0x0001, 0x0001, 0x0001, 0x0001, 0x0001, 0x0001, 0x0001, 0x0001, 0x0001, 0x0001, 0x0001, 0x0001, 0x0001,
    0x0001, 0x0001, 0x0001, 0x0001, 0x0001, 0x0001, 0x0001, 0x0001, 0x0001, 0x0001, 0x0001, 0x0001, 0x0001, 0x0001, 0x0001, 0x0001,
    0x0001, 0x0001, 0x0001, 0x0001, 0x0001, 0x0001, 0x0001, 0x0001, 0x0001, 0x0001, 0x0001, 0x0001, 0x0001, 0x0001, 0x0001, 0x0001,
    0x0001, 0x0001, 0x0001, 0x0001, 0x0001, 0x0001, 0x0001, 0x0001, 0x0001, 0x0001, 0x0001, 0x0001, 0x0001, 0x0001, 0x0001, 0x0001,
    0x0001, 0x0001, 0x0001, 0x0001, 0x0001, 0x0001, 0x0001, 0x0001, 0x0001, 0x0001, 0x0001, 0x0001, 0x0001, 0x0001, 0x0001, 0x0000,
    0x0000, 0x0000, 0x0001, 0x0001, 0x0001, 0x0001, 0x0001, 0x0001, 0x0001, 0x0001, 0x0001, 0x0001, 0x0001, 0x0001, 0x0000, 0x0000,
    0x0000, 0x0001, 0x0001, 0x0001, 0x0001, 0x0001, 0x0001, 0x0001, 0x0001, 0x0001, 0x0001, 0x0001, 0x0001, 0x0001, 0x0001, 0x0001,
    0x0001, 0x0001, 0x0001, 0x0001, 0x0001, 0x0001, 0x0001, 0x0001, 0x0001, 0x0001, 0x0001, 0x0001, 0x0001, 0x0001, 0x0001, 0x0000,
    0x0000, 0x0000, 0x0001, 0x0001, 0x0001, 0x0001, 0x0001, 0x0001, 0x0001, 0x0001, 0x0001, 0x0001, 0x0001, 0x0001, 0x0000, 0x0000,
    0x0000, 0x0001, 0x0001, 0x0001, 0x0001, 0x0001, 0x0001, 0x0001, 0x0001, 0x0001, 0x0001, 0x0001, 0x0001, 0x0001, 0x0001, 0x0001,
    0x0001, 0x0001, 0x0001, 0x0001, 0x0001, 0x0001, 0x0001, 0x0001, 0x0001, 0x0001, 0x0001, 0x0001, 0x0001, 0x0001, 0x0000, 0xAE9F,
    0xAE9F, 0xAE9F, 0x0000, 0x0000, 0x0001, 0x0001, 0x0001, 0x0001, 0x0001, 0x0001, 0x0001, 0x0001, 0x0001, 0x0000, 0xAE9F, 0xAE9F,
    0xAE9F, 0x0000, 0x0000, 0x0001, 0x0001, 0x0001, 0x0001, 0x0001, 0x0001, 0x0001, 0x0001, 0x0001, 0x0001, 0x0001, 0x0001, 0x0001,
    0x0001, 0x0001, 0x0001, 0x0001, 0x0001, 0x0001, 0x0001, 0x0001, 0x0001, 0x0001, 0x0001, 0x0001, 0x0001, 0x0001, 0x0000, 0x496A,
    0x496A, 0x5C7A, 0x0000, 0x0000, 0x0000, 0x0000, 0x0000, 0x0000, 0x0000, 0x0000, 0x0861, 0x31A7, 0x31A7, 0x0000, 0x6379, 0x6379,
    0x496A, 0x0000, 0x0000, 0x0001, 0x0001, 0x0001, 0x0001, 0x0001, 0x0001, 0x0001, 0x0001, 0x0001, 0x0001, 0x0001, 0x0001, 0x0001,
    0x0001, 0x0001, 0x0001, 0x0001, 0x0001, 0x0001, 0x0001, 0x0001, 0x0001, 0x0001, 0x0001, 0x0001, 0x0001, 0x0001, 0x0000, 0x496A,
    0x496A, 0x5C7A, 0x0000, 0x0000, 0x0000, 0x0000, 0x0000, 0x0000, 0x0000, 0x0000, 0x0861, 0x31A7, 0x31A7, 0x0000, 0x6379, 0x6379,
    0x496A, 0x0000, 0x0000, 0x0001, 0x0001, 0x0001, 0x0001, 0x0001, 0x0001, 0x0001, 0x0001, 0x0001, 0x0001, 0x0001, 0x0001, 0x0001,
    0x0001, 0x0001, 0x0001, 0x0001, 0x0001, 0x0001, 0x0001, 0x0001, 0x0001, 0x0001, 0x0001, 0x0001, 0x0001, 0x0001, 0x0001, 0x0001,
    0x0001, 0x0000, 0x6379, 0x6379, 0x0000, 0x0000, 0x0000, 0x0000, 0x0000, 0x0000, 0x0000, 0x0000, 0x0000, 0x6379, 0x0000, 0x0000,
    0x0001, 0x0001, 0x0001, 0x0001, 0x0001, 0x0001, 0x0001, 0x0001, 0x0001, 0x0001, 0x0001, 0x0001, 0x0001, 0x0001, 0x0001, 0x0001,
    0x0001, 0x0001, 0x0001, 0x0001, 0x0001, 0x0001, 0x0001, 0x0001, 0x0001, 0x0001, 0x0001, 0x0001, 0x0001, 0x0001, 0x0001, 0x0000,
    0x0000, 0x6042, 0x0000, 0x0000, 0xF365, 0xFC6B, 0xFC6B, 0xFD0E, 0xFD0E, 0xFD0E, 0xFC6B, 0xF345, 0xF345, 0x0000, 0xD184, 0xD184,
    0x0000, 0x0001, 0x0001, 0x0001, 0x0001, 0x0001, 0x0001, 0x0001, 0x0001, 0x0001, 0x0001, 0x0001, 0x0001, 0x0001, 0x0001, 0x0001,
    0x0001, 0x0001, 0x0001, 0x0001, 0x0001, 0x0001, 0x0001, 0x0001, 0x0001, 0x0001, 0x0001, 0x0001, 0x0001, 0x0001, 0x0001, 0x0000,
    0x0000, 0x6042, 0x0000, 0x0000, 0xF365, 0xFC6B, 0xFC6B, 0xFD0E, 0xFD0E, 0xFD0E, 0xFC6B, 0xF345, 0xF345, 0x0000, 0xD184, 0xD184,
    0x0000, 0x0001, 0x0001, 0x0001, 0x0001, 0x0001, 0x0001, 0x0001, 0x0001, 0x0001, 0x0001, 0x0001, 0x0001, 0x0001, 0x0001, 0x0001,
    0x0001, 0x0001, 0x0001, 0x0001, 0x0001, 0x0001, 0x0001, 0x0001, 0x0001, 0x0001, 0x0001, 0x0001, 0x0001, 0x0001, 0x0000, 0xA903,
    0xA903, 0xD184, 0xEB45, 0xEB45, 0xEB45, 0xFC6B, 0xFC6B, 0xFD0E, 0xFD0E, 0xFD0E, 0xFC4B, 0xEB45, 0xEB45, 0xF345, 0xD184, 0xD184,
    0xA0E3, 0x0000, 0x0000, 0x0001, 0x0001, 0x0001, 0x0001, 0x0001, 0x0001, 0x0001, 0x0001, 0x0001, 0x0001, 0x0001, 0x0001, 0x0001,
    0x0001, 0x0001, 0x0001, 0x0001, 0x0001, 0x0001, 0x0001, 0x0001, 0x0001, 0x0001, 0x0001, 0x0001, 0x2105, 0x2105, 0x1F1D, 0xF345,
    0xF345, 0xB7C4, 0xD345, 0xD345, 0xEB45, 0xEB65, 0xEB65, 0xFB65, 0xFD0E, 0xFD0E, 0x044B, 0xEB65, 0xEB65, 0xF365, 0xD184, 0xD184,
    0xF345, 0x25A1, 0x25A1, 0xE060, 0x0001, 0x0001, 0x0001, 0x0001, 0x0001, 0x0001, 0x0001, 0x0001, 0x0001, 0x0001, 0x0001, 0x0001,
    0x0001, 0x0001, 0x0001, 0x0001, 0x0001, 0x0001, 0x0001, 0x0001, 0x0001, 0x0001, 0x0001, 0x0001, 0x2105, 0x2105, 0x1F1D, 0xF345,
    0xF345, 0xB7C4, 0xD345, 0xD345, 0xEB45, 0xEB65, 0xEB65, 0xFB65, 0xFD0E, 0xFD0E, 0x044B, 0xEB65, 0xEB65, 0xF365, 0xD184, 0xD184,
    0xF345, 0x25A1, 0x25A1, 0xE060, 0x0001, 0x0001, 0x0001, 0x0001, 0x0001, 0x0001, 0x0001, 0x0001, 0x0001, 0x0001, 0x0001, 0x0001,
    0x0001, 0x0001, 0x0001, 0x0001, 0x0001, 0x0001, 0x0001, 0x0001, 0x0001, 0x0001, 0x0001, 0x0001, 0x0000, 0x0000, 0x87FF, 0xEB45,
    0xEB45, 0x8F23, 0x8903, 0x8903, 0xF365, 0xF344, 0xF344, 0xFB44, 0xFCEE, 0xFCEE, 0x044A, 0xEB45, 0xEB45, 0xA103, 0xA0E3, 0xA0E3,
    0xEB45, 0xAE83, 0xAE83, 0xDFFF, 0x0001, 0x0001, 0x0001, 0x0001, 0x0001, 0x0001, 0x0001, 0x0001, 0x0001, 0x0001, 0x0001, 0x0001,
    0x0001, 0x0001, 0x0001, 0x0001, 0x0001, 0x0001, 0x0001, 0x0001, 0x0001, 0x0001, 0x0001, 0x0001, 0x0000, 0x0000, 0xA840, 0xEB45,
    0xEB45, 0x8F23, 0x58C6, 0x58C6, 0xF0E2, 0xEB45, 0xEB45, 0x4D86, 0x04EE, 0x04EE, 0xB1E9, 0xF324, 0xF324, 0x70E7, 0xD920, 0xD920,
    0xEB43, 0xCEE4, 0xCEE4, 0xDFFF, 0x0001, 0x0001, 0x0001, 0x0001, 0x0001, 0x0001, 0x0001, 0x0001, 0x0001, 0x0001, 0x0001, 0x0001,
    0x0001, 0x0001, 0x0001, 0x0001, 0x0001, 0x0001, 0x0001, 0x0001, 0x0001, 0x0001, 0x0001, 0x0001, 0x0000, 0x0000, 0xA840, 0xEB45,
    0xEB45, 0x8F23, 0x58C6, 0x58C6, 0xF0E2, 0xEB45, 0xEB45, 0x4D86, 0x04EE, 0x04EE, 0xB1E9, 0xF324, 0xF324, 0x70E7, 0xD920, 0xD920,
    0xEB43, 0xCEE4, 0xCEE4, 0xDFFF, 0x0001, 0x0001, 0x0001, 0x0001, 0x0001, 0x0001, 0x0001, 0x0001, 0x0001, 0x0001, 0x0001, 0x0001,
    0x0001, 0x0001, 0x0001, 0x0001, 0x0001, 0x0001, 0x0001, 0x0001, 0x0001, 0x0001, 0x0001, 0x0000, 0x4022, 0x4022, 0xC964, 0xC964,
    0xC964, 0xDA27, 0x371B, 0x371B, 0x0000, 0x3698, 0x3698, 0xD164, 0xD184, 0xD184, 0x3698, 0x0000, 0x0000, 0x371B, 0xA903, 0xA903,
    0xC984, 0xD184, 0xD184, 0xA903, 0x0000, 0x0000, 0x0001, 0x0001, 0x0001, 0x0001, 0x0001, 0x0001, 0x0001, 0x0001, 0x0001, 0x0001,
    0x0001, 0x0001, 0x0001, 0x0001, 0x0001, 0x0001, 0x0001, 0x0001, 0x0001, 0x0001, 0x0001, 0x0000, 0xA8E3, 0xA8E3, 0xE226, 0xD184,
    0xD184, 0xDA27, 0xFFBD, 0xFFBD, 0x2E98, 0x5E58, 0x5E58, 0xEB45, 0xEB45, 0xEB45, 0x5637, 0x2E98, 0x2E98, 0xFFBD, 0xDA27, 0xDA27,
    0xD184, 0xE226, 0xE226, 0xA903, 0x0000, 0x0000, 0x0001, 0x0001, 0x0001, 0x0001, 0x0001, 0x0001, 0x0001, 0x0001, 0x0001, 0x0001,
    0x0001, 0x0001, 0x0001, 0x0001, 0x0001, 0x0001, 0x0001, 0x0001, 0x0001, 0x0001, 0x0001, 0x0000, 0xA8E3, 0xA8E3, 0xE226, 0xD184,
    0xD184, 0xDA27, 0xFFBD, 0xFFBD, 0x2E98, 0x5E58, 0x5E58, 0xEB45, 0xEB45, 0xEB45, 0x5637, 0x2E98, 0x2E98, 0xFFBD, 0xDA27, 0xDA27,
    0xD184, 0xE226, 0xE226, 0xA903, 0x0000, 0x0000, 0x0001, 0x0001, 0x0001, 0x0001, 0x0001, 0x0001, 0x0001, 0x0001, 0x0001, 0x0001,
    0x0001, 0x0001, 0x0001, 0x0001, 0x0001, 0x0001, 0x0001, 0x0001, 0x0001, 0x0001, 0x0001, 0x0000, 0xA8E3, 0xA8E3, 0xD164, 0xEAA8,
    0xEAA8, 0xC984, 0xD164, 0xD164, 0xEB45, 0xEB45, 0xEB45, 0xEB45, 0xEB45, 0xEB45, 0xEB45, 0xF345, 0xF345, 0xC984, 0xC964, 0xC964,
    0xEAA8, 0xD184, 0xD184, 0xA903, 0x0000, 0x0000, 0x0001, 0x0001, 0x0001, 0x0001, 0x0001, 0x0001, 0x0001, 0x0001, 0x0001, 0x0001,
    0x0001, 0x0001, 0x0001, 0x0001, 0x0001, 0x0001, 0x0001, 0x0001, 0x0001, 0x0000, 0x0000, 0x0000, 0xA8E3, 0xA8E3, 0xD164, 0xD164,
    0xD164, 0xE226, 0xC984, 0xC984, 0xF345, 0xEB45, 0xEB45, 0xEB45, 0xEB45, 0xEB45, 0xEB45, 0xF345, 0xF345, 0xD184, 0xE226, 0xE226,
    0xD164, 0xD184, 0xD184, 0xA8E3, 0x0000, 0x0000, 0x0000, 0x0001, 0x0001, 0x0001, 0x0001, 0x0001, 0x0001, 0x0001, 0x0001, 0x0001,
    0x0001, 0x0001, 0x0001, 0x0001, 0x0001, 0x0001, 0x0001, 0x0001, 0x0001, 0x0000, 0x0000, 0x0000, 0xA8E3, 0xA8E3, 0xD164, 0xD164,
    0xD164, 0xE226, 0xC984, 0xC984, 0xF345, 0xEB45, 0xEB45, 0xEB45, 0xEB45, 0xEB45, 0xEB45, 0xF345, 0xF345, 0xD184, 0xE226, 0xE226,
    0xD164, 0xD184, 0xD184, 0xA8E3, 0x0000, 0x0000, 0x0000, 0x0001, 0x0001, 0x0001, 0x0001, 0x0001, 0x0001, 0x0001, 0x0001, 0x0001,
    0x0001, 0x0001, 0x0001, 0x0001, 0x0001, 0x0001, 0x0000, 0x0000, 0xA0E3, 0xF345, 0xF345, 0x0000, 0x0000, 0x0000, 0xA0E3, 0xD184,
    0xD184, 0xD184, 0xDA27, 0xDA27, 0x0000, 0xEB44, 0xEB44, 0xEB45, 0xEB45, 0xEB45, 0xEB45, 0x0000, 0x0000, 0xDA27, 0xD184, 0xD184,
    0xD164, 0xA8E3, 0xA8E3, 0xA0E3, 0x0000, 0x0000, 0xF345, 0xA0E3, 0xA0E3, 0x0000, 0x0001, 0x0001, 0x0001, 0x0001, 0x0001, 0x0001,
    0x0001, 0x0001, 0x0001, 0x0001, 0x0001, 0x0001, 0x0000, 0x0000, 0x7086, 0xDA21, 0xDA21, 0x0000, 0x0000, 0x0000, 0x0000, 0x50E6,
    0x50E6, 0xD184, 0x0A44, 0x0A44, 0xD164, 0x0000, 0x0000, 0xEB44, 0xEB45, 0xEB45, 0xEB45, 0xD184, 0xD184, 0xD184, 0xA8E3, 0xA8E3,
    0xC964, 0x0000, 0x0000, 0xA0E3, 0x0000, 0x0000, 0xE284, 0x7884, 0x7884, 0x0000, 0x0001, 0x0001, 0x0001, 0x0001, 0x0001, 0x0001,
    0x0001, 0x0001, 0x0001, 0x0001, 0x0001, 0x0001, 0x0000, 0x0000, 0x7086, 0xDA21, 0xDA21, 0x0000, 0x0000, 0x0000, 0x0000, 0x50E6,
    0x50E6, 0xD184, 0x0A44, 0x0A44, 0xD164, 0x0000, 0x0000, 0xEB44, 0xEB45, 0xEB45, 0xEB45, 0xD184, 0xD184, 0xD184, 0xA8E3, 0xA8E3,
    0xC964, 0x0000, 0x0000, 0xA0E3, 0x0000, 0x0000, 0xE284, 0x7884, 0x7884, 0x0000, 0x0001, 0x0001, 0x0001, 0x0001, 0x0001, 0x0001,
    0x0001, 0x0001, 0x0001, 0x0001, 0x0001, 0x0001, 0x0000, 0x0000, 0x78A6, 0x001E, 0x001E, 0xA8E4, 0xFFE0, 0xFFE0, 0x5F3D, 0xA003,
    0xA003, 0xD0E4, 0xB188, 0xB188, 0xD165, 0xA903, 0xA903, 0xEB44, 0xEB45, 0xEB45, 0xEB45, 0xA903, 0xA903, 0xD184, 0x0000, 0x0000,
    0xA8E3, 0x0000, 0x0000, 0x49E6, 0xF8C3, 0xF8C3, 0x0000, 0x0149, 0x0149, 0x0084, 0x0001, 0x0001, 0x0001, 0x0001, 0x0001, 0x0001,
    0x0001, 0x0001, 0x0001, 0x0001, 0x0001, 0x0000, 0xA103, 0xA103, 0x0000, 0x0000, 0x0000, 0xEB45, 0xEB45, 0xEB45, 0xA8E3, 0xA0E3,
    0xA0E3, 0x0000, 0x0000, 0x0000, 0x0000, 0x0000, 0x0000, 0x0000, 0x0000, 0x0000, 0x0000, 0x0000, 0x0000, 0x0000, 0x0000, 0x0000,
    0xA8E3, 0xA103, 0xA103, 0xEB45, 0xF345, 0xF345, 0x0000, 0x0000, 0x0000, 0x98E3, 0x0000, 0x0000, 0x0001, 0x0001, 0x0001, 0x0001,
    0x0001, 0x0001, 0x0001, 0x0001, 0x0001, 0x0000, 0xA103, 0xA103, 0x0000, 0x0000, 0x0000, 0xEB45, 0xEB45, 0xEB45, 0xA8E3, 0xA0E3,
    0xA0E3, 0x0000, 0x0000, 0x0000, 0x0000, 0x0000, 0x0000, 0x0000, 0x0000, 0x0000, 0x0000, 0x0000, 0x0000, 0x0000, 0x0000, 0x0000,
    0xA8E3, 0xA103, 0xA103, 0xEB45, 0xF345, 0xF345, 0x0000, 0x0000, 0x0000, 0x98E3, 0x0000, 0x0000, 0x0001, 0x0001, 0x0001, 0x0001,
    0x0001, 0x0001, 0x0001, 0x0000, 0x0000, 0x80C6, 0x0000, 0x0000, 0x0000, 0xA0E3, 0xA0E3, 0xA903, 0xA903, 0xA903, 0xA0E3, 0x0000,
    0x0000, 0x0000, 0x0000, 0x0000, 0x0000, 0x0000, 0x0000, 0x0000, 0x0000, 0x0000, 0x0000, 0x0000, 0x0000, 0x0000, 0x0000, 0x0000,
    0x0000, 0xA0E3, 0xA0E3, 0xA0E3, 0xA8E3, 0xA8E3, 0xA0E3, 0x0000, 0x0000, 0x0000, 0x80C6, 0x80C6, 0x0000, 0x0001, 0x0001, 0x0001,
    0x0001, 0x0001, 0x0001, 0x0000, 0x0000, 0xA904, 0x0000, 0x0000, 0xA0E3, 0xF345, 0xF345, 0xA103, 0xA903, 0xA903, 0xA0E3, 0xADC3,
    0xADC3, 0x56FD, 0x0000, 0x0000, 0x0000, 0xA903, 0xA903, 0xFFE0, 0x0000, 0x0000, 0x0000, 0x571D, 0x571D, 0x7086, 0x8F7A, 0x8F7A,
    0xB124, 0xDB04, 0xDB04, 0xA104, 0xA8E3, 0xA8E3, 0xA8C3, 0xADA0, 0xADA0, 0x571D, 0xA903, 0xA903, 0x0000, 0x0001, 0x0001, 0x0001,
    0x0001, 0x0001, 0x0001, 0x0000, 0x0000, 0xA904, 0x0000, 0x0000, 0xA0E3, 0xF345, 0xF345, 0xA103, 0xA903, 0xA903, 0xA0E3, 0xADC3,
    0xADC3, 0x56FD, 0x0000, 0x0000, 0x0000, 0xA903, 0xA903, 0xFFE0, 0x0000, 0x0000, 0x0000, 0x571D, 0x571D, 0x7086, 0x8F7A, 0x8F7A,
    0xB124, 0xDB04, 0xDB04, 0xA104, 0xA8E3, 0xA8E3, 0xA8C3, 0xADA0, 0xADA0, 0x571D, 0xA903, 0xA903, 0x0000, 0x0001, 0x0001, 0x0001,
    0x0001, 0x0001, 0x0001, 0x0000, 0x0000, 0x0000, 0x0000, 0x0000, 0xC964, 0xEB45, 0xEB45, 0xA903, 0x76C2, 0x76C2, 0xA903, 0xE804,
    0xE804, 0x5360, 0x5F1D, 0x5F1D, 0x0000, 0x0000, 0x0000, 0xAFE0, 0x0000, 0x0000, 0x0000, 0x571D, 0x571D, 0x0000, 0x207D, 0x207D,
    0xC345, 0x90A2, 0x90A2, 0xB124, 0xE324, 0xE324, 0xA903, 0xCE21, 0xCE21, 0x571D, 0xA103, 0xA103, 0x0000, 0x0001, 0x0001, 0x0001,
    0x0001, 0x0001, 0x0001, 0x0001, 0x0001, 0x07E0, 0xA8E3, 0xA8E3, 0xD164, 0xEB45, 0xEB45, 0xA903, 0xBDBE, 0xBDBE, 0xA903, 0xB828,
    0xB828, 0x7C05, 0xDEE3, 0xDEE3, 0xDF5A, 0x0000, 0x0000, 0x18A6, 0x0000, 0x0000, 0x0000, 0xEE57, 0xEE57, 0x5000, 0x40FE, 0x40FE,
    0x9964, 0xEFBF, 0xEFBF, 0xB124, 0xCD49, 0xCD49, 0xAB24, 0xD644, 0xD644, 0x571D, 0x0000, 0x0000, 0x0001, 0x0001, 0x0001, 0x0001,
    0x0001, 0x0001, 0x0001, 0x0001, 0x0001, 0x07E0, 0xA8E3, 0xA8E3, 0xD164, 0xEB45, 0xEB45, 0xA903, 0xBDBE, 0xBDBE, 0xA903, 0xB828,
    0xB828, 0x7C05, 0xDEE3, 0xDEE3, 0xDF5A, 0x0000, 0x0000, 0x18A6, 0x0000, 0x0000, 0x0000, 0xEE57, 0xEE57, 0x5000, 0x40FE, 0x40FE,
    0x9964, 0xEFBF, 0xEFBF, 0xB124, 0xCD49, 0xCD49, 0xAB24, 0xD644, 0xD644, 0x571D, 0x0000, 0x0000, 0x0001, 0x0001, 0x0001, 0x0001,
    0x0001, 0x0001, 0x0001, 0x0001, 0x0001, 0x07E0, 0xA903, 0xA903, 0xD184, 0xE284, 0xE284, 0xB1E4, 0x6681, 0x6681, 0x0020, 0xA823,
    0xA823, 0x7C06, 0xDEE3, 0xDEE3, 0xDF5A, 0x0000, 0x0000, 0xAFE0, 0x18A0, 0x18A0, 0x0000, 0xEE57, 0xEE57, 0xF0E3, 0x58FE, 0x58FE,
    0x9964, 0xEFBF, 0xEFBF, 0x5A27, 0xB549, 0xB549, 0x9164, 0xAB24, 0xAB24, 0x0740, 0x571D, 0x571D, 0x0001, 0x0001, 0x0001, 0x0001,
    0x0001, 0x0001, 0x0001, 0x0001, 0x0001, 0x07E0, 0x0000, 0x0000, 0xC984, 0xD184, 0xD184, 0x9024, 0x3645, 0x3645, 0x0020, 0xA823,
    0xA823, 0x7C06, 0x0720, 0x0720, 0xDF5A, 0x0001, 0x0001, 0x0001, 0x0001, 0x0001, 0x0001, 0xEE57, 0xEE57, 0xF903, 0x58FE, 0x58FE,
    0x9964, 0xEFBF, 0xEFBF, 0x29CA, 0x9389, 0x9389, 0x8944, 0xA303, 0xA303, 0x565D, 0x571D, 0x571D, 0x0001, 0x0001, 0x0001, 0x0001,
    0x0001, 0x0001, 0x0001, 0x0001, 0x0001, 0x07E0, 0x0000, 0x0000, 0xC984, 0xD184, 0xD184, 0x9024, 0x3645, 0x3645, 0x0020, 0xA823,
    0xA823, 0x7C06, 0x0720, 0x0720, 0xDF5A, 0x0001, 0x0001, 0x0001, 0x0001, 0x0001, 0x0001, 0xEE57, 0xEE57, 0xF903, 0x58FE, 0x58FE,
    0x9964, 0xEFBF, 0xEFBF, 0x29CA, 0x9389, 0x9389, 0x8944, 0xA303, 0xA303, 0x565D, 0x571D, 0x571D, 0x0001, 0x0001, 0x0001, 0x0001,
    0x0001, 0x0001, 0x0001, 0x0001, 0x0001, 0x0000, 0x0000, 0x0000, 0xB124, 0xC964, 0xC964, 0x9004, 0x3625, 0x3625, 0x0020, 0x9803,
    0x9803, 0x7C06, 0xD6E3, 0xD6E3, 0xDF5A, 0x0001, 0x0001, 0x0001, 0x0001, 0x0001, 0x0001, 0xEE57, 0xEE57, 0xC8A6, 0x50FE, 0x50FE,
    0xD000, 0xEFBF, 0xEFBF, 0x29CA, 0x9369, 0x9369, 0x8944, 0x8AC3, 0x8AC3, 0x565D, 0x0001, 0x0001, 0x0001, 0x0001, 0x0001, 0x0001,
    0x0001, 0x0001, 0x0001, 0x0001, 0x0001, 0x0001, 0x0001, 0x0001, 0x0000, 0x0000, 0x0000, 0xA103, 0xA904, 0xA904, 0x70A6, 0xA0E3,
    0xA0E3, 0xA103, 0x0000, 0x0000, 0x0001, 0x0001, 0x0001, 0x0001, 0x0001, 0x0001, 0x0001, 0x0001, 0x0001, 0x0000, 0xA904, 0xA904,
    0x0000, 0x78A6, 0x78A6, 0xA103, 0xA103, 0xA103, 0x0000, 0x0000, 0x0000, 0x0001, 0x0001, 0x0001, 0x0001, 0x0001, 0x0001, 0x0001,
    0x0001, 0x0001, 0x0001, 0x0001, 0x0001, 0x0001, 0x0001, 0x0001, 0x0000, 0x0000, 0x0000, 0xA103, 0xA904, 0xA904, 0x70A6, 0xA0E3,
    0xA0E3, 0xA103, 0x0000, 0x0000, 0x0001, 0x0001, 0x0001, 0x0001, 0x0001, 0x0001, 0x0001, 0x0001, 0x0001, 0x0000, 0xA904, 0xA904,
    0x0000, 0x78A6, 0x78A6, 0xA103, 0xA103, 0xA103, 0x0000, 0x0000, 0x0000, 0x0001, 0x0001, 0x0001, 0x0001, 0x0001, 0x0001, 0x0001,
    0x0001, 0x0001, 0x0001, 0x0001, 0x0001, 0x0001, 0x0001, 0x0001, 0x0001, 0x0001, 0x0001, 0x0000, 0x0000, 0x0000, 0x0000, 0x0000,
    0x0000, 0x0000, 0x0001, 0x0001, 0x0001, 0x0001, 0x0001, 0x0001, 0x0001, 0x0001, 0x0001, 0x0001, 0x0001, 0x0001, 0x0000, 0x0000,
    0x0000, 0x0000, 0x0000, 0x0000, 0x0000, 0x0000, 0x0000, 0x0001, 0x0001, 0x0001, 0x0001, 0x0001, 0x0001, 0x0001, 0x0001, 0x0001,
    0x0001, 0x0001, 0x0001, 0x0001, 0x0001, 0x0001, 0x0001, 0x0001, 0x0001, 0x0001, 0x0001, 0x0001, 0x0001, 0x0001, 0x0001, 0x0001,
    0x0001, 0x0001, 0x0001, 0x0001, 0x0001, 0x0001, 0x0001, 0x0001, 0x0001, 0x0001, 0x0001, 0x0001, 0x0001, 0x0001, 0x0001, 0x0001,
    0x0001, 0x0001, 0x0001, 0x0001, 0x0001, 0x0001, 0x0001, 0x0001, 0x0001, 0x0001, 0x0001, 0x0001, 0x0001, 0x0001, 0x0001, 0x0001,
    0x0001, 0x0001, 0x0001, 0x0001, 0x0001, 0x0001, 0x0001, 0x0001, 0x0001, 0x0001, 0x0001, 0x0001, 0x0001, 0x0001, 0x0001, 0x0001,
    0x0001, 0x0001, 0x0001, 0x0001, 0x0001, 0x0001, 0x0001, 0x0001, 0x0001, 0x0001, 0x0001, 0x0001, 0x0001, 0x0001, 0x0001, 0x0001,
    0x0001, 0x0001, 0x0001, 0x0001, 0x0001, 0x0001, 0x0001, 0x0001, 0x0001, 0x0001, 0x0001, 0x0001, 0x0001, 0x0001, 0x0001, 0x0001,
    0x0001, 0x0001, 0x0001, 0x0001, 0x0001, 0x0001, 0x0001, 0x0001, 0x0001, 0x0001, 0x0001, 0x0001, 0x0001, 0x0001, 0x0001, 0x0001,
    0x0001, 0x0001, 0x0001, 0x0001, 0x0001, 0x0001, 0x0001, 0x0001, 0x0001, 0x0001, 0x0001, 0x0001, 0x0001, 0x0001, 0x0001, 0x0001,
    0x0001, 0x0001, 0x0001, 0x0001, 0x0001, 0x0001, 0x0001, 0x0001, 0x0001, 0x0001, 0x0001, 0x0001, 0x0001, 0x0001, 0x0001, 0x0001,
    0x0001, 0x0001, 0x0001, 0x0001, 0x0001, 0x0001, 0x0001, 0x0001, 0x0001, 0x0001, 0x0001, 0x0001, 0x0001, 0x0001, 0x0001, 0x0001,
    0x0001, 0x0001, 0x0001, 0x0001, 0x0001, 0x0001, 0x0001, 0x0001, 0x0001, 0x0001, 0x0001, 0x0001, 0x0001, 0x0001, 0x0001, 0x0001,
    0x0001, 0x0001, 0x0001, 0x0001, 0x0001, 0x0001, 0x0001, 0x0001, 0x0001, 0x0001, 0x0001, 0x0001, 0x0001, 0x0001, 0x0001, 0x0001,
    0x0001, 0x0001, 0x0001, 0x0001, 0x0001, 0x0001, 0x0001, 0x0001, 0x0001, 0x0001, 0x0001, 0x0001, 0x0001, 0x0001, 0x0001, 0x0001,
    0x0001, 0x0001, 0x0001, 0x0001, 0x0001, 0x0001, 0x0001, 0x0001, 0x0001, 0x0001, 0x0001, 0x0001, 0x0001, 0x0001, 0x0001, 0x0001,
    0x0001, 0x0001, 0x0001, 0x0001, 0x0001, 0x0001, 0x0001, 0x0001, 0x0001, 0x0001, 0x0001, 0x0001, 0x0001, 0x0001, 0x0001, 0x0001,
    0x0001, 0x0001, 0x0001, 0x0001, 0x0001, 0x0001, 0x0001, 0x0001, 0x0001, 0x0001, 0x0001, 0x0001, 0x0001, 0x0001, 0x0001, 0x0001,
    0x0001, 0x0001, 0x0001, 0x0001, 0x0001, 0x0001, 0x0001, 0x0001, 0x0001, 0x0001, 0x0001, 0x0001, 0x0001, 0x0001, 0x0001, 0x0001,
    0x0001, 0x0001, 0x0001, 0x0001, 0x0001, 0x0001, 0x0001, 0x0001, 0x0001, 0x0001, 0x0001, 0x0001, 0x0001, 0x0001, 0x0001, 0x0001
  },
  {
    0x0001, 0x0001, 0x0001, 0x0001, 0x0001, 0x0001, 0x0001, 0x0001, 0x0001, 0x0001, 0x0001, 0x0001, 0x0001, 0x0001, 0x0001, 0x0001,
    0x0001, 0x0001, 0x0001, 0x0001, 0x0001, 0x0001, 0x0001, 0x0001, 0x0001, 0x0001, 0x0001, 0x0001, 0x0001, 0x0001, 0x0001, 0x0001,
    0x0001, 0x0001, 0x0001, 0x0001, 0x0001, 0x0001, 0x0001, 0x0001, 0x0001, 0x0001, 0x0001, 0x0001, 0x0001, 0x0001, 0x0001, 0x0001,
    0x0001, 0x0001, 0x0001, 0x0001, 0x0001, 0x0001, 0x0001, 0x0001, 0x0001, 0x0001, 0x0001, 0x0001, 0x0001, 0x0001, 0x0001, 0x0001,
    0x0001, 0x0001, 0x0001, 0x0001, 0x0001, 0x0001, 0x0001, 0x0001, 0x0001, 0x0001, 0x0001, 0x0001, 0x0001, 0x0001, 0x0001, 0x0001,
    0x0001, 0x0001, 0x0001, 0x0001, 0x0001, 0x0001, 0x0001, 0x0001, 0x0001, 0x0001, 0x0001, 0x0001, 0x0001, 0x0001, 0x0001, 0x0001,
    0x0001, 0x0001, 0x0001, 0x0001, 0x0001, 0x0001, 0x0001, 0x0001, 0x0001, 0x0001, 0x0001, 0x0001, 0x0001, 0x0001, 0x0001, 0x0001,
    0x0001, 0x0001, 0x0001, 0x0001, 0x0001, 0x0001, 0x0001, 0x0001, 0x0001, 0x0001, 0x0001, 0x0001, 0x0001, 0x0001, 0x0001, 0x0001,
    0x0001, 0x0001, 0x0001, 0x0001, 0x0001, 0x0001, 0x0001, 0x0001, 0x0001, 0x0001, 0x0001, 0x0001, 0x0001, 0x0001, 0x0001, 0x0001,
    0x0001, 0x0001, 0x0001, 0x0001, 0x0001, 0x0001, 0x0001, 0x0001, 0x0001, 0x0001, 0x0001, 0x0001, 0x0001, 0x0001, 0x0001, 0x0001,
    0x0001, 0x0001, 0x0001, 0x0001, 0x0001, 0x0001, 0x0001, 0x0001, 0x0001, 0x0001, 0x0001, 0x0001, 0x0001, 0x0001, 0x0001, 0x0001,
    0x0001, 0x0001, 0x0001, 0x0001, 0x0001, 0x0001, 0x0001, 0x0001, 0x0001, 0x0001, 0x0001, 0x0001, 0x0001, 0x0001, 0x0001, 0x0001,
    0x0001, 0x0001, 0x0001, 0x0001, 0x0001, 0x0001, 0x0001, 0x0001, 0x0001, 0x0001, 0x0001, 0x0001, 0x0001, 0x0001, 0x0001, 0x0001,
    0x0001, 0x0001, 0x0001, 0x0001, 0x0001, 0x0001, 0x0001, 0x0001, 0x0001, 0x0001, 0x0001, 0x0001, 0x0001, 0x0001, 0x0001, 0x0001,
    0x0001, 0x0001, 0x0001, 0x0001, 0x0001, 0x0001, 0x0001, 0x0001, 0x0001, 0x0001, 0x0001, 0x0001, 0x0001, 0x0001, 0x0001, 0x0001,
    0x0001, 0x0001, 0x0001, 0x0001, 0x0001, 0x0001, 0x0001, 0x0001, 0x0001, 0x0001, 0x0001, 0x0001, 0x0001, 0x0001, 0x0001, 0x0000,
    0x0000, 0x0000, 0x0001, 0x0001, 0x0001, 0x0001, 0x0001, 0x0001, 0x0001, 0x0001, 0x0001, 0x0001, 0x0001, 0x0001, 0x0000, 0x0000,
    0x0000, 0x0001, 0x0001, 0x0001, 0x0001, 0x0001, 0x0001, 0x0001, 0x0001, 0x0001, 0x0001, 0x0001, 0x0001, 0x0001, 0x0001, 0x0001,
    0x0001, 0x0001, 0x0001, 0x0001, 0x0001, 0x0001, 0x0001, 0x0001, 0x0001, 0x0001, 0x0001, 0x0001, 0x0001, 0x0001, 0x0000, 0xAE9F,
    0xAE9F, 0xAE9F, 0x0000, 0x0000, 0x0001, 0x0001, 0x0001, 0x0001, 0x0001, 0x0001, 0x0001, 0x0001, 0x0001, 0x0000, 0xAE9F, 0xAE9F,
    0xAE9F, 0x0000, 0x0000, 0x0001, 0x0001, 0x0001, 0x0001, 0x0001, 0x0001, 0x0001, 0x0001, 0x0001, 0x0001, 0x0001, 0x0001, 0x0001,
    0x0001, 0x0001, 0x0001, 0x0001, 0x0001, 0x0001, 0x0001, 0x0001, 0x0001, 0x0001, 0x0001, 0x0001, 0x0001, 0x0001, 0x0000, 0xAE9F,
    0xAE9F, 0xAE9F, 0x0000, 0x0000, 0x0001, 0x0001, 0x0001, 0x0001, 0x0001, 0x0001, 0x0001, 0x0001, 0x0001, 0x0000, 0xAE9F, 0xAE9F,
    0xAE9F, 0x0000, 0x0000, 0x0001, 0x0001, 0x0001, 0x0001, 0x0001, 0x0001, 0x0001, 0x0001, 0x0001, 0x0001, 0x0001, 0x0001, 0x0001,
    0x0001, 0x0001, 0x0001, 0x0001, 0x0001, 0x0001, 0x0001, 0x0001, 0x0001, 0x0001, 0x0001, 0x0001, 0x0001, 0x0001, 0x0000, 0x496A,
    0x496A, 0xC0AD, 0x0000, 0x0000, 0x0001, 0x0000, 0x0000, 0x0001, 0x0001, 0x0001, 0x0001, 0x0001, 0x0001, 0x6D3B, 0x496A, 0x496A,
    0xAE9F, 0x0000, 0x0000, 0x0001, 0x0001, 0x0001, 0x0001, 0x0001, 0x0001, 0x0001, 0x0001, 0x0001, 0x0001, 0x0001, 0x0001, 0x0001,
    0x0001, 0x0001, 0x0001, 0x0001, 0x0001, 0x0001, 0x0001, 0x0001, 0x0001, 0x0001, 0x0001, 0x0001, 0x0001, 0x0001, 0x0001, 0x0001,
    0x0001, 0x0000, 0x5C7A, 0x5C7A, 0x0000, 0xF345, 0xF345, 0xF344, 0xF344, 0xF344, 0xF345, 0x0000, 0x0000, 0x496A, 0x0000, 0x0000,
    0x0001, 0x0001, 0x0001, 0x0001, 0x0001, 0x0001, 0x0001, 0x0001, 0x0001, 0x0001, 0x0001, 0x0001, 0x0001, 0x0001, 0x0001, 0x0001,
    0x0001, 0x0001, 0x0001, 0x0001, 0x0001, 0x0001, 0x0001, 0x0001, 0x0001, 0x0001, 0x0001, 0x0001, 0x0001, 0x0001, 0x0001, 0x0001,
    0x0001, 0x0000, 0x5C7A, 0x5C7A, 0x0000, 0xF345, 0xF345, 0xF344, 0xF344, 0xF344, 0xF345, 0x0000, 0x0000, 0x496A, 0x0000, 0x0000,
    0x0001, 0x0001, 0x0001, 0x0001, 0x0001, 0x0001, 0x0001, 0x0001, 0x0001, 0x0001, 0x0001, 0x0001, 0x0001, 0x0001, 0x0001, 0x0001,
    0x0001, 0x0001, 0x0001, 0x0001, 0x0001, 0x0001, 0x0001, 0x0001, 0x0001, 0x0001, 0x0001, 0x0001, 0x0001, 0x0001, 0x0001, 0x0000,
    0x0000, 0xD184, 0xD164, 0xD164, 0xEB45, 0xFC6B, 0xFC6B, 0xFD0E, 0xFD0E, 0xFD0E, 0xFC6B, 0xEB45, 0xEB45, 0xD184, 0xD184, 0xD184,
    0x0000, 0x0001, 0x0001, 0x0001, 0x0001, 0x0001, 0x0001, 0x0001, 0x0001, 0x0001, 0x0001, 0x0001, 0x0001, 0x0001, 0x0001, 0x0001,
    0x0001, 0x0001, 0x0001, 0x0001, 0x0001, 0x0001, 0x0001, 0x0001, 0x0001, 0x0001, 0x0001, 0x0001, 0x0001, 0x0001, 0x0000, 0xA8E3,
    0xA8E3, 0xD184, 0xEB45, 0xEB45, 0xEB45, 0xFC6B, 0xFC6B, 0xFD0E, 0xFD0E, 0xFD0E, 0xFC6B, 0xEB45, 0xEB45, 0xF345, 0xD184, 0xD184,
    0xA0E3, 0x0000, 0x0000, 0x0001, 0x0001, 0x0001, 0x0001, 0x0001, 0x0001, 0x0001, 0x0001, 0x0001, 0x0001, 0x0001, 0x0001, 0x0001,
    0x0001, 0x0001, 0x0001, 0x0001, 0x0001, 0x0001, 0x0001, 0x0001, 0x0001, 0x0001, 0x0001, 0x0001, 0x0001, 0x0001, 0x0000, 0xA8E3,
    0xA8E3, 0xD184, 0xEB45, 0xEB45, 0xEB45, 0xFC6B, 0xFC6B, 0xFD0E, 0xFD0E, 0xFD0E, 0xFC6B, 0xEB45, 0xEB45, 0xF345, 0xD184, 0xD184,
    0xA0E3, 0x0000, 0x0000, 0x0001, 0x0001, 0x0001, 0x0001, 0x0001, 0x0001, 0x0001, 0x0001, 0x0001, 0x0001, 0x0001, 0x0001, 0x0001,
    0x0001, 0x0001, 0x0001, 0x0001, 0x0001, 0x0001, 0x0001, 0x0001, 0x0001, 0x0001, 0x0001, 0x0001, 0x0000, 0x0000, 0xA8E3, 0xF345,
    0xF345, 0xD184, 0xEB45, 0xEB45, 0xEB45, 0xEB65, 0xEB65, 0xEB65, 0xEB65, 0xEB65, 0xF345, 0xEB45, 0xEB45, 0xF365, 0xD184, 0xD184,
    0xF345, 0xA903, 0xA903, 0x0000, 0x0001, 0x0001, 0x0001, 0x0001, 0x0001, 0x0001, 0x0001, 0x0001, 0x0001, 0x0001, 0x0001, 0x0001,
    0x0001, 0x0001, 0x0001, 0x0001, 0x0001, 0x0001, 0x0001, 0x0001, 0x0001, 0x0001, 0x0001, 0x0001, 0x0000, 0x0000, 0xA0E3, 0xEB45,
    0xEB45, 0xA8E3, 0xA103, 0xA103, 0xF365, 0xF344, 0xF344, 0xF344, 0xF344, 0xF344, 0xF345, 0xEB45, 0xEB45, 0xA103, 0xA0E3, 0xA0E3,
    0xEB45, 0xA8E3, 0xA8E3, 0x0000, 0x0001, 0x0001, 0x0001, 0x0001, 0x0001, 0x0001, 0x0001, 0x0001, 0x0001, 0x0001, 0x0001, 0x0001,
    0x0001, 0x0001, 0x0001, 0x0001, 0x0001, 0x0001, 0x0001, 0x0001, 0x0001, 0x0001, 0x0001, 0x0001, 0x0000, 0x0000, 0xA0E3, 0xEB45,
    0xEB45, 0xA8E3, 0xA103, 0xA103, 0xF365, 0xF344, 0xF344, 0xF344, 0xF344, 0xF344, 0xF345, 0xEB45, 0xEB45, 0xA103, 0xA0E3, 0xA0E3,
    0xEB45, 0xA8E3, 0xA8E3, 0x0000, 0x0001, 0x0001, 0x0001, 0x0001, 0x0001, 0x0001, 0x0001, 0x0001, 0x0001, 0x0001, 0x0001, 0x0001,
    0x0001, 0x0001, 0x0001, 0x0001, 0x0001, 0x0001, 0x0001, 0x0001, 0x0001, 0x0001, 0x0001, 0x0001, 0x0000, 0x0000, 0xC964, 0xF345,
    0xF345, 0xA903, 0x70C6, 0x70C6, 0xA8E2, 0xEB45, 0xEB45, 0x4586, 0xEB44, 0xEB44, 0xA103, 0xF324, 0xF324, 0x70C6, 0xD920, 0xD920,
    0xEB63, 0xD184, 0xD184, 0x0000, 0x0001, 0x0001, 0x0001, 0x0001, 0x0001, 0x0001, 0x0001, 0x0001, 0x0001, 0x0001, 0x0001, 0x0001,
    0x0001, 0x0001, 0x0001, 0x0001, 0x0001, 0x0001, 0x0001, 0x0001, 0x0001, 0x0001, 0x0001, 0x0000, 0xA8E3, 0xA8E3, 0xD164, 0xD184,
    0xD184, 0xDA27, 0xFFBD, 0xFFBD, 0x0000, 0x3698, 0x3698, 0xD184, 0xD184, 0xD184, 0x3698, 0x0000, 0x0000, 0xFFBD, 0xDA27, 0xDA27,
    0xC984, 0xD184, 0xD184, 0xA903, 0x0000, 0x0000, 0x0001, 0x0001, 0x0001, 0x0001, 0x0001, 0x0001, 0x0001, 0x0001, 0x0001, 0x0001,
    0x0001, 0x0001, 0x0001, 0x0001, 0x0001, 0x0001, 0x0001, 0x0001, 0x0001, 0x0001, 0x0001, 0x0000, 0xA8E3, 0xA8E3, 0xD164, 0xD184,
    0xD184, 0xDA27, 0xFFBD, 0xFFBD, 0x0000, 0x3698, 0x3698, 0xD184, 0xD184, 0xD184, 0x3698, 0x0000, 0x0000, 0xFFBD, 0xDA27, 0xDA27,
    0xC984, 0xD184, 0xD184, 0xA903, 0x0000, 0x0000, 0x0001, 0x0001, 0x0001, 0x0001, 0x0001, 0x0001, 0x0001, 0x0001, 0x0001, 0x0001,
    0x0001, 0x0001, 0x0001, 0x0001, 0x0001, 0x0001, 0x0001, 0x0001, 0x0001, 0x0001, 0x0001, 0x0000, 0xA8E3, 0xA8E3, 0xE226, 0xD184,
    0xD184, 0xDA27, 0xF365, 0xF365, 0x3698, 0x0000, 0x0000, 0xEB45, 0xEB65, 0xEB65, 0x0000, 0x3698, 0x3698, 0xF365, 0xDA26, 0xDA26,
    0xD184, 0xE226, 0xE226, 0xA903, 0x0000, 0x0000, 0x0001, 0x0001, 0x0001, 0x0001, 0x0001, 0x0001, 0x0001, 0x0001, 0x0001, 0x0001,
    0x0001, 0x0001, 0x0001, 0x0001, 0x0001, 0x0001, 0x0001, 0x0001, 0x0000, 0x0000, 0x0000, 0x0000, 0xA8E3, 0xA8E3, 0xD164, 0xEAA8,
    0xEAA8, 0xC984, 0xC984, 0xC984, 0xEB45, 0xEB45, 0xEB45, 0xEB65, 0xEB65, 0xEB65, 0xEB65, 0xEB65, 0xEB65, 0xC984, 0xD164, 0xD164,
    0xEAA8, 0xD184, 0xD184, 0xA8E3, 0x0000, 0x0000, 0x0000, 0x0000, 0x0000, 0x0001, 0x0001, 0x0001, 0x0001, 0x0001, 0x0001, 0x0001,
    0x0001, 0x0001, 0x0001, 0x0001, 0x0001, 0x0001, 0x0001, 0x0001, 0x0000, 0x0000, 0x0000, 0x0000, 0xA8E3, 0xA8E3, 0xD164, 0xEAA8,
    0xEAA8, 0xC984, 0xC984, 0xC984, 0xEB45, 0xEB45, 0xEB45, 0xEB65, 0xEB65, 0xEB65, 0xEB65, 0xEB65, 0xEB65, 0xC984, 0xD164, 0xD164,
    0xEAA8, 0xD184, 0xD184, 0xA8E3, 0x0000, 0x0000, 0x0000, 0x0000, 0x0000, 0x0001, 0x0001, 0x0001, 0x0001, 0x0001, 0x0001, 0x0001,
    0x0001, 0x0001, 0x0001, 0x0001, 0x0001, 0x0001, 0x0000, 0x0000, 0xA8E3, 0xF365, 0xF365, 0x0000, 0xA8E3, 0xA8E3, 0xD184, 0xD184,
    0xD184, 0xE226, 0xDA26, 0xDA26, 0xEB25, 0xEB45, 0xEB45, 0xEB65, 0xEB45, 0xEB45, 0xEB65, 0xEB25, 0xEB25, 0xDA26, 0xE226, 0xE226,
    0xD184, 0xD184, 0xD184, 0xA903, 0x0000, 0x0000, 0xF365, 0xA8E3, 0xA8E3, 0x0000, 0x0001, 0x0001, 0x0001, 0x0001, 0x0001, 0x0001,
    0x0001, 0x0001, 0x0001, 0x0001, 0x0001, 0x0001, 0x0000, 0x0000, 0x0000, 0x0000, 0x0000, 0x0000, 0x0000, 0x0000, 0xA8E3, 0xD184,
    0xD184, 0xD184, 0xDA27, 0xDA27, 0x0000, 0xEB44, 0xEB44, 0xEB45, 0xEB45, 0xEB45, 0xEB45, 0x0000, 0x0000, 0xDA27, 0xD184, 0xD184,
    0xD164, 0xA8E3, 0xA8E3, 0x0000, 0x0000, 0x0000, 0x0000, 0x0000, 0x0000, 0x0000, 0x0001, 0x0001, 0x0001, 0x0001, 0x0001, 0x0001,
    0x0001, 0x0001, 0x0001, 0x0001, 0x0001, 0x0001, 0x0000, 0x0000, 0x0000, 0x0000, 0x0000, 0x0000, 0x0000, 0x0000, 0xA8E3, 0xD184,
    0xD184, 0xD184, 0xDA27, 0xDA27, 0x0000, 0xEB44, 0xEB44, 0xEB45, 0xEB45, 0xEB45, 0xEB45, 0x0000, 0x0000, 0xDA27, 0xD184, 0xD184,
    0xD164, 0xA8E3, 0xA8E3, 0x0000, 0x0000, 0x0000, 0x0000, 0x0000, 0x0000, 0x0000, 0x0001, 0x0001, 0x0001, 0x0001, 0x0001, 0x0001,
    0x0001, 0x0001, 0x0001, 0x0001, 0x0001, 0x0000, 0x78C7, 0x78C7, 0x0000, 0xF345, 0xF345, 0xF365, 0xA0E3, 0xA0E3, 0x0000, 0xA903,
    0xA903, 0xA903, 0xD184, 0xD184, 0xD164, 0x0000, 0x0000, 0x0000, 0x0000, 0x0000, 0x0000, 0xD184, 0xD184, 0xD184, 0xA8E3, 0xA8E3,
    0xA8E3, 0x0000, 0x0000, 0xA8E3, 0xF365, 0xF365, 0xA903, 0x0000, 0x0000, 0x78A6, 0x0000, 0x0000, 0x0001, 0x0001, 0x0001, 0x0001,
    0x0001, 0x0001, 0x0001, 0x0000, 0x0000, 0x78C7, 0x0000, 0x0000, 0xA0E3, 0xB124, 0xB124, 0xF345, 0xF345, 0xF345, 0xA903, 0x0000,
    0x0000, 0x0000, 0xA903, 0xA903, 0xA903, 0xA8E3, 0xA8E3, 0xA903, 0xA903, 0xA903, 0xA903, 0xA903, 0xA903, 0xA903, 0x0000, 0x0000,
    0x0000, 0xA903, 0xA903, 0xEB45, 0xA903, 0xA903, 0xA903, 0x78A5, 0x78A5, 0x0000, 0x78A6, 0x78A6, 0x0000, 0x0001, 0x0001, 0x0001,
    0x0001, 0x0001, 0x0001, 0x0000, 0x0000, 0x78C7, 0x0000, 0x0000, 0xA0E3, 0xB124, 0xB124, 0xF345, 0xF345, 0xF345, 0xA903, 0x0000,
    0x0000, 0x0000, 0xA903, 0xA903, 0xA903, 0xA8E3, 0xA8E3, 0xA903, 0xA903, 0xA903, 0xA903, 0xA903, 0xA903, 0xA903, 0x0000, 0x0000,
    0x0000, 0xA903, 0xA903, 0xEB45, 0xA903, 0xA903, 0xA903, 0x78A5, 0x78A5, 0x0000, 0x78A6, 0x78A6, 0x0000, 0x0001, 0x0001, 0x0001,
    0x0001, 0x0001, 0x0001, 0x0000, 0x0000, 0x0000, 0xA903, 0xA903, 0xF345, 0xF345, 0xF345, 0xF345, 0xF345, 0xF345, 0xF345, 0xB124,
    0xB124, 0x0000, 0x0000, 0x0000, 0x0000, 0x0000, 0x0000, 0x0000, 0x0000, 0x0000, 0x0000, 0x0000, 0x0000, 0x0000, 0x0000, 0x0000,
    0xEAE4, 0xF345, 0xF345, 0xF365, 0xEB65, 0xEB65, 0xF345, 0xC944, 0xC944, 0xA903, 0x0000, 0x0000, 0x0000, 0x0001, 0x0001, 0x0001,
    0x0001, 0x0001, 0x0001, 0x0000, 0x0000, 0xA903, 0xF345, 0xF345, 0xF365, 0xF325, 0xF325, 0xA903, 0x1BE6, 0x1BE6, 0xF345, 0xD184,
    0xD184, 0x0000, 0x0000, 0x0000, 0x0000, 0xA903, 0xA903, 0x0000, 0x0000, 0x0000, 0xF800, 0x571D, 0x571D, 0x0000, 0x78A6, 0x78A6,
    0xD183, 0xEAE4, 0xEAE4, 0xC283, 0x3DC6, 0x3DC6, 0xEB65, 0xEB45, 0xEB45, 0xBF44, 0x0100, 0x0100, 0x0000, 0x0001, 0x0001, 0x0001,
    0x0001, 0x0001, 0x0001, 0x0000, 0x0000, 0xA903, 0xF345, 0xF345, 0xF365, 0xF325, 0xF325, 0xA903, 0x1BE6, 0x1BE6, 0xF345, 0xD184,
    0xD184, 0x0000, 0x0000, 0x0000, 0x0000, 0xA903, 0xA903, 0x0000, 0x0000, 0x0000, 0xF800, 0x571D, 0x571D, 0x0000, 0x78A6, 0x78A6,
    0xD183, 0xEAE4, 0xEAE4, 0xC283, 0x3DC6, 0x3DC6, 0xEB65, 0xEB45, 0xEB45, 0xBF44, 0x0100, 0x0100, 0x0000, 0x0001, 0x0001, 0x0001,
    0x0001, 0x0001, 0x0001, 0x0000, 0x0000, 0xA903, 0xF365, 0xF365, 0xF345, 0xEB45, 0xEB45, 0x0000, 0x4A42, 0x4A42, 0xC2C4, 0xD164,
    0xD164, 0x80C6, 0x0000, 0x0000, 0x0000, 0xA8E3, 0xA8E3, 0xFFE0, 0xFFE0, 0xFFE0, 0xFFE0, 0x571D, 0x571D, 0x0000, 0xB124, 0xB124,
    0xD162, 0xBA43, 0xBA43, 0x19A0, 0x3DC6, 0x3DC6, 0xEB65, 0xEB45, 0xEB45, 0xCF64, 0x0100, 0x0100, 0x0001, 0x0001, 0x0001, 0x0001,
    0x0001, 0x0001, 0x0001, 0x0000, 0x0000, 0xA8E3, 0xD184, 0xD184, 0x1505, 0xA8E3, 0xA8E3, 0x0000, 0xF345, 0xF345, 0xC2A4, 0xD184,
    0xD184, 0x98E3, 0x0000, 0x0000, 0x0000, 0x0000, 0x0000, 0xAFE0, 0xFFE0, 0xFFE0, 0xFFE0, 0x571D, 0x571D, 0x0000, 0xB124, 0xB124,
    0xD183, 0xC242, 0xC242, 0x19A0, 0xF365, 0xF365, 0x35C7, 0xD184, 0xD184, 0xD764, 0x0100, 0x0100, 0x0001, 0x0001, 0x0001, 0x0001,
    0x0001, 0x0001, 0x0001, 0x0000, 0x0000, 0xA8E3, 0xD184, 0xD184, 0x1505, 0xA8E3, 0xA8E3, 0x0000, 0xF345, 0xF345, 0xC2A4, 0xD184,
    0xD184, 0x98E3, 0x0000, 0x0000, 0x0000, 0x0000, 0x0000, 0xAFE0, 0xFFE0, 0xFFE0, 0xFFE0, 0x571D, 0x571D, 0x0000, 0xB124, 0xB124,
    0xD183, 0xC242, 0xC242, 0x19A0, 0xF365, 0xF365, 0x35C7, 0xD184, 0xD184, 0xD764, 0x0100, 0x0100, 0x0001, 0x0001, 0x0001, 0x0001,
    0x0001, 0x0001, 0x0001, 0x0001, 0x0001, 0x0000, 0xB124, 0xB124, 0xF344, 0x70A6, 0x70A6, 0x0000, 0x4A42, 0x4A42, 0x9267, 0xD184,
    0xD184, 0x78A6, 0x0000, 0x0000, 0x0001, 0x0001, 0x0001, 0x0001, 0x0001, 0x0001, 0x0001, 0x0001, 0x0001, 0x0000, 0xA8E3, 0xA8E3,
    0xD183, 0x9A25, 0x9A25, 0x19A0, 0xBB28, 0xBB28, 0x1C06, 0xD184, 0xD184, 0xAEE3, 0x0100, 0x0100, 0x0001, 0x0001, 0x0001, 0x0001,
    0x0001, 0x0001, 0x0001, 0x0001, 0x0001, 0x0001, 0x0000, 0x0000, 0xD2E4, 0x7086, 0x7086, 0x0000, 0x4A42, 0x4A42, 0x9267, 0xA903,
    0xA903, 0x0000, 0x0000, 0x0000, 0x0001, 0x0001, 0x0001, 0x0001, 0x0001, 0x0001, 0x0001, 0x0001, 0x0001, 0x0001, 0x0000, 0x0000,
    0xA901, 0x1960, 0x1960, 0x19A0, 0xBB08, 0xBB08, 0x1C06, 0xA0E3, 0xA0E3, 0x0600, 0x0001, 0x0001, 0x0001, 0x0001, 0x0001, 0x0001,
    0x0001, 0x0001, 0x0001, 0x0001, 0x0001, 0x0001, 0x0000, 0x0000, 0xD2E4, 0x7086, 0x7086, 0x0000, 0x4A42, 0x4A42, 0x9267, 0xA903,
    0xA903, 0x0000, 0x0000, 0x0000, 0x0001, 0x0001, 0x0001, 0x0001, 0x0001, 0x0001, 0x0001, 0x0001, 0x0001, 0x0001, 0x0000, 0x0000,
    0xA901, 0x1960, 0x1960, 0x19A0, 0xBB08, 0xBB08, 0x1C06, 0xA0E3, 0xA0E3, 0x0600, 0x0001, 0x0001, 0x0001, 0x0001, 0x0001, 0x0001,
    0x0001, 0x0001, 0x0001, 0x0001, 0x0001, 0x0001, 0x0001, 0x0001, 0x0000, 0xA903, 0xA903, 0x70C7, 0x4865, 0x4865, 0x0000, 0x0000,
    0x0000, 0x0001, 0x0001, 0x0001, 0x0001, 0x0001, 0x0001, 0x0001, 0x0001, 0x0001, 0x0001, 0x0001, 0x0001, 0x0001, 0x0000, 0x0000,
    0x0000, 0x0000, 0x0000, 0x78C7, 0xA103, 0xA103, 0xA103, 0x0000, 0x0000, 0x0001, 0x0001, 0x0001, 0x0001, 0x0001, 0x0001, 0x0001,
    0x0001, 0x0001, 0x0001, 0x0001, 0x0001, 0x0001, 0x0001, 0x0001, 0x0001, 0x0000, 0x0000, 0x0000, 0x0000, 0x0000, 0x0001, 0x0001,
    0x0001, 0x0001, 0x0001, 0x0001, 0x0001, 0x0001, 0x0001, 0x0001, 0x0001, 0x0001, 0x0001, 0x0001, 0x0001, 0x0001, 0x0001, 0x0001,
    0x0001, 0x0000, 0x0000, 0x0000, 0x0000, 0x0000, 0x0000, 0x0001, 0x0001, 0x0001, 0x0001, 0x0001, 0x0001, 0x0001, 0x0001, 0x0001,
    0x0001, 0x0001, 0x0001, 0x0001, 0x0001, 0x0001, 0x0001, 0x0001, 0x0001, 0x0000, 0x0000, 0x0000, 0x0000, 0x0000, 0x0001, 0x0001,
    0x0001, 0x0001, 0x0001, 0x0001, 0x0001, 0x0001, 0x0001, 0x0001, 0x0001, 0x0001, 0x0001, 0x0001, 0x0001, 0x0001, 0x0001, 0x0001,
    0x0001, 0x0000, 0x0000, 0x0000, 0x0000, 0x0000, 0x0000, 0x0001, 0x0001, 0x0001, 0x0001, 0x0001, 0x0001, 0x0001, 0x0001, 0x0001,
    0x0001, 0x0001, 0x0001, 0x0001, 0x0001, 0x0001, 0x0001, 0x0001, 0x0001, 0x0001, 0x0001, 0x0001, 0x0001, 0x0001, 0x0001, 0x0001,
    0x0001, 0x0001, 0x0001, 0x0001, 0x0001, 0x0001, 0x0001, 0x0001, 0x0001, 0x0001, 0x0001, 0x0001, 0x0001, 0x0001, 0x0001, 0x0001,
    0x0001, 0x0001, 0x0001, 0x0001, 0x0001, 0x0001, 0x0001, 0x0001, 0x0001, 0x0001, 0x0001, 0x0001, 0x0001, 0x0001, 0x0001, 0x0001,
    0x0001, 0x0001, 0x0001, 0x0001, 0x0001, 0x0001, 0x0001, 0x0001, 0x0001, 0x0001, 0x0001, 0x0001, 0x0001, 0x0001, 0x0001, 0x0001,
    0x0001, 0x0001, 0x0001, 0x0001, 0x0001, 0x0001, 0x0001, 0x0001, 0x0001, 0x0001, 0x0001, 0x0001, 0x0001, 0x0001, 0x0001, 0x0001,
    0x0001, 0x0001, 0x0001, 0x0001, 0x0001, 0x0001, 0x0001, 0x0001, 0x0001, 0x0001, 0x0001, 0x0001, 0x0001, 0x0001, 0x0001, 0x0001,
    0x0001, 0x0001, 0x0001, 0x0001, 0x0001, 0x0001, 0x0001, 0x0001, 0x0001, 0x0001, 0x0001, 0x0001, 0x0001, 0x0001, 0x0001, 0x0001,
    0x0001, 0x0001, 0x0001, 0x0001, 0x0001, 0x0001, 0x0001, 0x0001, 0x0001, 0x0001, 0x0001, 0x0001, 0x0001, 0x0001, 0x0001, 0x0001,
    0x0001, 0x0001, 0x0001, 0x0001, 0x0001, 0x0001, 0x0001, 0x0001, 0x0001, 0x0001, 0x0001, 0x0001, 0x0001, 0x0001, 0x0001, 0x0001,
    0x0001, 0x0001, 0x0001, 0x0001, 0x0001, 0x0001, 0x0001, 0x0001, 0x0001, 0x0001, 0x0001, 0x0001, 0x0001, 0x0001, 0x0001, 0x0001,
    0x0001, 0x0001, 0x0001, 0x0001, 0x0001, 0x0001, 0x0001, 0x0001, 0x0001, 0x0001, 0x0001, 0x0001, 0x0001, 0x0001, 0x0001, 0x0001,
    0x0001, 0x0001, 0x0001, 0x0001, 0x0001, 0x0001, 0x0001, 0x0001, 0x0001, 0x0001, 0x0001, 0x0001, 0x0001, 0x0001, 0x0001, 0x0001,
    0x0001, 0x0001, 0x0001, 0x0001, 0x0001, 0x0001, 0x0001, 0x0001, 0x0001, 0x0001, 0x0001, 0x0001, 0x0001, 0x0001, 0x0001, 0x0001,
    0x0001, 0x0001, 0x0001, 0x0001, 0x0001, 0x0001, 0x0001, 0x0001, 0x0001, 0x0001, 0x0001, 0x0001, 0x0001, 0x0001, 0x0001, 0x0001,
    0x0001, 0x0001, 0x0001, 0x0001, 0x0001, 0x0001, 0x0001, 0x0001, 0x0001, 0x0001, 0x0001, 0x0001, 0x0001, 0x0001, 0x0001, 0x0001,
    0x0001, 0x0001, 0x0001, 0x0001, 0x0001, 0x0001, 0x0001, 0x0001, 0x0001, 0x0001, 0x0001, 0x0001, 0x0001, 0x0001, 0x0001, 0x0001,
    0x0001, 0x0001, 0x0001, 0x0001, 0x0001, 0x0001, 0x0001, 0x0001, 0x0001, 0x0001, 0x0001, 0x0001, 0x0001, 0x0001, 0x0001, 0x0001,
    0x0001, 0x0001, 0x0001, 0x0001, 0x0001, 0x0001, 0x0001, 0x0001, 0x0001, 0x0001, 0x0001, 0x0001, 0x0001, 0x0001, 0x0001, 0x0001,
    0x0001, 0x0001, 0x0001, 0x0001, 0x0001, 0x0001, 0x0001, 0x0001, 0x0001, 0x0001, 0x0001, 0x0001, 0x0001, 0x0001, 0x0001, 0x0001,
    0x0001, 0x0001, 0x0001, 0x0001, 0x0001, 0x0001, 0x0001, 0x0001, 0x0001, 0x0001, 0x0001, 0x0001, 0x0001, 0x0001, 0x0001, 0x0001,
    0x0001, 0x0001, 0x0001, 0x0001, 0x0001, 0x0001, 0x0001, 0x0001, 0x0001, 0x0001, 0x0001, 0x0001, 0x0001, 0x0001, 0x0001, 0x0001
  },
  {
    0x0001, 0x0001, 0x0001, 0x0001, 0x0001, 0x0001, 0x0001, 0x0001, 0x0001, 0x0001, 0x0001, 0x0001, 0x0001, 0x0001, 0x0001, 0x0001,
    0x0001, 0x0001, 0x0001, 0x0001, 0x0001, 0x0001, 0x0001, 0x0001, 0x0001, 0x0001, 0x0001, 0x0001, 0x0001, 0x0001, 0x0001, 0x0001,
    0x0001, 0x0001, 0x0001, 0x0001, 0x0001, 0x0001, 0x0001, 0x0001, 0x0001, 0x0001, 0x0001, 0x0001, 0x0001, 0x0001, 0x0001, 0x0001,
    0x0001, 0x0001, 0x0001, 0x0001, 0x0001, 0x0001, 0x0001, 0x0001, 0x0001, 0x0001, 0x0001, 0x0001, 0x0001, 0x0001, 0x0001, 0x0001,
    0x0001, 0x0001, 0x0001, 0x0001, 0x0001, 0x0001, 0x0001, 0x0001, 0x0001, 0x0001, 0x0001, 0x0001, 0x0001, 0x0001, 0x0001, 0x0001,
    0x0001, 0x0001, 0x0001, 0x0001, 0x0001, 0x0001, 0x0001, 0x0001, 0x0001, 0x0001, 0x0001, 0x0001, 0x0001, 0x0001, 0x0001, 0x0001,
    0x0001, 0x0001, 0x0001, 0x0001, 0x0001, 0x0001, 0x0001, 0x0001, 0x0001, 0x0001, 0x0001, 0x0001, 0x0001, 0x0001, 0x0001, 0x0001,
    0x0001, 0x0001, 0x0001, 0x0001, 0x0001, 0x0001, 0x0001, 0x0001, 0x0001, 0x0001, 0x0001, 0x0001, 0x0001, 0x0001, 0x0001, 0x0001,
    0x0001, 0x0001, 0x0001, 0x0001, 0x0001, 0x0001, 0x0001, 0x0001, 0x0001, 0x0001, 0x0001, 0x0001, 0x0001, 0x0001, 0x0001, 0x0001,
    0x0001, 0x0001, 0x0001, 0x0001, 0x0001, 0x0001, 0x0001, 0x0001, 0x0001, 0x0001, 0x0001, 0x0001, 0x0001, 0x0001, 0x0001, 0x0001,
    0x0001, 0x0001, 0x0001, 0x0001, 0x0001, 0x0001, 0x0001, 0x0001, 0x0001, 0x0001, 0x0001, 0x0001, 0x0001, 0x0001, 0x0001, 0x0001,
    0x0001, 0x0001, 0x0001, 0x0001, 0x0001, 0x0001, 0x0001, 0x0001, 0x0001, 0x0001, 0x0001, 0x0001, 0x0001, 0x0001, 0x0001, 0x0001,
    0x0001, 0x0001, 0x0001, 0x0001, 0x0001, 0x0001, 0x0001, 0x0001, 0x0001, 0x0001, 0x0001, 0x0001, 0x0001, 0x0001, 0x0001, 0x0001,
    0x0001, 0x0001, 0x0001, 0x0001, 0x0001, 0x0001, 0x0001, 0x0001, 0x0001, 0x0001, 0x0001, 0x0001, 0x0001, 0x0001, 0x0001, 0x0001,
    0x0001, 0x0001, 0x0001, 0x0001, 0x0001, 0x0001, 0x0001, 0x0001, 0x0001, 0x0001, 0x0001, 0x0001, 0x0001, 0x0001, 0x0001, 0x0001,
    0x0001, 0x0001, 0x0001, 0x0001, 0x0001, 0x0001, 0x0001, 0x0001, 0x0001, 0x0001, 0x0001, 0x0001, 0x0001, 0x0001, 0x0001, 0x0000,
    0x0000, 0x0000, 0x0001, 0x0001, 0x0001, 0x0001, 0x0001, 0x0001, 0x0001, 0x0001, 0x0001, 0x0001, 0x0001, 0x0001, 0x0000, 0x0000,
    0x0000, 0x0001, 0x0001, 0x0001, 0x0001, 0x0001, 0x0001, 0x0001, 0x0001, 0x0001, 0x0001, 0x0001, 0x0001, 0x0001, 0x0001, 0x0001,
    0x0001, 0x0001, 0x0001, 0x0001, 0x0001, 0x0001, 0x0001, 0x0001, 0x0001, 0x0001, 0x0001, 0x0001, 0x0001, 0x0001, 0x0000, 0xAE9F,
    0xAE9F, 0xAE9F, 0x0000, 0x0000, 0x0001, 0x0001, 0x0001, 0x0001, 0x0001, 0x0001, 0x0001, 0x0001, 0x0001, 0x0000, 0xAE9F, 0xAE9F,
    0xAE9F, 0x0000, 0x0000, 0x0001, 0x0001, 0x0001, 0x0001, 0x0001, 0x0001, 0x0001, 0x0001, 0x0001, 0x0001, 0x0001, 0x0001, 0x0001,
    0x0001, 0x0001, 0x0001, 0x0001, 0x0001, 0x0001, 0x0001, 0x0001, 0x0001, 0x0001, 0x0001, 0x0001, 0x0001, 0x0001, 0x0000, 0xAE9F,
    0xAE9F, 0xAE9F, 0x0000, 0x0000, 0x0001, 0x0001, 0x0001, 0x0001, 0x0001, 0x0001, 0x0001, 0x0001, 0x0001, 0x0000, 0xAE9F, 0xAE9F,
    0xAE9F, 0x0000, 0x0000, 0x0001, 0x0001, 0x0001, 0x0001, 0x0001, 0x0001, 0x0001, 0x0001, 0x0001, 0x0001, 0x0001, 0x0001, 0x0001,
    0x0001, 0x0001, 0x0001, 0x0001, 0x0001, 0x0001, 0x0001, 0x0001, 0x0001, 0x0001, 0x0001, 0x0001, 0x0001, 0x0001, 0x0000, 0x496A,
    0x496A, 0x5C7A, 0x0000, 0x0000, 0x0001, 0x0000, 0x0000, 0x0000, 0x0000, 0x0000, 0x0000, 0x0001, 0x0001, 0x0000, 0x5CFA, 0x5CFA,
    0x496A, 0x0000, 0x0000, 0x0001, 0x0001, 0x0001, 0x0001, 0x0001, 0x0001, 0x0001, 0x0001, 0x0001, 0x0001, 0x0001, 0x0001, 0x0001,
    0x0001, 0x0001, 0x0001, 0x0001, 0x0001, 0x0001, 0x0001, 0x0001, 0x0001, 0x0001, 0x0001, 0x0001, 0x0001, 0x0001, 0x0001, 0x0001,
    0x0001, 0x0000, 0x5C7A, 0x5C7A, 0x0000, 0x0000, 0x0000, 0x0000, 0x0000, 0x0000, 0x2001, 0x0000, 0x0000, 0x6379, 0x0000, 0x0000,
    0x0001, 0x0001, 0x0001, 0x0001, 0x0001, 0x0001, 0x0001, 0x0001, 0x0001, 0x0001, 0x0001, 0x0001, 0x0001, 0x0001, 0x0001, 0x0001,
    0x0001, 0x0001, 0x0001, 0x0001, 0x0001, 0x0001, 0x0001, 0x0001, 0x0001, 0x0001, 0x0001, 0x0001, 0x0001, 0x0001, 0x0001, 0x0001,
    0x0001, 0x0000, 0x5C7A, 0x5C7A, 0x0000, 0x0000, 0x0000, 0x0000, 0x0000, 0x0000, 0x2001, 0x0000, 0x0000, 0x6379, 0x0000, 0x0000,
    0x0001, 0x0001, 0x0001, 0x0001, 0x0001, 0x0001, 0x0001, 0x0001, 0x0001, 0x0001, 0x0001, 0x0001, 0x0001, 0x0001, 0x0001, 0x0001,
    0x0001, 0x0001, 0x0001, 0x0001, 0x0001, 0x0001, 0x0001, 0x0001, 0x0001, 0x0001, 0x0001, 0x0001, 0x0001, 0x0001, 0x0001, 0x0001,
    0x0001, 0x0000, 0x0000, 0x0000, 0x70E2, 0xEB45, 0xEB45, 0xEB44, 0xEB44, 0xEB44, 0xEB45, 0x0000, 0x0000, 0x0000, 0x0000, 0x0000,
    0x0001, 0x0001, 0x0001, 0x0001, 0x0001, 0x0001, 0x0001, 0x0001, 0x0001, 0x0001, 0x0001, 0x0001, 0x0001, 0x0001, 0x0001, 0x0001,
    0x0001, 0x0001, 0x0001, 0x0001, 0x0001, 0x0001, 0x0001, 0x0001, 0x0001, 0x0001, 0x0001, 0x0001, 0x0001, 0x0001, 0x0001, 0x0000,
    0x0000, 0xD184, 0xEB45, 0xEB45, 0xEB45, 0xFC6B, 0xFC6B, 0xFD0E, 0xFD0E, 0xFD0E, 0xFC6B, 0xEB45, 0xEB45, 0xEB45, 0xD184, 0xD184,
    0x0000, 0x0001, 0x0001, 0x0001, 0x0001, 0x0001, 0x0001, 0x0001, 0x0001, 0x0001, 0x0001, 0x0001, 0x0001, 0x0001, 0x0001, 0x0001,
    0x0001, 0x0001, 0x0001, 0x0001, 0x0001, 0x0001, 0x0001, 0x0001, 0x0001, 0x0001, 0x0001, 0x0001, 0x0001, 0x0001, 0x0001, 0x0000,
    0x0000, 0xD184, 0xEB45, 0xEB45, 0xEB45, 0xFC6B, 0xFC6B, 0xFD0E, 0xFD0E, 0xFD0E, 0xFC6B, 0xEB45, 0xEB45, 0xEB45, 0xD184, 0xD184,
    0x0000, 0x0001, 0x0001, 0x0001, 0x0001, 0x0001, 0x0001, 0x0001, 0x0001, 0x0001, 0x0001, 0x0001, 0x0001, 0x0001, 0x0001, 0x0001,
    0x0001, 0x0001, 0x0001, 0x0001, 0x0001, 0x0001, 0x0001, 0x0001, 0x0001, 0x0001, 0x0001, 0x0001, 0x0001, 0x0001, 0x0000, 0xA0C3,
    0xA0C3, 0xD184, 0xF345, 0xF345, 0xEB45, 0xF345, 0xF345, 0xEB65, 0xFD0E, 0xFD0E, 0xF345, 0xEB45, 0xEB45, 0xF345, 0xD184, 0xD184,
    0xA0E3, 0x0000, 0x0000, 0x0001, 0x0001, 0x0001, 0x0001, 0x0001, 0x0001, 0x0001, 0x0001, 0x0001, 0x0001, 0x0001, 0x0001, 0x0001,
    0x0001, 0x0001, 0x0001, 0x0001, 0x0001, 0x0001, 0x0001, 0x0001, 0x0001, 0x0001, 0x0001, 0x0001, 0x0000, 0x0000, 0xA8E3, 0xF345,
    0xF345, 0xA8E3, 0xA103, 0xA103, 0xF365, 0xF344, 0xF344, 0xF344, 0xF344, 0xF344, 0xF345, 0xEB45, 0xEB45, 0xA103, 0xA903, 0xA903,
    0xF345, 0xA903, 0xA903, 0x0000, 0x0001, 0x0001, 0x0001, 0x0001, 0x0001, 0x0001, 0x0001, 0x0001, 0x0001, 0x0001, 0x0001, 0x0001,
    0x0001, 0x0001, 0x0001, 0x0001, 0x0001, 0x0001, 0x0001, 0x0001, 0x0001, 0x0001, 0x0001, 0x0001, 0x0000, 0x0000, 0xA8E3, 0xF345,
    0xF345, 0xA8E3, 0xA103, 0xA103, 0xF365, 0xF344, 0xF344, 0xF344, 0xF344, 0xF344, 0xF345, 0xEB45, 0xEB45, 0xA103, 0xA903, 0xA903,
    0xF345, 0xA903, 0xA903, 0x0000, 0x0001, 0x0001, 0x0001, 0x0001, 0x0001, 0x0001, 0x0001, 0x0001, 0x0001, 0x0001, 0x0001, 0x0001,
    0x0001, 0x0001, 0x0001, 0x0001, 0x0001, 0x0001, 0x0001, 0x0001, 0x0001, 0x0001, 0x0001, 0x0001, 0x0000, 0x0000, 0xA0E3, 0xEB45,
    0xEB45, 0xA903, 0x70C6, 0x70C6, 0xA8E2, 0xEB45, 0xEB45, 0x4586, 0xEB44, 0xEB44, 0xA103, 0xF324, 0xF324, 0x70C6, 0xD920, 0xD920,
    0xEB43, 0xA103, 0xA103, 0x0000, 0x0001, 0x0001, 0x0001, 0x0001, 0x0001, 0x0001, 0x0001, 0x0001, 0x0001, 0x0001, 0x0001, 0x0001,
    0x0001, 0x0001, 0x0001, 0x0001, 0x0001, 0x0001, 0x0001, 0x0001, 0x0001, 0x0001, 0x0001, 0x0000, 0x0000, 0x0000, 0xD164, 0xD184,
    0xD184, 0xDA27, 0xFFBD, 0xFFBD, 0x0000, 0x3698, 0x3698, 0xD184, 0xD184, 0xD184, 0x3698, 0x0000, 0x0000, 0xFFBD, 0xDA27, 0xDA27,
    0xC984, 0xD184, 0xD184, 0xA903, 0x0000, 0x0000, 0x0001, 0x0001, 0x0001, 0x0001, 0x0001, 0x0001, 0x0001, 0x0001, 0x0001, 0x0001,
    0x0001, 0x0001, 0x0001, 0x0001, 0x0001, 0x0001, 0x0001, 0x0001, 0x0001, 0x0001, 0x0001, 0x0000, 0x0000, 0x0000, 0xD164, 0xD184,
    0xD184, 0xDA27, 0xFFBD, 0xFFBD, 0x0000, 0x3698, 0x3698, 0xD184, 0xD184, 0xD184, 0x3698, 0x0000, 0x0000, 0xFFBD, 0xDA27, 0xDA27,
    0xC984, 0xD184, 0xD184, 0xA903, 0x0000, 0x0000, 0x0001, 0x0001, 0x0001, 0x0001, 0x0001, 0x0001, 0x0001, 0x0001, 0x0001, 0x0001,
    0x0001, 0x0001, 0x0001, 0x0001, 0x0001, 0x0001, 0x0001, 0x0001, 0x0001, 0x0001, 0x0001, 0x0000, 0xA8E3, 0xA8E3, 0xE226, 0xD184,
    0xD184, 0xDA27, 0xF365, 0xF365, 0x3698, 0x0000, 0x0000, 0xEB45, 0xEB65, 0xEB65, 0x0000, 0x3698, 0x3698, 0xF365, 0xDA26, 0xDA26,
    0xD184, 0xE226, 0xE226, 0xA903, 0x0000, 0x0000, 0x0001, 0x0001, 0x0001, 0x0001, 0x0001, 0x0001, 0x0001, 0x0001, 0x0001, 0x0001,
    0x0001, 0x0001, 0x0001, 0x0001, 0x0001, 0x0001, 0x0001, 0x0001, 0x0001, 0x0000, 0x0000, 0x0000, 0xA903, 0xA903, 0xD164, 0xEAA8,
    0xEAA8, 0xC984, 0xC984, 0xC984, 0xEB45, 0xEB45, 0xEB45, 0xEB65, 0xEB65, 0xEB65, 0xEB65, 0xEB65, 0xEB65, 0xC984, 0xD164, 0xD164,
    0xEAA8, 0xD184, 0xD184, 0xA903, 0x0000, 0x0000, 0x0000, 0x0001, 0x0001, 0x0001, 0x0001, 0x0001, 0x0001, 0x0001, 0x0001, 0x0001,
    0x0001, 0x0001, 0x0001, 0x0001, 0x0001, 0x0001, 0x0001, 0x0001, 0x0001, 0x0000, 0x0000, 0x0000, 0xA903, 0xA903, 0xD164, 0xEAA8,
    0xEAA8, 0xC984, 0xC984, 0xC984, 0xEB45, 0xEB45, 0xEB45, 0xEB65, 0xEB65, 0xEB65, 0xEB65, 0xEB65, 0xEB65, 0xC984, 0xD164, 0xD164,
    0xEAA8, 0xD184, 0xD184, 0xA903, 0x0000, 0x0000, 0x0000, 0x0001, 0x0001, 0x0001, 0x0001, 0x0001, 0x0001, 0x0001, 0x0001, 0x0001,
    0x0001, 0x0001, 0x0001, 0x0001, 0x0001, 0x0001, 0x0001, 0x0001, 0x0000, 0xF365, 0xF365, 0x0000, 0xA903, 0xA903, 0xD184, 0xD184,
    0xD184, 0xE226, 0xDA26, 0xDA26, 0xEB25, 0xEB45, 0xEB45, 0xEB65, 0xEB45, 0xEB45, 0xEB65, 0xEB25, 0xEB25, 0xDA26, 0xE226, 0xE226,
    0xD184, 0xD184, 0xD184, 0xA903, 0x0000, 0x0000, 0xF365, 0x0000, 0x0000, 0x0001, 0x0001, 0x0001, 0x0001, 0x0001, 0x0001, 0x0001,
    0x0001, 0x0001, 0x0001, 0x0001, 0x0001, 0x0001, 0x0000, 0x0000, 0xA903, 0x0000, 0x0000, 0x0000, 0x0000, 0x0000, 0xA8E3, 0xD184,
    0xD184, 0xD184, 0xDA27, 0xDA27, 0x0000, 0xEB44, 0xEB44, 0xEB45, 0xEB45, 0xEB45, 0xEB45, 0x0000, 0x0000, 0xDA27, 0xD184, 0xD184,
    0xD164, 0xA8E3, 0xA8E3, 0x0000, 0x0000, 0x0000, 0x0000, 0xA903, 0xA903, 0x0000, 0x0001, 0x0001, 0x0001, 0x0001, 0x0001, 0x0001,
    0x0001, 0x0001, 0x0001, 0x0001, 0x0001, 0x0001, 0x0000, 0x0000, 0xA903, 0x0000, 0x0000, 0x0000, 0x0000, 0x0000, 0xA8E3, 0xD184,
    0xD184, 0xD184, 0xDA27, 0xDA27, 0x0000, 0xEB44, 0xEB44, 0xEB45, 0xEB45, 0xEB45, 0xEB45, 0x0000, 0x0000, 0xDA27, 0xD184, 0xD184,
    0xD164, 0xA8E3, 0xA8E3, 0x0000, 0x0000, 0x0000, 0x0000, 0xA903, 0xA903, 0x0000, 0x0001, 0x0001, 0x0001, 0x0001, 0x0001, 0x0001,
    0x0001, 0x0001, 0x0001, 0x0001, 0x0001, 0x0000, 0x78A6, 0x78A6, 0x0000, 0x0000, 0x0000, 0xF365, 0xA8E3, 0xA8E3, 0x0000, 0xA903,
    0xA903, 0xA903, 0xD184, 0xD184, 0xD164, 0x0000, 0x0000, 0x0000, 0x0000, 0x0000, 0x0000, 0xD184, 0xD184, 0xD184, 0xA8E3, 0xA8E3,
    0xA8E3, 0x0000, 0x0000, 0xA8E3, 0xEB65, 0xEB65, 0x0000, 0x0000, 0x0000, 0x78C7, 0x0000, 0x0000, 0x0001, 0x0001, 0x0001, 0x0001,
    0x0001, 0x0001, 0x0001, 0x0001, 0x0001, 0x0000, 0x0000, 0x0000, 0xA0E3, 0xB124, 0xB124, 0xB124, 0xF345, 0xF345, 0xA903, 0x0000,
    0x0000, 0x0000, 0xA903, 0xA903, 0xA903, 0xA8E3, 0xA8E3, 0xA903, 0xA903, 0xA903, 0xA903, 0xA903, 0xA903, 0xA903, 0x0000, 0x0000,
    0x0000, 0xA903, 0xA903, 0xEB45, 0xB124, 0xB124, 0xA903, 0x0000, 0x0000, 0x0000, 0x0000, 0x0000, 0x0001, 0x0001, 0x0001, 0x0001,
    0x0001, 0x0001, 0x0001, 0x0001, 0x0001, 0x0000, 0x0000, 0x0000, 0xA0E3, 0xB124, 0xB124, 0xB124, 0xF345, 0xF345, 0xA903, 0x0000,
    0x0000, 0x0000, 0xA903, 0xA903, 0xA903, 0xA8E3, 0xA8E3, 0xA903, 0xA903, 0xA903, 0xA903, 0xA903, 0xA903, 0xA903, 0x0000, 0x0000,
    0x0000, 0xA903, 0xA903, 0xEB45, 0xB124, 0xB124, 0xA903, 0x0000, 0x0000, 0x0000, 0x0000, 0x0000, 0x0001, 0x0001, 0x0001, 0x0001,
    0x0001, 0x0001, 0x0001, 0x0000, 0x0000, 0xA903, 0xA903, 0xA903, 0xF365, 0xEB45, 0xEB45, 0xF345, 0xEB45, 0xEB45, 0xF365, 0xC964,
    0xC964, 0x0000, 0x0000, 0x0000, 0x0000, 0x0000, 0x0000, 0x0000, 0x0000, 0x0000, 0x0000, 0x0000, 0x0000, 0x0000, 0x0000, 0x0000,
    0xA903, 0xF345, 0xF345, 0xEB45, 0xEB45, 0xEB45, 0xF365, 0xB124, 0xB124, 0x0000, 0xA903, 0xA903, 0x0000, 0x0001, 0x0001, 0x0001,
    0x0001, 0x0001, 0x0001, 0x0000, 0x0000, 0x0000, 0xEAE4, 0xEAE4, 0xF365, 0xEB45, 0xEB45, 0xF345, 0xB944, 0xB944, 0xC964, 0xD184,
    0xD184, 0xA0E3, 0x0000, 0x0000, 0x0000, 0xA903, 0xA903, 0xA903, 0xA903, 0xA903, 0xA903, 0x0000, 0x0000, 0x0000, 0xA903, 0xA903,
    0xF365, 0xEB45, 0xEB45, 0xA0E3, 0xEB45, 0xEB45, 0xF345, 0xF365, 0xF365, 0xC944, 0x0000, 0x0000, 0x0000, 0x0001, 0x0001, 0x0001,
    0x0001, 0x0001, 0x0001, 0x0000, 0x0000, 0x0000, 0xEAE4, 0xEAE4, 0xF365, 0xEB45, 0xEB45, 0xF345, 0xB944, 0xB944, 0xC964, 0xD184,
    0xD184, 0xA0E3, 0x0000, 0x0000, 0x0000, 0xA903, 0xA903, 0xA903, 0xA903, 0xA903, 0xA903, 0x0000, 0x0000, 0x0000, 0xA903, 0xA903,
    0xF365, 0xEB45, 0xEB45, 0xA0E3, 0xEB45, 0xEB45, 0xF345, 0xF365, 0xF365, 0xC944, 0x0000, 0x0000, 0x0000, 0x0001, 0x0001, 0x0001,
    0x0001, 0x0001, 0x0001, 0x0001, 0x0001, 0x0000, 0xEB04, 0xEB04, 0xEB65, 0xEB45, 0xEB45, 0xEB44, 0x0000, 0x0000, 0xC944, 0xD184,
    0xD184, 0xD184, 0x0000, 0x0000, 0x0000, 0xA8E3, 0xA8E3, 0xA8E3, 0xA8E3, 0xA8E3, 0x0000, 0x0000, 0x0000, 0x7086, 0xD184, 0xD184,
    0xD184, 0xB944, 0xB944, 0x0000, 0xF345, 0xF345, 0xEB45, 0xEB45, 0xEB45, 0xC964, 0x0000, 0x0000, 0x0001, 0x0001, 0x0001, 0x0001,
    0x0001, 0x0001, 0x0001, 0x0001, 0x0001, 0x0000, 0xD184, 0xD184, 0x0CC5, 0xC984, 0xC984, 0xC2A3, 0x0000, 0x0000, 0xA903, 0xE9C5,
    0xE9C5, 0xD184, 0x0000, 0x0000, 0x0000, 0x0000, 0x0000, 0xA8E3, 0xA8E3, 0xA8E3, 0x0000, 0x0000, 0x0000, 0xA0E3, 0xD186, 0xD186,
    0xB124, 0x0000, 0x0000, 0xA0C3, 0xD164, 0xD164, 0x0D25, 0xD184, 0xD184, 0xD184, 0x0000, 0x0000, 0x0001, 0x0001, 0x0001, 0x0001,
    0x0001, 0x0001, 0x0001, 0x0001, 0x0001, 0x0000, 0xD184, 0xD184, 0x0CC5, 0xC984, 0xC984, 0xC2A3, 0x0000, 0x0000, 0xA903, 0xE9C5,
    0xE9C5, 0xD184, 0x0000, 0x0000, 0x0000, 0x0000, 0x0000, 0xA8E3, 0xA8E3, 0xA8E3, 0x0000, 0x0000, 0x0000, 0xA0E3, 0xD186, 0xD186,
    0xB124, 0x0000, 0x0000, 0xA0C3, 0xD164, 0xD164, 0x0D25, 0xD184, 0xD184, 0xD184, 0x0000, 0x0000, 0x0001, 0x0001, 0x0001, 0x0001,
    0x0001, 0x0001, 0x0001, 0x0001, 0x0001, 0x0000, 0xA8E3, 0xA8E3, 0xEB04, 0xD1A4, 0xD1A4, 0x9246, 0x0000, 0x0000, 0x7086, 0x98E5,
    0x98E5, 0xD184, 0x0000, 0x0000, 0x0001, 0x0001, 0x0001, 0x0001, 0x0001, 0x0001, 0x0001, 0x0000, 0x0000, 0xA0C3, 0xD186, 0xD186,
    0x70A6, 0x0000, 0x0000, 0x7086, 0xD184, 0xD184, 0xF365, 0xD184, 0xD184, 0xA8E3, 0x0000, 0x0000, 0x0001, 0x0001, 0x0001, 0x0001,
    0x0001, 0x0001, 0x0001, 0x0001, 0x0001, 0x0001, 0x0000, 0x0000, 0xD2A4, 0xC984, 0xC984, 0x9A86, 0x0000, 0x0000, 0x0000, 0xC144,
    0xC144, 0xA903, 0x0000, 0x0000, 0x0001, 0x0001, 0x0001, 0x0001, 0x0001, 0x0001, 0x0001, 0x0001, 0x0001, 0x0000, 0xA8E5, 0xA8E5,
    0x0000, 0x0000, 0x0000, 0x5804, 0xD184, 0xD184, 0xEB45, 0xA103, 0xA103, 0x0000, 0x0001, 0x0001, 0x0001, 0x0001, 0x0001, 0x0001,
    0x0001, 0x0001, 0x0001, 0x0001, 0x0001, 0x0001, 0x0000, 0x0000, 0xD2A4, 0xC984, 0xC984, 0x9A86, 0x0000, 0x0000, 0x0000, 0xC144,
    0xC144, 0xA903, 0x0000, 0x0000, 0x0001, 0x0001, 0x0001, 0x0001, 0x0001, 0x0001, 0x0001, 0x0001, 0x0001, 0x0000, 0xA8E5, 0xA8E5,
    0x0000, 0x0000, 0x0000, 0x5804, 0xD184, 0xD184, 0xEB45, 0xA103, 0xA103, 0x0000, 0x0001, 0x0001, 0x0001, 0x0001, 0x0001, 0x0001,
    0x0001, 0x0001, 0x0001, 0x0001, 0x0001, 0x0001, 0x0001, 0x0001, 0x0000, 0xA8E3, 0xA8E3, 0xA903, 0x0000, 0x0000, 0x0000, 0x0000,
    0x0000, 0x0000, 0x0001, 0x0001, 0x0001, 0x0001, 0x0001, 0x0001, 0x0001, 0x0001, 0x0001, 0x0001, 0x0001, 0x0001, 0x0000, 0x0000,
    0x0000, 0x0000, 0x0000, 0x78C7, 0xA0E3, 0xA0E3, 0xA103, 0x0000, 0x0000, 0x0001, 0x0001, 0x0001, 0x0001, 0x0001, 0x0001, 0x0001,
    0x0001, 0x0001, 0x0001, 0x0001, 0x0001, 0x0001, 0x0001, 0x0001, 0x0001, 0x0000, 0x0000, 0x0000, 0x0000, 0x0000, 0x0001, 0x0001,
    0x0001, 0x0001, 0x0001, 0x0001, 0x0001, 0x0001, 0x0001, 0x0001, 0x0001, 0x0001, 0x0001, 0x0001, 0x0001, 0x0001, 0x0001, 0x0001,
    0x0001, 0x0001, 0x0001, 0x0000, 0x0000, 0x0000, 0x0000, 0x0001, 0x0001, 0x0001, 0x0001, 0x0001, 0x0001, 0x0001, 0x0001, 0x0001,
    0x0001, 0x0001, 0x0001, 0x0001, 0x0001, 0x0001, 0x0001, 0x0001, 0x0001, 0x0000, 0x0000, 0x0000, 0x0000, 0x0000, 0x0001, 0x0001,
    0x0001, 0x0001, 0x0001, 0x0001, 0x0001, 0x0001, 0x0001, 0x0001, 0x0001, 0x0001, 0x0001, 0x0001, 0x0001, 0x0001, 0x0001, 0x0001,
    0x0001, 0x0001, 0x0001, 0x0000, 0x0000, 0x0000, 0x0000, 0x0001, 0x0001, 0x0001, 0x0001, 0x0001, 0x0001, 0x0001, 0x0001, 0x0001,
    0x0001, 0x0001, 0x0001, 0x0001, 0x0001, 0x0001, 0x0001, 0x0001, 0x0001, 0x0001, 0x0001, 0x0001, 0x0001, 0x0001, 0x0001, 0x0001,
    0x0001, 0x0001, 0x0001, 0x0001, 0x0001, 0x0001, 0x0001, 0x0001, 0x0001, 0x0001, 0x0001, 0x0001, 0x0001, 0x0001, 0x0001, 0x0001,
    0x0001, 0x0001, 0x0001, 0x0001, 0x0001, 0x0001, 0x0001, 0x0001, 0x0001, 0x0001, 0x0001, 0x0001, 0x0001, 0x0001, 0x0001, 0x0001,
    0x0001, 0x0001, 0x0001, 0x0001, 0x0001, 0x0001, 0x0001, 0x0001, 0x0001, 0x0001, 0x0001, 0x0001, 0x0001, 0x0001, 0x0001, 0x0001,
    0x0001, 0x0001, 0x0001, 0x0001, 0x0001, 0x0001, 0x0001, 0x0001, 0x0001, 0x0001, 0x0001, 0x0001, 0x0001, 0x0001, 0x0001, 0x0001,
    0x0001, 0x0001, 0x0001, 0x0001, 0x0001, 0x0001, 0x0001, 0x0001, 0x0001, 0x0001, 0x0001, 0x0001, 0x0001, 0x0001, 0x0001, 0x0001,
    0x0001, 0x0001, 0x0001, 0x0001, 0x0001, 0x0001, 0x0001, 0x0001, 0x0001, 0x0001, 0x0001, 0x0001, 0x0001, 0x0001, 0x0001, 0x0001,
    0x0001, 0x0001, 0x0001, 0x0001, 0x0001, 0x0001, 0x0001, 0x0001, 0x0001, 0x0001, 0x0001, 0x0001, 0x0001, 0x0001, 0x0001, 0x0001,
    0x0001, 0x0001, 0x0001, 0x0001, 0x0001, 0x0001, 0x0001, 0x0001, 0x0001, 0x0001, 0x0001, 0x0001, 0x0001, 0x0001, 0x0001, 0x0001,
    0x0001, 0x0001, 0x0001, 0x0001, 0x0001, 0x0001, 0x0001, 0x0001, 0x0001, 0x0001, 0x0001, 0x0001, 0x0001, 0x0001, 0x0001, 0x0001,
    0x0001, 0x0001, 0x0001, 0x0001, 0x0001, 0x0001, 0x0001, 0x0001, 0x0001, 0x0001, 0x0001, 0x0001, 0x0001, 0x0001, 0x0001, 0x0001,
    0x0001, 0x0001, 0x0001, 0x0001, 0x0001, 0x0001, 0x0001, 0x0001, 0x0001, 0x0001, 0x0001, 0x0001, 0x0001, 0x0001, 0x0001, 0x0001,
    0x0001, 0x0001, 0x0001, 0x0001, 0x0001, 0x0001, 0x0001, 0x0001, 0x0001, 0x0001, 0x0001, 0x0001, 0x0001, 0x0001, 0x0001, 0x0001,
    0x0001, 0x0001, 0x0001, 0x0001, 0x0001, 0x0001, 0x0001, 0x0001, 0x0001, 0x0001, 0x0001, 0x0001, 0x0001, 0x0001, 0x0001, 0x0001,
    0x0001, 0x0001, 0x0001, 0x0001, 0x0001, 0x0001, 0x0001, 0x0001, 0x0001, 0x0001, 0x0001, 0x0001, 0x0001, 0x0001, 0x0001, 0x0001,
    0x0001, 0x0001, 0x0001, 0x0001, 0x0001, 0x0001, 0x0001, 0x0001, 0x0001, 0x0001, 0x0001, 0x0001, 0x0001, 0x0001, 0x0001, 0x0001,
    0x0001, 0x0001, 0x0001, 0x0001, 0x0001, 0x0001, 0x0001, 0x0001, 0x0001, 0x0001, 0x0001, 0x0001, 0x0001, 0x0001, 0x0001, 0x0001,
    0x0001, 0x0001, 0x0001, 0x0001, 0x0001, 0x0001, 0x0001, 0x0001, 0x0001, 0x0001, 0x0001, 0x0001, 0x0001, 0x0001, 0x0001, 0x0001,
    0x0001, 0x0001, 0x0001, 0x0001, 0x0001, 0x0001, 0x0001, 0x0001, 0x0001, 0x0001, 0x0001, 0x0001, 0x0001, 0x0001, 0x0001, 0x0001,
    0x0001, 0x0001, 0x0001, 0x0001, 0x0001, 0x0001, 0x0001, 0x0001, 0x0001, 0x0001, 0x0001, 0x0001, 0x0001, 0x0001, 0x0001, 0x0001,
    0x0001, 0x0001, 0x0001, 0x0001, 0x0001, 0x0001, 0x0001, 0x0001, 0x0001, 0x0001, 0x0001, 0x0001, 0x0001, 0x0001, 0x0001, 0x0001
  }
};

static_assert(sizeof(STATUS_RECOVERY_FRAMES) ==
              STATUS_RECOVERY_FRAME_COUNT * STATUS_ICON_WIDTH * STATUS_ICON_HEIGHT * sizeof(uint16_t));
